Allstate,KUUX 856168945,840.188,1
FreewayInsurance,ITHO 277796232,394.383,2
Aflac,QJNY 529657346,783.099,3
Aflac,QSDP 924575560,798.44,4
Allstate,GDUE 114670514,911.647,5
StateFarm,DCZF 460849954,197.551,6
FreewayInsurance,VPHQ 561639154,335.223,7
Aflac,MZHU 571858470,768.23,8
StateFarm,UKXH 574070481,277.775,9
Adriana'sInsurance,VXBY 417212512,553.97,10
FreewayInsurance,CERX 573395814,477.397,11
Adriana'sInsurance,BALB 414003641,628.871,12
FreewayInsurance,ZXWG 314451958,364.784,13
Adriana'sInsurance,JTNR 585784306,513.401,14
Allstate,BLYY 578445790,952.23,15
Allstate,HTQJ 748857108,916.195,16
Adriana'sInsurance,ELWV 719075250,635.712,17
Aflac,FXJR 397303416,717.297,18
Geico,PRWL 960821427,141.603,19
Adriana'sInsurance,KVRX 931572809,606.969,20
Geico,FYXD 534241590,16.3006,21
StateFarm,QLQH 892955952,242.887,22
Geico,HLFE 807401887,137.232,23
Aflac,OKEX 348611204,804.177,24
Geico,DMTZ 192854069,156.679,25
FreewayInsurance,RJTJ 941503587,400.944,26
Geico,GPGD 364744325,129.79,27
Geico,DUET 758933663,108.809,28
Allstate,YBNE 167076820,998.925,29
StateFarm,UTRZ 316056135,218.257,30
Adriana'sInsurance,TCDN 675512510,512.932,31
Allstate,BFLV 170408927,839.112,32
Adriana'sInsurance,TBEZ 615986765,612.64,33
StateFarm,XDZB 283895749,296.032,34
Adriana'sInsurance,BAXP 883485878,637.552,35
Adriana'sInsurance,EKXV 262335039,524.287,36
FreewayInsurance,OPLR 423185831,493.583,37
Allstate,NTHZ 189676057,972.775,38
StateFarm,WTQA 619274001,292.517,39
Aflac,VYWV 773022579,771.358,40
Adriana'sInsurance,TXZR 981490715,526.745,41
Aflac,EVXC 547532666,769.914,42
FreewayInsurance,GQFS 684736287,400.229,43
Allstate,IGBQ 385180423,891.529,44
StateFarm,QNZH 301290771,283.315,45
FreewayInsurance,SCMP 591496189,352.458,46
Aflac,LIWL 949886286,807.725,47
Allstate,IPVG 102908313,919.026,48
Geico,MMHS 707928382,69.7553,49
Allstate,QBKS 264300208,949.327,50
Adriana'sInsurance,QJEP 706542846,525.995,51
Geico,SITF 664442097,86.0558,52
StateFarm,RQGN 928822920,192.214,53
Adriana'sInsurance,GWRC 178879265,663.227,54
Allstate,JOPR 200148068,890.233,55
FreewayInsurance,UHIE 359899997,348.893,56
Geico,AVIE 985926882,64.1713,57
Geico,YXTS 492847297,20.023,58
FreewayInsurance,RJUY 209028845,457.702,59
Geico,WFUO 924645620,63.0958,60
StateFarm,XXWM 367559607,238.28,61
Allstate,EHWM 618579593,970.634,62
Allstate,WMHE 517295935,902.208,63
Allstate,SDPM 715760594,850.92,64
StateFarm,SEFM 854320242,266.666,65
Adriana'sInsurance,DJIY 209132905,539.76,66
FreewayInsurance,QVVM 917636188,375.207,67
Aflac,KRPG 401474521,760.249,68
Adriana'sInsurance,BCQJ 236106986,512.535,69
Aflac,ICLY 359442568,667.724,70
Adriana'sInsurance,GRTM 625213268,531.606,71
Geico,WQNF 241544905,39.2803,72
FreewayInsurance,LVKG 601804551,437.638,73
Allstate,SQZI 393412116,931.835,74
Allstate,DKAU 907804239,930.81,75
Aflac,HCWS 796947611,720.952,76
StateFarm,LZSF 144246214,284.293,77
Aflac,WCCJ 526504579,738.534,78
Adriana'sInsurance,RVDB 371586791,639.979,79
FreewayInsurance,LURL 148080065,354.049,80
Aflac,PPNP 207200152,687.861,81
Geico,HXME 425725156,165.974,82
FreewayInsurance,NQPG 648756203,440.105,83
Allstate,BCYE 846827469,880.075,84
Aflac,FVHJ 533560018,829.201,85
StateFarm,IVRA 890449926,330.337,86
StateFarm,UQVI 331722010,228.968,87
Allstate,FPCR 298908427,893.372,88
FreewayInsurance,SFKI 804036044,350.36,89
Aflac,GKNE 490607711,686.67,90
Allstate,AJJH 599857962,956.468,91
Adriana'sInsurance,GQOX 763666957,588.64,92
Adriana'sInsurance,VSIQ 717387727,657.304,93
Allstate,NVQQ 105404295,858.676,94
FreewayInsurance,KJSU 566663387,439.56,95
Allstate,DABR 710031125,923.97,96
FreewayInsurance,QSOA 268854770,398.437,97
Aflac,HGRW 105138227,814.767,98
Aflac,IRWQ 263045091,684.219,99
Allstate,XEEN 381906596,910.972,100
FreewayInsurance,RXEK 846061576,482.491,101
StateFarm,WOTY 735460058,215.825,102
Allstate,YOYM 309806997,950.252,103
Allstate,YUVP 597311569,920.128,104
Geico,ZYIW 691480817,147.66,105
Allstate,QTUU 630241016,881.062,106
Adriana'sInsurance,PMEU 336506117,641.081,107
FreewayInsurance,WRKP 878576951,431.953,108
Adriana'sInsurance,QODP 637209106,619.596,109
StateFarm,SNVN 129667056,281.059,110
Aflac,MNBV 201383146,786.002,111
StateFarm,QLDK 446192567,307.458,112
FreewayInsurance,KASO 322329285,447.034,113
StateFarm,PLMZ 831652311,226.107,114
StateFarm,BQPF 152850919,187.533,115
StateFarm,QYTM 297809052,276.235,116
Adriana'sInsurance,WYYX 494705617,556.444,117
FreewayInsurance,INFM 790312302,416.501,118
StateFarm,MWZE 954838293,169.607,119
Allstate,UTXG 512235087,906.804,120
Geico,ZIKO 785451199,103.171,121
Geico,QEMJ 599003346,126.075,122
FreewayInsurance,XFPW 688491925,495.444,123
Aflac,JFQP 198799919,760.475,124
Allstate,PBOO 708898567,984.752,125
Allstate,AIAY 318363254,935.004,126
Aflac,UXYE 641284069,684.445,127
FreewayInsurance,MUQZ 503183373,383.188,128
Aflac,HWJX 239802742,749.771,129
FreewayInsurance,MHYD 772873983,368.664,130
StateFarm,QSYE 879111116,294.16,131
StateFarm,EFQE 354055384,232.262,132
Adriana'sInsurance,FYAE 214002318,584.489,133
StateFarm,MQXC 207990388,244.413,134
Geico,BKML 652804034,152.39,135
Aflac,GXOE 363859635,732.149,136
Geico,LVTJ 131244719,125.475,137
Aflac,ANFR 998172905,793.47,138
Geico,IXQI 729808445,164.102,139
Aflac,TUSR 145151096,745.071,140
Geico,ITHV 913768421,74.5298,141
Allstate,PBCE 270157251,950.104,142
Geico,DPBX 319733751,52.5293,143
Adriana'sInsurance,BYMG 950951467,521.563,144
StateFarm,EPMV 628310084,176.211,145
StateFarm,NPSF 933460788,240.062,146
Aflac,QNAY 337754690,797.798,147
Aflac,FNKH 412791357,732.654,148
Adriana'sInsurance,QLGS 711913379,656.564,149
Allstate,FTGR 399602841,967.405,150
Adriana'sInsurance,VWPI 114559728,639.458,151
Aflac,NWGG 701164142,759.735,152
Geico,NXPN 165912092,93.4805,153
Geico,YTIJ 839197705,134.902,154
Adriana'sInsurance,AAMH 139523773,520.21,155
Geico,VNMC 737436205,78.2321,156
Geico,MYBC 271885193,69.9064,157
StateFarm,SPCZ 320372473,204.655,158
FreewayInsurance,EMTU 880722161,461.42,159
Aflac,PTTX 106282103,819.677,160
Adriana'sInsurance,UYCH 186763708,573.319,161
Aflac,VCTH 315388700,755.581,162
Geico,YTCZ 255970566,51.9388,163
Geico,ISLL 860745694,157.807,164
Allstate,IPDC 688625770,999.994,165
StateFarm,DRCW 440197434,204.329,166
Allstate,FRNI 624204665,889.956,167
Geico,TDAN 948899879,125.468,168
Allstate,FLEI 459369907,997.799,169
Geico,AQDM 490382577,54.0576,170
Allstate,UURX 175766179,870.54,171
Geico,BBNE 880477612,72.3288,172
Geico,CKPQ 935079201,4.16161,173
Allstate,OKVP 730305647,923.069,174
Adriana'sInsurance,FUJJ 929395906,593.892,175
StateFarm,VKTY 187741517,180.372,176
Geico,VSQN 864344447,163.131,177
FreewayInsurance,NPRA 662192342,391.69,178
Allstate,PDDF 780350947,913.027,179
Aflac,VTER 799669215,819.695,180
FreewayInsurance,CXCM 381690591,359.095,181
Adriana'sInsurance,FHRY 343288452,552.485,182
Adriana'sInsurance,NUYD 299725784,579.43,183
FreewayInsurance,OQWG 365141170,452.576,184
Aflac,QVVU 706596458,687.387,185
Geico,PQTU 125607284,99.6401,186
Adriana'sInsurance,BWEE 355860352,530.808,187
Aflac,LJQC 423807263,757.294,188
StateFarm,WPCU 393140302,304.295,189
Allstate,KJKH 774747017,992.228,190
Adriana'sInsurance,BXLW 639680005,576.971,191
Allstate,LMHF 707364605,877.614,192
Aflac,OHDT 321464084,747.809,193
Adriana'sInsurance,MFWD 532139950,628.91,194
Geico,EAXH 363854328,35.4209,195
Aflac,QREB 827755095,747.803,196
Aflac,UCWF 963744755,833.239,197
Allstate,NRMV 994776374,925.377,198
Allstate,SKFV 903091422,873.271,199
Aflac,RIJN 239239455,831.038,200
Allstate,QSLO 511515693,979.434,201
Aflac,GESL 105258872,743.811,202
Allstate,QFJN 312723801,903.366,203
Allstate,IBCV 483770402,983.596,204
Aflac,ZNHE 891111327,666.88,205
FreewayInsurance,LWRU 423322009,497.259,206
Geico,DLCP 447668786,163.968,207
Aflac,CWEU 970924700,830.012,208
Allstate,KLNT 381868303,888.949,209
Geico,YCAB 973037877,76.9947,210
Adriana'sInsurance,XBKE 908094800,649.707,211
StateFarm,UQBL 297868021,248.044,212
Adriana'sInsurance,LPVO 468080246,629.48,213
StateFarm,URBZ 282009102,229.137,214
Aflac,JJYX 527647486,700.62,215
StateFarm,XWEX 192919216,316.867,216
StateFarm,CVZN 935809920,328.777,217
StateFarm,EHQG 104253861,231.428,218
Geico,ASJW 773810529,74.161,219
Adriana'sInsurance,ORYQ 356634260,633.072,220
StateFarm,LAZJ 674025614,223.656,221
Adriana'sInsurance,CGUH 932877567,651.132,222
Adriana'sInsurance,SJAS 267425684,510.686,223
Allstate,AXEQ 900559783,971.466,224
StateFarm,YRWH 233407226,280.042,225
Adriana'sInsurance,EVFC 592950556,546.107,226
Aflac,WOLW 507413041,719.269,227
Geico,KYEE 918560719,113.281,228
FreewayInsurance,JXQJ 322451086,471.483,229
Adriana'sInsurance,NJNS 653941904,592.54,230
Allstate,QQSN 116197909,944.318,231
FreewayInsurance,GRSM 905818347,450.918,232
FreewayInsurance,EIIQ 809408214,336.351,233
Allstate,GADK 263802568,847.684,234
FreewayInsurance,KUDA 291041797,434.513,235
Geico,TNNG 230451565,3.23146,236
FreewayInsurance,OXVG 302178930,344.943,237
Adriana'sInsurance,TMCM 475456238,598.481,238
Aflac,WQGF 947118598,833.243,239
StateFarm,LLHP 350204181,233.892,240
Aflac,NZQQ 888338785,675.476,241
FreewayInsurance,UKNI 986481674,482.95,242
FreewayInsurance,TWNP 672990712,481.936,243
StateFarm,YIOB 189666409,304.956,244
Aflac,NYLU 808477169,712.087,245
StateFarm,SGPA 224960463,182.556,246
Adriana'sInsurance,MNUD 837191459,621.823,247
Geico,UYOH 250516984,40.8643,248
FreewayInsurance,FACS 323166081,413.984,249
Aflac,FRYU 654305016,695.984,250
Aflac,SHQE 749386001,673.936,251
Adriana'sInsurance,UWIJ 181116732,637.64,252
FreewayInsurance,DWKY 880589335,347.116,253
StateFarm,OSXC 983307930,184.622,254
Adriana'sInsurance,EIAG 100042189,609.106,255
Adriana'sInsurance,QMSP 131535050,627.158,256
Aflac,LIOC 340420938,730.729,257
StateFarm,RWIZ 521366158,328.374,258
Aflac,FDCP 321828091,740.438,259
StateFarm,CDTZ 154412988,202.213,260
Allstate,TDOU 330839666,920.914,261
Aflac,PLXI 470396060,684.757,262
Adriana'sInsurance,ETJS 131967366,653.13,263
StateFarm,VKSD 844853139,257.265,264
Adriana'sInsurance,YINB 441886985,532.441,265
Geico,ODBI 932786634,87.6436,266
StateFarm,ICGX 200984815,260.497,267
Allstate,RMJO 916341806,877.384,268
Aflac,KSOT 820116459,686.125,269
Geico,JOVB 502188409,93.7402,270
Geico,FABS 733213610,111.276,271
FreewayInsurance,ZHEA 141861402,361.601,272
Adriana'sInsurance,HJTN 670169952,576.691,273
Adriana'sInsurance,QFTA 324335830,593.211,274
Adriana'sInsurance,NKMC 788432193,666.557,275
StateFarm,YLRT 220192984,288.778,276
Aflac,KZNL 574144290,775.767,277
StateFarm,PKAT 746000628,288.379,278
StateFarm,QAUK 500711196,329.642,279
StateFarm,BAUU 611541461,189.751,280
Allstate,OILA 132864437,984.363,281
Geico,OYWG 472358646,3.57857,282
Aflac,KQSY 745761210,827.391,283
StateFarm,LNML 180486747,331.479,284
StateFarm,YCHT 335695043,188.201,285
FreewayInsurance,WUNQ 526656304,436.497,286
Allstate,OEYZ 637256933,958.637,287
Allstate,INDF 275984259,918.93,288
Aflac,WPLO 813309573,764.871,289
Aflac,NZBA 591599713,699.075,290
Geico,IZNP 489206444,121.143,291
Aflac,ZMNN 750138960,685.786,292
FreewayInsurance,DBHB 198178299,383.832,293
Aflac,MKOQ 118777524,774.273,294
Allstate,JMFU 643069999,943.051,295
Allstate,TIBV 148792637,916.273,296
Allstate,MDIZ 420545765,861.917,297
StateFarm,BZFP 780528598,203.548,298
Aflac,ISOQ 544448192,793.657,299
Adriana'sInsurance,OCDD 777641695,548.042,300
StateFarm,TMFZ 753529804,297.288,301
Allstate,GSPI 338097293,904.932,302
Allstate,YURH 592851663,909.643,303
Allstate,LIUR 813695167,873.979,304
FreewayInsurance,HAPV 915856756,498.144,305
Adriana'sInsurance,JJTN 674818347,576.2,306
Geico,MGZR 550016738,162.757,307
StateFarm,GYYV 293559523,273.911,308
Allstate,MUBE 332431184,864.579,309
FreewayInsurance,VQJQ 143943231,492.399,310
FreewayInsurance,HXIX 372002298,463.662,311
Allstate,YGCS 756012424,848.942,312
FreewayInsurance,PEAP 783794137,495.977,313
StateFarm,FVUE 859504269,291.053,314
StateFarm,BRKC 677069332,180.421,315
Aflac,MYLV 851545120,684.178,316
Aflac,TDMC 616792335,727.55,317
Geico,FAHI 113326205,139.058,318
Adriana'sInsurance,AYXB 761632612,603.109,319
FreewayInsurance,TGIN 560247722,492.422,320
Allstate,ZPCJ 491694228,838.134,321
Aflac,YVQK 710516325,724.252,322
StateFarm,FDUR 715449503,178.208,323
StateFarm,VXGC 307609625,221.966,324
FreewayInsurance,ADDX 293317649,498.525,325
Geico,RQLZ 244121220,121.259,326
Geico,WYTY 262086674,138.238,327
FreewayInsurance,LWEB 400448690,360.443,328
StateFarm,WGKR 340846565,324.807,329
Allstate,QMVX 943078173,931.895,330
Allstate,BXSE 621968930,908.485,331
Adriana'sInsurance,WWMH 840587560,622.095,332
Allstate,QDUK 849002327,836.828,333
Aflac,DWZH 193897841,818.128,334
FreewayInsurance,GEER 917297730,496.074,335
FreewayInsurance,CIIY 844350054,334.972,336
FreewayInsurance,XZEP 310997142,394.327,337
Adriana'sInsurance,ZLAL 249293585,658.831,338
Adriana'sInsurance,VCXQ 768360337,608.883,339
StateFarm,ZTJZ 556799501,258.906,340
Geico,GGFL 140491908,151.23,341
Geico,ANFJ 914084671,72.545,342
Geico,LGLP 514691447,107.848,343
Adriana'sInsurance,PPHQ 855880973,647.207,344
FreewayInsurance,AMDY 131512457,363.598,345
StateFarm,QYVZ 183240346,288.27,346
StateFarm,XGDC 918716987,331.386,347
Geico,BDFH 718790953,91.1486,348
FreewayInsurance,RSSC 520776367,427.328,349
Allstate,OSYW 405758674,934.495,350
Adriana'sInsurance,ZWUC 398963841,583.57,351
StateFarm,XTTS 833677146,265.461,352
Adriana'sInsurance,QPZU 757834797,658.747,353
Aflac,RVVX 733074621,761.778,354
FreewayInsurance,HOVA 205295069,487.427,355
Geico,EOKC 718564454,157.272,356
Allstate,TBHN 460482543,883.037,357
Adriana'sInsurance,CKXV 253737407,625.665,358
Adriana'sInsurance,QMTQ 230034085,517.715,359
StateFarm,MHDH 363299783,207.844,360
Adriana'sInsurance,GOUC 279944341,557.561,361
FreewayInsurance,LHDW 621257961,426.199,362
Aflac,NPMV 459156067,829.939,363
FreewayInsurance,QXOO 216588148,394.388,364
StateFarm,REGL 785954258,244.327,365
StateFarm,OXDR 834314824,326.013,366
Aflac,IYUC 276481739,729.36,367
Adriana'sInsurance,JOIM 139925668,638.654,368
Allstate,SAAF 476152392,984.845,369
FreewayInsurance,DWTS 853544602,338.243,370
Allstate,NJPU 461192547,897.56,371
Geico,KITN 849755471,136.075,372
FreewayInsurance,YWYS 113899482,410.788,373
Geico,ABMI 947179827,5.40855,374
Aflac,XBOY 594334946,783.282,375
Aflac,KCDE 340820624,774.386,376
StateFarm,NREC 794122880,293.678,377
Geico,ZNUT 510546239,114.668,378
Allstate,URXT 137148441,865.535,379
Aflac,VTLI 446085300,721.006,380
Geico,ZGEO 185430670,49.1625,381
FreewayInsurance,LZGO 252773383,449.105,382
Allstate,ABVE 219160198,986.467,383
Aflac,GERB 253331329,707.909,384
StateFarm,SWOP 905239767,210.883,385
FreewayInsurance,YLJK 646683880,473.894,386
Allstate,MKAQ 793537129,865.181,387
Geico,EBYL 967823552,93.9195,388
Geico,BLQW 631677762,99.5593,389
FreewayInsurance,VDUN 658052537,382.896,390
StateFarm,RGBG 279655525,301.763,391
Adriana'sInsurance,RFHA 864020957,657.12,392
Aflac,BMZB 635935839,809.095,393
Geico,YGEX 199384348,131.702,394
Geico,TYDK 712161670,51.5083,395
Geico,TFZN 856808851,53.4223,396
FreewayInsurance,EFZG 758744631,457.716,397
Aflac,VXQC 505104931,780.868,398
Aflac,GEKG 928431549,692.076,399
FreewayInsurance,NFNR 322687459,442.56,400
Geico,ELBH 177446495,119.111,401
Adriana'sInsurance,XBBW 844934652,589.637,402
Adriana'sInsurance,UBUT 623513968,578.635,403
Adriana'sInsurance,GOFW 373667867,529.899,404
Adriana'sInsurance,DDWN 705942425,595.045,405
FreewayInsurance,CBOP 423052769,361.917,406
StateFarm,QUDR 753567982,304.285,407
Allstate,ZODA 174310957,888.723,408
FreewayInsurance,SVNN 504875746,476.585,409
StateFarm,VTDA 609112843,169.82,410
Adriana'sInsurance,UDTQ 663490757,609.729,411
Adriana'sInsurance,CTSR 700803502,525.747,412
Adriana'sInsurance,LHCP 405035656,618.925,413
Adriana'sInsurance,FOOI 985147281,596.196,414
StateFarm,ABLN 646648006,233.656,415
Aflac,ZIHD 599400054,829.808,416
Geico,YXMR 424549230,70.0902,417
Geico,EUIW 615461485,98.8374,418
Allstate,RITU 499941245,923.728,419
StateFarm,SZMH 928084417,169.65,420
FreewayInsurance,CHJN 370247094,481.733,421
StateFarm,XNDF 829711914,225.491,422
Aflac,NDOA 670909625,826.769,423
StateFarm,DEPL 820636997,290.829,424
FreewayInsurance,ACKU 155859926,357.193,425
Allstate,HMVU 885557008,878.278,426
FreewayInsurance,DXBM 802888489,344.251,427
Aflac,WKYA 488266676,814.909,428
Adriana'sInsurance,POSD 638897685,659.146,429
Geico,NGTC 602625767,36.3274,430
StateFarm,UDVE 742809691,257.469,431
Aflac,RMKN 919235397,778.257,432
Adriana'sInsurance,ERFG 367282140,625.964,433
Allstate,QDOP 245344175,836.104,434
StateFarm,EESW 255905290,308.157,435
StateFarm,HKOA 369106076,221.009,436
StateFarm,HVRC 566070359,198.021,437
Adriana'sInsurance,OUMZ 101901743,612.442,438
Geico,UEZZ 385250537,109.733,439
Aflac,DQOS 481565546,674.605,440
Aflac,TWJL 288758673,782.262,441
Aflac,RTDG 769950601,719.462,442
StateFarm,RNOI 775024336,200.352,443
FreewayInsurance,OXKB 653373174,401.188,444
StateFarm,SWAS 881626670,315.658,445
FreewayInsurance,LWMA 867591763,434.009,446
StateFarm,RTLB 605746797,230.996,447
FreewayInsurance,ETYI 293530084,385.748,448
Adriana'sInsurance,SZMG 972376999,532.846,449
Geico,CVFN 385792845,154.724,450
Adriana'sInsurance,CFTC 906244903,555.398,451
Geico,POUC 935742655,14.5793,452
FreewayInsurance,IUJU 631465844,380.215,453
FreewayInsurance,OYON 858906714,382.167,454
StateFarm,OFGA 334866643,305.408,455
Aflac,ODIU 530097877,737.408,456
StateFarm,FWWY 673214592,260.445,457
Adriana'sInsurance,UOOO 974852713,649.659,458
Adriana'sInsurance,DXLM 687547892,552.316,459
Allstate,HBQW 719559539,919.591,460
Aflac,XKUD 602458125,685.986,461
Aflac,GSOO 486776154,809.785,462
Aflac,FTJB 542092382,697.848,463
StateFarm,IWHW 751454174,311.95,464
Adriana'sInsurance,YZIJ 476906570,645.889,465
Geico,AQNQ 529590463,6.00477,466
Adriana'sInsurance,COXW 552833286,532.96,467
Allstate,ICKX 715107843,843.91,468
Adriana'sInsurance,XCLG 694272220,618.447,469
Adriana'sInsurance,DOAL 238037560,642.693,470
Adriana'sInsurance,KJKT 481398869,518.515,471
FreewayInsurance,XUKK 778041227,400.709,472
FreewayInsurance,XNZV 490318709,362.154,473
Aflac,RDLB 416666148,718.867,474
Aflac,CYDO 129461605,801.897,475
Aflac,HRTH 257946511,677.812,476
Geico,ESNP 212889885,152.876,477
Geico,GMGR 509929055,32.8927,478
Geico,ROKQ 906423259,63.5606,479
Aflac,THNF 439639456,685.722,480
StateFarm,OIHR 422854668,187.616,481
Adriana'sInsurance,MYOF 867360008,618.958,482
Aflac,RJYE 312877939,700.301,483
Adriana'sInsurance,KLKQ 951047419,567.831,484
Geico,IHRS 180922291,1.12548,485
Geico,AMGO 948983408,5.70914,486
StateFarm,PCZX 696592336,305.239,487
StateFarm,VJTJ 799642195,261.57,488
Adriana'sInsurance,ZAYX 627842024,655.368,489
Allstate,XHQI 285389700,857.555,490
StateFarm,SQFJ 933236711,181.161,491
FreewayInsurance,EKVK 417653544,341.354,492
Aflac,MABL 974974597,667.341,493
Allstate,WHHP 934519480,879.009,494
Adriana'sInsurance,XORV 688869441,653.305,495
StateFarm,XTTN 514481847,313.23,496
Allstate,RGSX 158557163,885.014,497
StateFarm,BBBW 673262687,186.265,498
Geico,AJNC 540690293,157.139,499
Adriana'sInsurance,LYCT 824058788,503.461,500
Aflac,TQCL 584384213,828.957,501
Aflac,OIFI 533896687,675.654,502
Allstate,HZCZ 873395724,904.17,503
StateFarm,TBZU 913295718,191.112,504
FreewayInsurance,MVHZ 931616377,394.521,505
Aflac,CKXE 944043755,706.067,506
Allstate,LXUN 247291098,868.924,507
Adriana'sInsurance,HBRN 409147413,547.397,508
Aflac,NUJQ 448303112,738.959,509
Allstate,HKWG 815983616,932.485,510
StateFarm,UTAB 282078933,233.119,511
Allstate,ZDDW 741087840,926.576,512
Adriana'sInsurance,HHFC 361719455,551.443,513
Allstate,OJXF 837096716,933.42,514
FreewayInsurance,HTRR 898074189,494.407,515
Adriana'sInsurance,MYUI 455357438,552.568,516
Allstate,ZCYA 294074279,939.129,517
Aflac,RAHU 232666498,799.646,518
Aflac,OCET 885613077,814.139,519
Adriana'sInsurance,ZHOW 263810997,594.497,520
Adriana'sInsurance,LEHD 572390544,657.201,521
Allstate,RQUL 845848931,995.3,522
Allstate,ZLBY 951753574,935.852,523
StateFarm,FPMM 534546999,324.541,524
Allstate,JAMN 456179012,874.309,525
Adriana'sInsurance,RNCF 812552787,589.157,526
Adriana'sInsurance,QROX 462577816,637.771,527
Aflac,KOKE 824162113,759.324,528
Aflac,JEMK 124555388,775.421,529
Aflac,ZPSL 202884167,794.91,530
StateFarm,CVCP 170321266,262.785,531
Adriana'sInsurance,XGWZ 409739987,604.379,532
FreewayInsurance,GQEV 536730905,470.564,533
StateFarm,YFCJ 568433651,166.955,534
Aflac,DTOP 465169447,795.49,535
Allstate,ROUK 247925722,865.086,536
Allstate,WNVY 107989348,873.021,537
Adriana'sInsurance,EWJA 207776449,664.414,538
FreewayInsurance,WHMA 871443406,412.483,539
Adriana'sInsurance,ZZJC 217881482,611.981,540
Adriana'sInsurance,TFCI 428225160,596.899,541
Adriana'sInsurance,HAJB 818467543,645.601,542
Adriana'sInsurance,JXZE 499237401,538.557,543
Geico,CJSM 881179560,148.342,544
Adriana'sInsurance,PIRB 444210942,579.022,545
Geico,VBIE 419848369,32.9634,546
Aflac,SYJV 235922291,700.91,547
Adriana'sInsurance,DCIN 353539876,518.151,548
Aflac,TWBS 233269281,832.609,549
Adriana'sInsurance,YVKQ 153819830,515.049,550
Geico,UGPM 352420130,112.648,551
FreewayInsurance,ZHJH 368774666,489.81,552
Adriana'sInsurance,NAKW 510130887,510.349,553
Geico,RAXZ 844541355,48.4997,554
Aflac,BTKD 575270842,814.351,555
FreewayInsurance,LBHW 530196293,384.658,556
Adriana'sInsurance,ORYE 729338359,637.656,557
FreewayInsurance,GELP 228002521,452.122,558
Geico,WCMH 515700908,143.982,559
FreewayInsurance,HYZF 977378542,413.078,560
StateFarm,NHSY 949240513,247.033,561
FreewayInsurance,EKMM 475075364,406.767,562
Geico,EAYC 332571894,17.4566,563
Aflac,BIJM 299053541,717.597,564
Adriana'sInsurance,VJAI 934074148,573.721,565
Aflac,APPA 688408391,812.947,566
Adriana'sInsurance,ONDG 848190586,582.682,567
FreewayInsurance,OKVA 505310423,446.743,568
FreewayInsurance,CEXA 893368877,477.361,569
Allstate,DCPN 341702614,995.165,570
Geico,NJZO 626063990,58.7232,571
Geico,QOHF 695366288,74.2604,572
Adriana'sInsurance,CUCF 617433614,640.766,573
Adriana'sInsurance,OTLK 113545920,597.28,574
StateFarm,IMYG 792875603,222.602,575
StateFarm,FJPV 551056152,219.788,576
Adriana'sInsurance,EIGD 895506383,630.243,577
Allstate,XTME 907681710,923.513,578
Aflac,BHTD 976957942,737.939,579
FreewayInsurance,TSGF 546560041,462.852,580
FreewayInsurance,ANOZ 175221735,438.562,581
Allstate,BECR 763952061,850.586,582
Allstate,ZVIF 988225796,952.662,583
Allstate,FDSR 970953339,948.911,584
Allstate,STOL 362856779,899.086,585
Aflac,BFOI 889073269,767.014,586
FreewayInsurance,RJXF 453668946,333.569,587
Adriana'sInsurance,QHMT 389373365,536.742,588
StateFarm,MTUV 948465230,219.136,589
FreewayInsurance,TACM 966662079,477.551,590
Allstate,JELY 746289446,949.82,591
FreewayInsurance,IAUX 637262154,466.169,592
Allstate,EORC 388821551,884.318,593
Allstate,ZSBM 800336365,967.277,594
StateFarm,AZFU 524420738,183.765,595
FreewayInsurance,ENVG 810891510,458.039,596
Aflac,NQDZ 985837609,780.224,597
Aflac,TIPN 620205621,766.448,598
Allstate,XSUO 293015514,904.782,599
StateFarm,OOOP 833861998,257.585,600
Aflac,AQBF 152882821,761.612,601
Allstate,VKYQ 463087488,963.505,602
StateFarm,XEHB 684642378,331.846,603
FreewayInsurance,WUML 256221221,402.379,604
Adriana'sInsurance,SIBM 392132233,560.785,605
Adriana'sInsurance,WAMK 922653849,554.448,606
Adriana'sInsurance,NKGP 674036779,622.167,607
StateFarm,RKAP 679052299,191.028,608
FreewayInsurance,RMGZ 149207220,477.961,609
FreewayInsurance,KVIX 595620212,360.105,610
Adriana'sInsurance,RPQS 349852342,653.88,611
Allstate,NPCA 170612640,916.523,612
StateFarm,TOKZ 989543430,210.692,613
Adriana'sInsurance,BRNC 215761496,606.542,614
Allstate,PUTV 327187318,865.434,615
Geico,HGPQ 770873602,109.778,616
FreewayInsurance,WHTM 231976980,373.556,617
StateFarm,VAPY 119618497,199.003,618
Adriana'sInsurance,PROA 122777930,646.52,619
Adriana'sInsurance,SBIG 703689309,592.692,620
Aflac,PVXI 229259230,676.554,621
Adriana'sInsurance,RQXG 693910965,596.341,622
Geico,BCPU 354989122,58.8605,623
Adriana'sInsurance,PQPF 621710508,560.872,624
Adriana'sInsurance,QUGF 607195435,563.617,625
StateFarm,XXWG 825219503,242.626,626
Geico,AVZX 225299154,18.9108,627
FreewayInsurance,QPUN 247416184,343.841,628
Geico,CPYR 846089290,9.07344,629
Allstate,NHAC 447754398,923.692,630
Adriana'sInsurance,PSIV 554316284,601.427,631
Aflac,DSVZ 921414306,770.686,632
Allstate,YZUX 965265613,887.197,633
Allstate,YOMT 911352332,933.273,634
StateFarm,IVRG 173686130,173.065,635
FreewayInsurance,BTVB 569424385,447.982,636
FreewayInsurance,IQPQ 873005176,487.721,637
Aflac,MTEH 522472085,795.231,638
Adriana'sInsurance,DGSY 746155625,639.009,639
Allstate,PXSC 255779703,965.682,640
Geico,UKMM 681501289,155.336,641
StateFarm,ANKV 683216082,292.889,642
Allstate,GDGV 633594993,882.204,643
FreewayInsurance,SINX 789748070,366.028,644
Allstate,FBXY 671074997,899.431,645
Aflac,BNXU 999470806,747.638,646
FreewayInsurance,NPAA 648161460,475.806,647
StateFarm,RAPB 150381150,272.987,648
Allstate,EIZK 873717677,946.64,649
Geico,TDNH 252045690,122.326,650
Allstate,DNCA 134405856,865.679,651
Adriana'sInsurance,CCYZ 482495384,623.194,652
Aflac,ONLO 880230161,718.666,653
Allstate,NFPC 594255460,924.54,654
StateFarm,LGQL 361093611,184.066,655
StateFarm,UFUH 707306320,282.284,656
StateFarm,VLZY 536803700,167.165,657
StateFarm,KBNJ 501996207,202.977,658
Adriana'sInsurance,KXOW 124105822,626.125,659
StateFarm,CJSR 536177219,176.239,660
Geico,ADSQ 502807166,126.669,661
StateFarm,JKUE 618287798,227.552,662
Allstate,HADG 723288039,946.925,663
Geico,ORAC 976633666,13.8663,664
Geico,BMYP 126135559,160.824,665
Geico,LRSD 408106016,119.989,666
FreewayInsurance,DDNW 437864467,461.848,667
Adriana'sInsurance,CGEW 785494892,648.545,668
Allstate,WDLZ 481145539,915.221,669
Geico,LNBL 459477589,100.857,670
Adriana'sInsurance,CMDB 667695834,614.227,671
Geico,MMTE 166344274,70.557,672
FreewayInsurance,DITQ 654257567,393.746,673
FreewayInsurance,NSKR 255856745,496.431,674
FreewayInsurance,VOTH 636853675,436.585,675
StateFarm,DSBF 569247229,293.177,676
StateFarm,RHQV 244223582,244.069,677
Allstate,SHVM 413080879,912.391,678
Adriana'sInsurance,LQTF 498637631,566.164,679
StateFarm,YSZI 338984969,190.709,680
Geico,PEYI 463888871,34.7164,681
FreewayInsurance,MMEN 518054912,431.844,682
Aflac,IFZZ 703136678,813.904,683
Aflac,ISID 128834351,753.383,684
FreewayInsurance,TPUN 265149654,356.383,685
Allstate,BLMB 800922524,997.97,686
Geico,XQZW 808612558,35.6664,687
Adriana'sInsurance,LILP 981146581,523.548,688
StateFarm,CYBC 868599240,200.947,689
Adriana'sInsurance,CKQK 944110853,661.792,690
Aflac,VEDQ 598411594,699.787,691
StateFarm,XSDK 708766325,327.616,692
Allstate,XIKW 783071775,889.343,693
Adriana'sInsurance,KHMV 245756617,646.712,694
FreewayInsurance,IYWK 918737343,341.482,695
Geico,UNLL 130623638,50.1679,696
Aflac,ZGCD 941030593,766.701,697
Aflac,UBPX 902904355,803.33,698
Aflac,JUUT 512789125,698.713,699
Aflac,YDZK 709070550,681.922,700
Allstate,XTYT 983473733,904.187,701
StateFarm,ZORK 252264250,312.94,702
Aflac,QKGS 989655812,752.479,703
StateFarm,DMPT 582907464,297.933,704
Aflac,BCFV 457105589,809.371,705
StateFarm,WTZW 856390143,189.064,706
Adriana'sInsurance,ZTXX 244883413,591.111,707
Geico,CWAU 540368643,53.4394,708
Geico,AKRH 339957882,101.454,709
Geico,FLQU 209995264,157.275,710
StateFarm,AVGF 242154452,244.149,711
Geico,CCKB 682329706,136.171,712
Adriana'sInsurance,OBSM 958930874,589.119,713
Geico,EOUF 944610519,58.0523,714
Allstate,BGST 396902376,889.553,715
Allstate,WYYM 574202809,945.502,716
Geico,CMOJ 759859780,56.0222,717
Allstate,FLVP 741019204,925.22,718
FreewayInsurance,TENL 548072376,469.05,719
StateFarm,MQEH 664524621,256.969,720
Adriana'sInsurance,NIDG 881627647,587.011,721
StateFarm,QCAP 169325983,168.837,722
Adriana'sInsurance,TSBI 607779153,584.585,723
FreewayInsurance,TNMP 146485736,476.355,724
Aflac,ZIHN 226030040,815.549,725
Allstate,YZLC 826266894,926.068,726
Adriana'sInsurance,IQPL 340523853,526.523,727
Adriana'sInsurance,RCYS 874195626,582.25,728
Aflac,NLJO 708323537,729.398,729
StateFarm,LIIX 799241803,225.236,730
StateFarm,LXGT 927257967,264.172,731
Adriana'sInsurance,BRKN 464587833,633.585,732
Adriana'sInsurance,RWKH 804279364,538.175,733
Geico,GYJF 356386490,16.6506,734
Allstate,BSDK 696744484,931.518,735
FreewayInsurance,XWQF 371258853,347.546,736
StateFarm,ORQV 786823004,205.714,737
Adriana'sInsurance,BXCL 467987117,522.629,738
FreewayInsurance,WDGG 479251806,400.985,739
StateFarm,ONJX 452339324,307.168,740
Aflac,AZMD 770357337,679.904,741
Adriana'sInsurance,UAGK 444956400,645.134,742
FreewayInsurance,ZZXQ 314600473,443.339,743
StateFarm,HSSK 821872317,269.022,744
Aflac,DGHK 246621112,703.186,745
StateFarm,RYBA 572835259,332.892,746
StateFarm,UAVH 874266613,214.524,747
Aflac,FBFL 251899939,759.208,748
StateFarm,LLLI 521935418,258.112,749
Aflac,GQUY 181236013,683.574,750
Geico,ZBHG 129362515,16.1775,751
Allstate,VXKW 509183687,845.123,752
Allstate,GRZC 945364181,852.411,753
Adriana'sInsurance,DHZI 953104651,600.763,754
StateFarm,MUEX 751784492,321.478,755
Aflac,GETB 203896286,667.96,756
Adriana'sInsurance,UAEC 198410229,526.83,757
Allstate,QXEA 331593976,848,758
StateFarm,CHLC 789080786,250.21,759
StateFarm,KGQK 423985274,256.228,760
Geico,JWJN 617156385,73.2357,761
Adriana'sInsurance,MUYF 791539108,514.382,762
Allstate,BAWF 853675640,889.813,763
Adriana'sInsurance,CWZH 187729762,611.411,764
Adriana'sInsurance,TKEF 885895190,531.033,765
Aflac,NPSE 535210915,821.331,766
Allstate,HNVQ 969915808,958.957,767
Aflac,PCVN 151567029,736.747,768
FreewayInsurance,ROJN 408461398,343.959,769
FreewayInsurance,LQQL 798914306,359.942,770
Geico,MFIQ 930254440,43.9153,771
Geico,UEZN 462871481,23.8632,772
Geico,YUWU 393273032,5.0762,773
FreewayInsurance,XJOT 506691422,487.254,774
StateFarm,XLLH 892018386,292.886,775
Aflac,FSPV 966107494,708.262,776
Aflac,NIKV 260482487,820.146,777
Adriana'sInsurance,UQEU 990332487,507.41,778
FreewayInsurance,MSZI 245334215,467.471,779
Geico,KGWZ 546354361,78.2579,780
StateFarm,TXLE 995768808,190.984,781
FreewayInsurance,KKXZ 250460835,483.648,782
Allstate,BNOL 310201515,923.381,783
Geico,OGAS 422942667,43.3947,784
Geico,EFTD 120335335,84.411,785
StateFarm,GOUC 580013607,244.858,786
Aflac,UVLF 586967144,711.355,787
Adriana'sInsurance,PPKN 110609305,611.241,788
Geico,QOCF 620989104,92.8584,789
Allstate,LUHL 130764544,961.565,790
Allstate,HQRB 537264597,867.469,791
Geico,FHIZ 779529906,166.094,792
FreewayInsurance,WTFH 455752141,475.947,793
Aflac,GXOQ 969852319,757.282,794
Aflac,DHZF 454399566,777.505,795
Geico,ARGH 545701438,6.98012,796
Adriana'sInsurance,TPTL 224722096,578.613,797
Aflac,NQYV 679814779,736.462,798
Aflac,IRKO 683659489,743.727,799
Allstate,JVWY 965668748,922.572,800
Geico,GBTF 510536322,96.4041,801
Aflac,GFZN 368121049,787.642,802
Allstate,DGCW 554360788,946.435,803
Geico,TKIR 718639533,101.48,804
StateFarm,ZAXK 296072486,274.897,805
StateFarm,WUKS 624213782,239.321,806
Aflac,WYUP 752306073,809.743,807
Geico,CVKB 256896551,95.0427,808
Aflac,XEPZ 395735076,746.73,809
StateFarm,GTMP 161856020,277.214,810
StateFarm,RPLO 474128753,173.301,811
Allstate,ALUK 102999000,937.714,812
Aflac,NGCI 221023035,760.862,813
Geico,GKRR 858080795,96.6814,814
Allstate,ZORP 528077286,981.109,815
Allstate,TWHF 597645073,845.273,816
FreewayInsurance,SWBD 509967450,341.54,817
Aflac,BDWW 504686971,692.463,818
FreewayInsurance,AJVC 599967059,456.514,819
FreewayInsurance,QJCI 707481928,434.398,820
Adriana'sInsurance,OIPF 125049455,654.029,821
StateFarm,DYTL 906311014,323.983,822
Adriana'sInsurance,FDAG 236678373,600.492,823
Geico,MIKJ 339670734,129.976,824
Geico,ZJNU 240995591,81.265,825
FreewayInsurance,FLVH 519627979,377.997,826
Geico,WVBL 775611448,136.956,827
Adriana'sInsurance,ZPAS 143513760,659.878,828
Geico,EXDE 112915405,114.459,829
Allstate,KRMV 240663265,880.683,830
Adriana'sInsurance,QUJD 116009238,582.45,831
StateFarm,WIAR 621640698,210.863,832
Aflac,TOLV 651171911,668.326,833
Adriana'sInsurance,MUPM 993757205,528.885,834
StateFarm,PQKT 549892552,312.343,835
Allstate,ODMA 848205073,943.222,836
Aflac,NQUX 980901685,768.206,837
Geico,JTDJ 810492910,122.086,838
Geico,TDZE 483287716,38.2648,839
Adriana'sInsurance,ZRTO 962897503,514.936,840
FreewayInsurance,GDVR 245777296,399.3,841
StateFarm,QFAD 890779526,211.565,842
FreewayInsurance,AQXU 318675597,452.65,843
Geico,RDHU 587871893,160.162,844
StateFarm,SOQR 561572246,308.247,845
FreewayInsurance,PQKJ 755076998,433.758,846
Geico,OPIJ 270741580,5.43489,847
Adriana'sInsurance,FAMG 335489978,649.787,848
Geico,SGUP 229675822,126.222,849
FreewayInsurance,IHEQ 129114699,461.949,850
Geico,RIQI 188814450,84.1846,851
Aflac,JYRU 110523330,780.251,852
Aflac,WIXE 357774463,785.932,853
Aflac,DJSQ 729764298,684.677,854
Allstate,WJWQ 657799595,910.227,855
Allstate,XZGB 969597935,867.197,856
Geico,JTYA 637130856,62.6739,857
Geico,YJAP 186845776,47.1826,858
Adriana'sInsurance,ILMF 232568940,527.075,859
StateFarm,EJAX 656370814,177.133,860
Allstate,QTJM 993831252,927.866,861
Geico,IJJO 445778785,109.525,862
FreewayInsurance,YYFX 512582992,387.996,863
Adriana'sInsurance,IVHJ 937065094,596.191,864
Adriana'sInsurance,LRWY 477806925,638.409,865
Aflac,MCGM 885576746,700.34,866
Adriana'sInsurance,FCTO 996936366,539.413,867
FreewayInsurance,DXZM 629560661,406.615,868
Aflac,LLKQ 513215596,822.426,869
Adriana'sInsurance,IZDQ 394772293,577.678,870
Allstate,OBZL 389602011,921.551,871
StateFarm,WXDC 107163069,221.726,872
Aflac,CIMW 456440517,789.244,873
FreewayInsurance,CZUB 905317603,374.201,874
FreewayInsurance,GMXQ 508610720,381.888,875
Geico,FYDJ 228731034,97.4906,876
Aflac,LYQL 611798057,807.959,877
FreewayInsurance,QHHU 442248395,387.323,878
Aflac,RXSE 440114803,747.277,879
Allstate,PHSJ 761971058,934.181,880
Allstate,EQVB 401368988,849.272,881
Aflac,ZHEC 321595252,831.462,882
Aflac,TNPK 689409461,714.432,883
Adriana'sInsurance,ZBFH 950808683,635.204,884
Adriana'sInsurance,PZSH 846165190,516.139,885
Adriana'sInsurance,LXLE 240653617,624.658,886
Adriana'sInsurance,TIXP 347568654,502.401,887
Adriana'sInsurance,DOQI 436204944,578.813,888
Aflac,ICEX 677999512,671.841,889
Geico,CXOI 547104149,29.4762,890
Aflac,JYDC 250865040,755.945,891
Adriana'sInsurance,HODS 326448201,599.707,892
Geico,LMAI 733564179,139.001,893
Geico,KLQB 173561066,143.942,894
StateFarm,HJWL 809332834,195.898,895
Aflac,JOEY 339443135,777.41,896
Allstate,IIVL 903178794,844.281,897
Aflac,CTZG 472615899,735.311,898
StateFarm,RRZR 526597089,184.025,899
Aflac,BCLR 986478675,666.707,900
StateFarm,FZMC 216233814,312.99,901
Geico,TMZX 474001998,105.576,902
Allstate,WGTS 475826665,888.433,903
Geico,DULC 724215214,102.233,904
FreewayInsurance,XUSW 127454585,479.777,905
StateFarm,RYOD 515337782,270.321,906
StateFarm,RJPE 653737031,199.724,907
StateFarm,AXYZ 518310192,287.736,908
Adriana'sInsurance,JVBC 835970930,657.643,909
Allstate,TGIE 579755801,947.001,910
StateFarm,JCDB 422494077,221.918,911
Adriana'sInsurance,PTXD 991401443,506.915,912
Aflac,NVFD 871017357,778.463,913
Allstate,RDWQ 969761524,936.349,914
Geico,SZXT 180905276,142.119,915
StateFarm,LMJU 187866835,294.601,916
Adriana'sInsurance,SDUV 711345867,561.007,917
Adriana'sInsurance,ULXS 264525867,644.52,918
Allstate,UGJZ 613231080,873.414,919
StateFarm,IRMF 415037753,232.848,920
Aflac,OXHM 358267762,673.996,921
Adriana'sInsurance,JYDS 692758394,629.359,922
Aflac,VLWP 744791350,832.555,923
Aflac,AKSY 343636506,812.997,924
Aflac,HSIQ 180056014,773.301,925
Geico,RZJD 731840308,28.4525,926
Adriana'sInsurance,QSDY 298042667,590.407,927
Adriana'sInsurance,UIDY 262949964,617.582,928
Aflac,VTMR 135129198,763.764,929
Aflac,TSUL 445161067,774.432,930
StateFarm,WSJE 696014732,284.289,931
Geico,CWJL 435700950,76.7534,932
Allstate,PCSS 994631909,880.009,933
StateFarm,WNIZ 122381755,172.722,934
StateFarm,JVFW 513921475,178.987,935
FreewayInsurance,PPFK 560793071,359.786,936
FreewayInsurance,XGTH 131548065,443.043,937
FreewayInsurance,DJHM 493743920,378.71,938
Adriana'sInsurance,HCXZ 818378467,647.522,939
Geico,XWIG 836237087,100.686,940
StateFarm,UQRA 861409090,325.711,941
Allstate,EQBK 528427318,869.44,942
Adriana'sInsurance,CHHW 123051250,607.6,943
Geico,SZYA 616465466,104.174,944
Aflac,SHOQ 534433924,805.789,945
Aflac,KNDS 345835673,749.719,946
FreewayInsurance,ZNKQ 808133419,398.775,947
FreewayInsurance,XVEY 596572609,366.796,948
FreewayInsurance,FBOM 321372350,394.239,949
StateFarm,DFXB 921241423,272.189,950
Adriana'sInsurance,JUNY 295586218,599.644,951
Geico,UIYX 453859785,68.2348,952
Allstate,SWPD 167354880,901.549,953
FreewayInsurance,DAJI 576601390,432.199,954
Allstate,POAE 980299985,881.232,955
Aflac,YHGV 145530197,674.85,956
FreewayInsurance,MFCZ 397630787,460.652,957
FreewayInsurance,MUNL 256719398,471.639,958
StateFarm,PDOF 715589626,292.432,959
StateFarm,CJHL 342726014,224.415,960
StateFarm,GBGH 721517918,246.071,961
Adriana'sInsurance,HGNO 301473067,576.721,962
StateFarm,VAIY 186134014,301.169,963
Geico,MLUA 121731908,126.08,964
Aflac,MPAB 881307689,749.443,965
FreewayInsurance,HDDO 820426886,480.156,966
FreewayInsurance,VVRC 643480064,485.866,967
StateFarm,XKKK 227985755,192.486,968
Allstate,MGZU 949411384,858.866,969
Geico,AHQU 257377808,133.388,970
StateFarm,MHXM 378489905,293.171,971
StateFarm,SUMW 397428146,184.577,972
Geico,CSET 405973645,2.82779,973
Allstate,IQES 811265181,900.772,974
StateFarm,DFHC 138659274,288.752,975
Aflac,LCIB 111006415,808.617,976
Adriana'sInsurance,QOEN 912817319,650.491,977
Aflac,NGVZ 140220185,687.527,978
StateFarm,EBVI 202162988,175.413,979
Geico,PQMU 838730724,44.7295,980
Allstate,NXOU 431258609,959.716,981
Aflac,PGCX 101132038,775.058,982
Geico,ANWE 372775928,112.964,983
Allstate,XSHS 146095100,861.265,984
StateFarm,KWUG 728960758,207.257,985
Allstate,PVWB 284045065,994.196,986
Adriana'sInsurance,FONU 658766151,536.115,987
Aflac,NJPQ 413541543,667.908,988
FreewayInsurance,XQUT 352089594,465.835,989
Aflac,WQND 844102568,828.546,990
Allstate,GOFA 421248125,892.324,991