KUUX 856168945,Allstate,840.188,1
ITHO 277796232,FreewayInsurance,394.383,2
QJNY 529657346,Aflac,783.099,3
QSDP 924575560,Aflac,798.44,4
GDUE 114670514,Allstate,911.647,5
DCZF 460849954,StateFarm,197.551,6
VPHQ 561639154,FreewayInsurance,335.223,7
MZHU 571858470,Aflac,768.23,8
UKXH 574070481,StateFarm,277.775,9
VXBY 417212512,Adriana'sInsurance,553.97,10
CERX 573395814,FreewayInsurance,477.397,11
BALB 414003641,Adriana'sInsurance,628.871,12
ZXWG 314451958,FreewayInsurance,364.784,13
JTNR 585784306,Adriana'sInsurance,513.401,14
BLYY 578445790,Allstate,952.23,15
HTQJ 748857108,Allstate,916.195,16
ELWV 719075250,Adriana'sInsurance,635.712,17
FXJR 397303416,Aflac,717.297,18
PRWL 960821427,Geico,141.603,19
KVRX 931572809,Adriana'sInsurance,606.969,20
FYXD 534241590,Geico,16.3006,21
QLQH 892955952,StateFarm,242.887,22
HLFE 807401887,Geico,137.232,23
OKEX 348611204,Aflac,804.177,24
DMTZ 192854069,Geico,156.679,25
RJTJ 941503587,FreewayInsurance,400.944,26
GPGD 364744325,Geico,129.79,27
DUET 758933663,Geico,108.809,28
YBNE 167076820,Allstate,998.925,29
UTRZ 316056135,StateFarm,218.257,30
TCDN 675512510,Adriana'sInsurance,512.932,31
BFLV 170408927,Allstate,839.112,32
TBEZ 615986765,Adriana'sInsurance,612.64,33
XDZB 283895749,StateFarm,296.032,34
BAXP 883485878,Adriana'sInsurance,637.552,35
EKXV 262335039,Adriana'sInsurance,524.287,36
OPLR 423185831,FreewayInsurance,493.583,37
NTHZ 189676057,Allstate,972.775,38
WTQA 619274001,StateFarm,292.517,39
VYWV 773022579,Aflac,771.358,40
TXZR 981490715,Adriana'sInsurance,526.745,41
EVXC 547532666,Aflac,769.914,42
GQFS 684736287,FreewayInsurance,400.229,43
IGBQ 385180423,Allstate,891.529,44
QNZH 301290771,StateFarm,283.315,45
SCMP 591496189,FreewayInsurance,352.458,46
LIWL 949886286,Aflac,807.725,47
IPVG 102908313,Allstate,919.026,48
MMHS 707928382,Geico,69.7553,49
QBKS 264300208,Allstate,949.327,50
QJEP 706542846,Adriana'sInsurance,525.995,51
SITF 664442097,Geico,86.0558,52
RQGN 928822920,StateFarm,192.214,53
GWRC 178879265,Adriana'sInsurance,663.227,54
JOPR 200148068,Allstate,890.233,55
UHIE 359899997,FreewayInsurance,348.893,56
AVIE 985926882,Geico,64.1713,57
YXTS 492847297,Geico,20.023,58
RJUY 209028845,FreewayInsurance,457.702,59
WFUO 924645620,Geico,63.0958,60
XXWM 367559607,StateFarm,238.28,61
EHWM 618579593,Allstate,970.634,62
WMHE 517295935,Allstate,902.208,63
SDPM 715760594,Allstate,850.92,64
SEFM 854320242,StateFarm,266.666,65
DJIY 209132905,Adriana'sInsurance,539.76,66
QVVM 917636188,FreewayInsurance,375.207,67
KRPG 401474521,Aflac,760.249,68
BCQJ 236106986,Adriana'sInsurance,512.535,69
ICLY 359442568,Aflac,667.724,70
GRTM 625213268,Adriana'sInsurance,531.606,71
WQNF 241544905,Geico,39.2803,72
LVKG 601804551,FreewayInsurance,437.638,73
SQZI 393412116,Allstate,931.835,74
DKAU 907804239,Allstate,930.81,75
HCWS 796947611,Aflac,720.952,76
LZSF 144246214,StateFarm,284.293,77
WCCJ 526504579,Aflac,738.534,78
RVDB 371586791,Adriana'sInsurance,639.979,79
LURL 148080065,FreewayInsurance,354.049,80
PPNP 207200152,Aflac,687.861,81
HXME 425725156,Geico,165.974,82
NQPG 648756203,FreewayInsurance,440.105,83
BCYE 846827469,Allstate,880.075,84
FVHJ 533560018,Aflac,829.201,85
IVRA 890449926,StateFarm,330.337,86
UQVI 331722010,StateFarm,228.968,87
FPCR 298908427,Allstate,893.372,88
SFKI 804036044,FreewayInsurance,350.36,89
GKNE 490607711,Aflac,686.67,90
AJJH 599857962,Allstate,956.468,91
GQOX 763666957,Adriana'sInsurance,588.64,92
VSIQ 717387727,Adriana'sInsurance,657.304,93
NVQQ 105404295,Allstate,858.676,94
KJSU 566663387,FreewayInsurance,439.56,95
DABR 710031125,Allstate,923.97,96
QSOA 268854770,FreewayInsurance,398.437,97
HGRW 105138227,Aflac,814.767,98
IRWQ 263045091,Aflac,684.219,99
XEEN 381906596,Allstate,910.972,100
RXEK 846061576,FreewayInsurance,482.491,101
WOTY 735460058,StateFarm,215.825,102
YOYM 309806997,Allstate,950.252,103
YUVP 597311569,Allstate,920.128,104
ZYIW 691480817,Geico,147.66,105
QTUU 630241016,Allstate,881.062,106
PMEU 336506117,Adriana'sInsurance,641.081,107
WRKP 878576951,FreewayInsurance,431.953,108
QODP 637209106,Adriana'sInsurance,619.596,109
SNVN 129667056,StateFarm,281.059,110
MNBV 201383146,Aflac,786.002,111
QLDK 446192567,StateFarm,307.458,112
KASO 322329285,FreewayInsurance,447.034,113
PLMZ 831652311,StateFarm,226.107,114
BQPF 152850919,StateFarm,187.533,115
QYTM 297809052,StateFarm,276.235,116
WYYX 494705617,Adriana'sInsurance,556.444,117
INFM 790312302,FreewayInsurance,416.501,118
MWZE 954838293,StateFarm,169.607,119
UTXG 512235087,Allstate,906.804,120
ZIKO 785451199,Geico,103.171,121
QEMJ 599003346,Geico,126.075,122
XFPW 688491925,FreewayInsurance,495.444,123
JFQP 198799919,Aflac,760.475,124
PBOO 708898567,Allstate,984.752,125
AIAY 318363254,Allstate,935.004,126
UXYE 641284069,Aflac,684.445,127
MUQZ 503183373,FreewayInsurance,383.188,128
HWJX 239802742,Aflac,749.771,129
MHYD 772873983,FreewayInsurance,368.664,130
QSYE 879111116,StateFarm,294.16,131
EFQE 354055384,StateFarm,232.262,132
FYAE 214002318,Adriana'sInsurance,584.489,133
MQXC 207990388,StateFarm,244.413,134
BKML 652804034,Geico,152.39,135
GXOE 363859635,Aflac,732.149,136
LVTJ 131244719,Geico,125.475,137
ANFR 998172905,Aflac,793.47,138
IXQI 729808445,Geico,164.102,139
TUSR 145151096,Aflac,745.071,140
ITHV 913768421,Geico,74.5298,141
PBCE 270157251,Allstate,950.104,142
DPBX 319733751,Geico,52.5293,143
BYMG 950951467,Adriana'sInsurance,521.563,144
EPMV 628310084,StateFarm,176.211,145
NPSF 933460788,StateFarm,240.062,146
QNAY 337754690,Aflac,797.798,147
FNKH 412791357,Aflac,732.654,148
QLGS 711913379,Adriana'sInsurance,656.564,149
FTGR 399602841,Allstate,967.405,150
VWPI 114559728,Adriana'sInsurance,639.458,151
NWGG 701164142,Aflac,759.735,152
NXPN 165912092,Geico,93.4805,153
YTIJ 839197705,Geico,134.902,154
AAMH 139523773,Adriana'sInsurance,520.21,155
VNMC 737436205,Geico,78.2321,156
MYBC 271885193,Geico,69.9064,157
SPCZ 320372473,StateFarm,204.655,158
EMTU 880722161,FreewayInsurance,461.42,159
PTTX 106282103,Aflac,819.677,160
UYCH 186763708,Adriana'sInsurance,573.319,161
VCTH 315388700,Aflac,755.581,162
YTCZ 255970566,Geico,51.9388,163
ISLL 860745694,Geico,157.807,164
IPDC 688625770,Allstate,999.994,165
DRCW 440197434,StateFarm,204.329,166
FRNI 624204665,Allstate,889.956,167
TDAN 948899879,Geico,125.468,168
FLEI 459369907,Allstate,997.799,169
AQDM 490382577,Geico,54.0576,170
UURX 175766179,Allstate,870.54,171
BBNE 880477612,Geico,72.3288,172
CKPQ 935079201,Geico,4.16161,173
OKVP 730305647,Allstate,923.069,174
FUJJ 929395906,Adriana'sInsurance,593.892,175
VKTY 187741517,StateFarm,180.372,176
VSQN 864344447,Geico,163.131,177
NPRA 662192342,FreewayInsurance,391.69,178
PDDF 780350947,Allstate,913.027,179
VTER 799669215,Aflac,819.695,180
CXCM 381690591,FreewayInsurance,359.095,181
FHRY 343288452,Adriana'sInsurance,552.485,182
NUYD 299725784,Adriana'sInsurance,579.43,183
OQWG 365141170,FreewayInsurance,452.576,184
QVVU 706596458,Aflac,687.387,185
PQTU 125607284,Geico,99.6401,186
BWEE 355860352,Adriana'sInsurance,530.808,187
LJQC 423807263,Aflac,757.294,188
WPCU 393140302,StateFarm,304.295,189
KJKH 774747017,Allstate,992.228,190
BXLW 639680005,Adriana'sInsurance,576.971,191
LMHF 707364605,Allstate,877.614,192
OHDT 321464084,Aflac,747.809,193
MFWD 532139950,Adriana'sInsurance,628.91,194
EAXH 363854328,Geico,35.4209,195
QREB 827755095,Aflac,747.803,196
UCWF 963744755,Aflac,833.239,197
NRMV 994776374,Allstate,925.377,198
SKFV 903091422,Allstate,873.271,199
RIJN 239239455,Aflac,831.038,200
QSLO 511515693,Allstate,979.434,201
GESL 105258872,Aflac,743.811,202
QFJN 312723801,Allstate,903.366,203
IBCV 483770402,Allstate,983.596,204
ZNHE 891111327,Aflac,666.88,205
LWRU 423322009,FreewayInsurance,497.259,206
DLCP 447668786,Geico,163.968,207
CWEU 970924700,Aflac,830.012,208
KLNT 381868303,Allstate,888.949,209
YCAB 973037877,Geico,76.9947,210
XBKE 908094800,Adriana'sInsurance,649.707,211
UQBL 297868021,StateFarm,248.044,212
LPVO 468080246,Adriana'sInsurance,629.48,213
URBZ 282009102,StateFarm,229.137,214
JJYX 527647486,Aflac,700.62,215
XWEX 192919216,StateFarm,316.867,216
CVZN 935809920,StateFarm,328.777,217
EHQG 104253861,StateFarm,231.428,218
ASJW 773810529,Geico,74.161,219
ORYQ 356634260,Adriana'sInsurance,633.072,220
LAZJ 674025614,StateFarm,223.656,221
CGUH 932877567,Adriana'sInsurance,651.132,222
SJAS 267425684,Adriana'sInsurance,510.686,223
AXEQ 900559783,Allstate,971.466,224
YRWH 233407226,StateFarm,280.042,225
EVFC 592950556,Adriana'sInsurance,546.107,226
WOLW 507413041,Aflac,719.269,227
KYEE 918560719,Geico,113.281,228
JXQJ 322451086,FreewayInsurance,471.483,229
NJNS 653941904,Adriana'sInsurance,592.54,230
QQSN 116197909,Allstate,944.318,231
GRSM 905818347,FreewayInsurance,450.918,232
EIIQ 809408214,FreewayInsurance,336.351,233
GADK 263802568,Allstate,847.684,234
KUDA 291041797,FreewayInsurance,434.513,235
TNNG 230451565,Geico,3.23146,236
OXVG 302178930,FreewayInsurance,344.943,237
TMCM 475456238,Adriana'sInsurance,598.481,238
WQGF 947118598,Aflac,833.243,239
LLHP 350204181,StateFarm,233.892,240
NZQQ 888338785,Aflac,675.476,241
UKNI 986481674,FreewayInsurance,482.95,242
TWNP 672990712,FreewayInsurance,481.936,243
YIOB 189666409,StateFarm,304.956,244
NYLU 808477169,Aflac,712.087,245
SGPA 224960463,StateFarm,182.556,246
MNUD 837191459,Adriana'sInsurance,621.823,247
UYOH 250516984,Geico,40.8643,248
FACS 323166081,FreewayInsurance,413.984,249
FRYU 654305016,Aflac,695.984,250
SHQE 749386001,Aflac,673.936,251
UWIJ 181116732,Adriana'sInsurance,637.64,252
DWKY 880589335,FreewayInsurance,347.116,253
OSXC 983307930,StateFarm,184.622,254
EIAG 100042189,Adriana'sInsurance,609.106,255
QMSP 131535050,Adriana'sInsurance,627.158,256
LIOC 340420938,Aflac,730.729,257
RWIZ 521366158,StateFarm,328.374,258
FDCP 321828091,Aflac,740.438,259
CDTZ 154412988,StateFarm,202.213,260
TDOU 330839666,Allstate,920.914,261
PLXI 470396060,Aflac,684.757,262
ETJS 131967366,Adriana'sInsurance,653.13,263
VKSD 844853139,StateFarm,257.265,264
YINB 441886985,Adriana'sInsurance,532.441,265
ODBI 932786634,Geico,87.6436,266
ICGX 200984815,StateFarm,260.497,267
RMJO 916341806,Allstate,877.384,268
KSOT 820116459,Aflac,686.125,269
JOVB 502188409,Geico,93.7402,270
FABS 733213610,Geico,111.276,271
ZHEA 141861402,FreewayInsurance,361.601,272
HJTN 670169952,Adriana'sInsurance,576.691,273
QFTA 324335830,Adriana'sInsurance,593.211,274
NKMC 788432193,Adriana'sInsurance,666.557,275
YLRT 220192984,StateFarm,288.778,276
KZNL 574144290,Aflac,775.767,277
PKAT 746000628,StateFarm,288.379,278
QAUK 500711196,StateFarm,329.642,279
BAUU 611541461,StateFarm,189.751,280
OILA 132864437,Allstate,984.363,281
OYWG 472358646,Geico,3.57857,282
KQSY 745761210,Aflac,827.391,283
LNML 180486747,StateFarm,331.479,284
YCHT 335695043,StateFarm,188.201,285
WUNQ 526656304,FreewayInsurance,436.497,286
OEYZ 637256933,Allstate,958.637,287
INDF 275984259,Allstate,918.93,288
WPLO 813309573,Aflac,764.871,289
NZBA 591599713,Aflac,699.075,290
IZNP 489206444,Geico,121.143,291
ZMNN 750138960,Aflac,685.786,292
DBHB 198178299,FreewayInsurance,383.832,293
MKOQ 118777524,Aflac,774.273,294
JMFU 643069999,Allstate,943.051,295
TIBV 148792637,Allstate,916.273,296
MDIZ 420545765,Allstate,861.917,297
BZFP 780528598,StateFarm,203.548,298
ISOQ 544448192,Aflac,793.657,299
OCDD 777641695,Adriana'sInsurance,548.042,300
TMFZ 753529804,StateFarm,297.288,301
GSPI 338097293,Allstate,904.932,302
YURH 592851663,Allstate,909.643,303
LIUR 813695167,Allstate,873.979,304
HAPV 915856756,FreewayInsurance,498.144,305
JJTN 674818347,Adriana'sInsurance,576.2,306
MGZR 550016738,Geico,162.757,307
GYYV 293559523,StateFarm,273.911,308
MUBE 332431184,Allstate,864.579,309
VQJQ 143943231,FreewayInsurance,492.399,310
HXIX 372002298,FreewayInsurance,463.662,311
YGCS 756012424,Allstate,848.942,312
PEAP 783794137,FreewayInsurance,495.977,313
FVUE 859504269,StateFarm,291.053,314
BRKC 677069332,StateFarm,180.421,315
MYLV 851545120,Aflac,684.178,316
TDMC 616792335,Aflac,727.55,317
FAHI 113326205,Geico,139.058,318
AYXB 761632612,Adriana'sInsurance,603.109,319
TGIN 560247722,FreewayInsurance,492.422,320
ZPCJ 491694228,Allstate,838.134,321
YVQK 710516325,Aflac,724.252,322
FDUR 715449503,StateFarm,178.208,323
VXGC 307609625,StateFarm,221.966,324
ADDX 293317649,FreewayInsurance,498.525,325
RQLZ 244121220,Geico,121.259,326
WYTY 262086674,Geico,138.238,327
LWEB 400448690,FreewayInsurance,360.443,328
WGKR 340846565,StateFarm,324.807,329
QMVX 943078173,Allstate,931.895,330
BXSE 621968930,Allstate,908.485,331
WWMH 840587560,Adriana'sInsurance,622.095,332
QDUK 849002327,Allstate,836.828,333
DWZH 193897841,Aflac,818.128,334
GEER 917297730,FreewayInsurance,496.074,335
CIIY 844350054,FreewayInsurance,334.972,336
XZEP 310997142,FreewayInsurance,394.327,337
ZLAL 249293585,Adriana'sInsurance,658.831,338
VCXQ 768360337,Adriana'sInsurance,608.883,339
ZTJZ 556799501,StateFarm,258.906,340
GGFL 140491908,Geico,151.23,341
ANFJ 914084671,Geico,72.545,342
LGLP 514691447,Geico,107.848,343
PPHQ 855880973,Adriana'sInsurance,647.207,344
AMDY 131512457,FreewayInsurance,363.598,345
QYVZ 183240346,StateFarm,288.27,346
XGDC 918716987,StateFarm,331.386,347
BDFH 718790953,Geico,91.1486,348
RSSC 520776367,FreewayInsurance,427.328,349
OSYW 405758674,Allstate,934.495,350
ZWUC 398963841,Adriana'sInsurance,583.57,351
XTTS 833677146,StateFarm,265.461,352
QPZU 757834797,Adriana'sInsurance,658.747,353
RVVX 733074621,Aflac,761.778,354
HOVA 205295069,FreewayInsurance,487.427,355
EOKC 718564454,Geico,157.272,356
TBHN 460482543,Allstate,883.037,357
CKXV 253737407,Adriana'sInsurance,625.665,358
QMTQ 230034085,Adriana'sInsurance,517.715,359
MHDH 363299783,StateFarm,207.844,360
GOUC 279944341,Adriana'sInsurance,557.561,361
LHDW 621257961,FreewayInsurance,426.199,362
NPMV 459156067,Aflac,829.939,363
QXOO 216588148,FreewayInsurance,394.388,364
REGL 785954258,StateFarm,244.327,365
OXDR 834314824,StateFarm,326.013,366
IYUC 276481739,Aflac,729.36,367
JOIM 139925668,Adriana'sInsurance,638.654,368
SAAF 476152392,Allstate,984.845,369
DWTS 853544602,FreewayInsurance,338.243,370
NJPU 461192547,Allstate,897.56,371
KITN 849755471,Geico,136.075,372
YWYS 113899482,FreewayInsurance,410.788,373
ABMI 947179827,Geico,5.40855,374
XBOY 594334946,Aflac,783.282,375
KCDE 340820624,Aflac,774.386,376
NREC 794122880,StateFarm,293.678,377
ZNUT 510546239,Geico,114.668,378
URXT 137148441,Allstate,865.535,379
VTLI 446085300,Aflac,721.006,380
ZGEO 185430670,Geico,49.1625,381
LZGO 252773383,FreewayInsurance,449.105,382
ABVE 219160198,Allstate,986.467,383
GERB 253331329,Aflac,707.909,384
SWOP 905239767,StateFarm,210.883,385
YLJK 646683880,FreewayInsurance,473.894,386
MKAQ 793537129,Allstate,865.181,387
EBYL 967823552,Geico,93.9195,388
BLQW 631677762,Geico,99.5593,389
VDUN 658052537,FreewayInsurance,382.896,390
RGBG 279655525,StateFarm,301.763,391
RFHA 864020957,Adriana'sInsurance,657.12,392
BMZB 635935839,Aflac,809.095,393
YGEX 199384348,Geico,131.702,394
TYDK 712161670,Geico,51.5083,395
TFZN 856808851,Geico,53.4223,396
EFZG 758744631,FreewayInsurance,457.716,397
VXQC 505104931,Aflac,780.868,398
GEKG 928431549,Aflac,692.076,399
NFNR 322687459,FreewayInsurance,442.56,400
ELBH 177446495,Geico,119.111,401
XBBW 844934652,Adriana'sInsurance,589.637,402
UBUT 623513968,Adriana'sInsurance,578.635,403
GOFW 373667867,Adriana'sInsurance,529.899,404
DDWN 705942425,Adriana'sInsurance,595.045,405
CBOP 423052769,FreewayInsurance,361.917,406
QUDR 753567982,StateFarm,304.285,407
ZODA 174310957,Allstate,888.723,408
SVNN 504875746,FreewayInsurance,476.585,409
VTDA 609112843,StateFarm,169.82,410
UDTQ 663490757,Adriana'sInsurance,609.729,411
CTSR 700803502,Adriana'sInsurance,525.747,412
LHCP 405035656,Adriana'sInsurance,618.925,413
FOOI 985147281,Adriana'sInsurance,596.196,414
ABLN 646648006,StateFarm,233.656,415
ZIHD 599400054,Aflac,829.808,416
YXMR 424549230,Geico,70.0902,417
EUIW 615461485,Geico,98.8374,418
RITU 499941245,Allstate,923.728,419
SZMH 928084417,StateFarm,169.65,420
CHJN 370247094,FreewayInsurance,481.733,421
XNDF 829711914,StateFarm,225.491,422
NDOA 670909625,Aflac,826.769,423
DEPL 820636997,StateFarm,290.829,424
ACKU 155859926,FreewayInsurance,357.193,425
HMVU 885557008,Allstate,878.278,426
DXBM 802888489,FreewayInsurance,344.251,427
WKYA 488266676,Aflac,814.909,428
POSD 638897685,Adriana'sInsurance,659.146,429
NGTC 602625767,Geico,36.3274,430
UDVE 742809691,StateFarm,257.469,431
RMKN 919235397,Aflac,778.257,432
ERFG 367282140,Adriana'sInsurance,625.964,433
QDOP 245344175,Allstate,836.104,434
EESW 255905290,StateFarm,308.157,435
HKOA 369106076,StateFarm,221.009,436
HVRC 566070359,StateFarm,198.021,437
OUMZ 101901743,Adriana'sInsurance,612.442,438
UEZZ 385250537,Geico,109.733,439
DQOS 481565546,Aflac,674.605,440
TWJL 288758673,Aflac,782.262,441
RTDG 769950601,Aflac,719.462,442
RNOI 775024336,StateFarm,200.352,443
OXKB 653373174,FreewayInsurance,401.188,444
SWAS 881626670,StateFarm,315.658,445
LWMA 867591763,FreewayInsurance,434.009,446
RTLB 605746797,StateFarm,230.996,447
ETYI 293530084,FreewayInsurance,385.748,448
SZMG 972376999,Adriana'sInsurance,532.846,449
CVFN 385792845,Geico,154.724,450
CFTC 906244903,Adriana'sInsurance,555.398,451
POUC 935742655,Geico,14.5793,452
IUJU 631465844,FreewayInsurance,380.215,453
OYON 858906714,FreewayInsurance,382.167,454
OFGA 334866643,StateFarm,305.408,455
ODIU 530097877,Aflac,737.408,456
FWWY 673214592,StateFarm,260.445,457
UOOO 974852713,Adriana'sInsurance,649.659,458
DXLM 687547892,Adriana'sInsurance,552.316,459
HBQW 719559539,Allstate,919.591,460
XKUD 602458125,Aflac,685.986,461
GSOO 486776154,Aflac,809.785,462
FTJB 542092382,Aflac,697.848,463
IWHW 751454174,StateFarm,311.95,464
YZIJ 476906570,Adriana'sInsurance,645.889,465
AQNQ 529590463,Geico,6.00477,466
COXW 552833286,Adriana'sInsurance,532.96,467
ICKX 715107843,Allstate,843.91,468
XCLG 694272220,Adriana'sInsurance,618.447,469
DOAL 238037560,Adriana'sInsurance,642.693,470
KJKT 481398869,Adriana'sInsurance,518.515,471
XUKK 778041227,FreewayInsurance,400.709,472
XNZV 490318709,FreewayInsurance,362.154,473
RDLB 416666148,Aflac,718.867,474
CYDO 129461605,Aflac,801.897,475
HRTH 257946511,Aflac,677.812,476
ESNP 212889885,Geico,152.876,477
GMGR 509929055,Geico,32.8927,478
ROKQ 906423259,Geico,63.5606,479
THNF 439639456,Aflac,685.722,480
OIHR 422854668,StateFarm,187.616,481
MYOF 867360008,Adriana'sInsurance,618.958,482
RJYE 312877939,Aflac,700.301,483
KLKQ 951047419,Adriana'sInsurance,567.831,484
IHRS 180922291,Geico,1.12548,485
AMGO 948983408,Geico,5.70914,486
PCZX 696592336,StateFarm,305.239,487
VJTJ 799642195,StateFarm,261.57,488
ZAYX 627842024,Adriana'sInsurance,655.368,489
XHQI 285389700,Allstate,857.555,490
SQFJ 933236711,StateFarm,181.161,491
EKVK 417653544,FreewayInsurance,341.354,492
MABL 974974597,Aflac,667.341,493
WHHP 934519480,Allstate,879.009,494
XORV 688869441,Adriana'sInsurance,653.305,495
XTTN 514481847,StateFarm,313.23,496
RGSX 158557163,Allstate,885.014,497
BBBW 673262687,StateFarm,186.265,498
AJNC 540690293,Geico,157.139,499
LYCT 824058788,Adriana'sInsurance,503.461,500
TQCL 584384213,Aflac,828.957,501
OIFI 533896687,Aflac,675.654,502
HZCZ 873395724,Allstate,904.17,503
TBZU 913295718,StateFarm,191.112,504
MVHZ 931616377,FreewayInsurance,394.521,505
CKXE 944043755,Aflac,706.067,506
LXUN 247291098,Allstate,868.924,507
HBRN 409147413,Adriana'sInsurance,547.397,508
NUJQ 448303112,Aflac,738.959,509
HKWG 815983616,Allstate,932.485,510
UTAB 282078933,StateFarm,233.119,511
ZDDW 741087840,Allstate,926.576,512
HHFC 361719455,Adriana'sInsurance,551.443,513
OJXF 837096716,Allstate,933.42,514
HTRR 898074189,FreewayInsurance,494.407,515
MYUI 455357438,Adriana'sInsurance,552.568,516
ZCYA 294074279,Allstate,939.129,517
RAHU 232666498,Aflac,799.646,518
OCET 885613077,Aflac,814.139,519
ZHOW 263810997,Adriana'sInsurance,594.497,520
LEHD 572390544,Adriana'sInsurance,657.201,521
RQUL 845848931,Allstate,995.3,522
ZLBY 951753574,Allstate,935.852,523
FPMM 534546999,StateFarm,324.541,524
JAMN 456179012,Allstate,874.309,525
RNCF 812552787,Adriana'sInsurance,589.157,526
QROX 462577816,Adriana'sInsurance,637.771,527
KOKE 824162113,Aflac,759.324,528
JEMK 124555388,Aflac,775.421,529
ZPSL 202884167,Aflac,794.91,530
CVCP 170321266,StateFarm,262.785,531
XGWZ 409739987,Adriana'sInsurance,604.379,532
GQEV 536730905,FreewayInsurance,470.564,533
YFCJ 568433651,StateFarm,166.955,534
DTOP 465169447,Aflac,795.49,535
ROUK 247925722,Allstate,865.086,536
WNVY 107989348,Allstate,873.021,537
EWJA 207776449,Adriana'sInsurance,664.414,538
WHMA 871443406,FreewayInsurance,412.483,539
ZZJC 217881482,Adriana'sInsurance,611.981,540
TFCI 428225160,Adriana'sInsurance,596.899,541
HAJB 818467543,Adriana'sInsurance,645.601,542
JXZE 499237401,Adriana'sInsurance,538.557,543
CJSM 881179560,Geico,148.342,544
PIRB 444210942,Adriana'sInsurance,579.022,545
VBIE 419848369,Geico,32.9634,546
SYJV 235922291,Aflac,700.91,547
DCIN 353539876,Adriana'sInsurance,518.151,548
TWBS 233269281,Aflac,832.609,549
YVKQ 153819830,Adriana'sInsurance,515.049,550
UGPM 352420130,Geico,112.648,551
ZHJH 368774666,FreewayInsurance,489.81,552
NAKW 510130887,Adriana'sInsurance,510.349,553
RAXZ 844541355,Geico,48.4997,554
BTKD 575270842,Aflac,814.351,555
LBHW 530196293,FreewayInsurance,384.658,556
ORYE 729338359,Adriana'sInsurance,637.656,557
GELP 228002521,FreewayInsurance,452.122,558
WCMH 515700908,Geico,143.982,559
HYZF 977378542,FreewayInsurance,413.078,560
NHSY 949240513,StateFarm,247.033,561
EKMM 475075364,FreewayInsurance,406.767,562
EAYC 332571894,Geico,17.4566,563
BIJM 299053541,Aflac,717.597,564
VJAI 934074148,Adriana'sInsurance,573.721,565
APPA 688408391,Aflac,812.947,566
ONDG 848190586,Adriana'sInsurance,582.682,567
OKVA 505310423,FreewayInsurance,446.743,568
CEXA 893368877,FreewayInsurance,477.361,569
DCPN 341702614,Allstate,995.165,570
NJZO 626063990,Geico,58.7232,571
QOHF 695366288,Geico,74.2604,572
CUCF 617433614,Adriana'sInsurance,640.766,573
OTLK 113545920,Adriana'sInsurance,597.28,574
IMYG 792875603,StateFarm,222.602,575
FJPV 551056152,StateFarm,219.788,576
EIGD 895506383,Adriana'sInsurance,630.243,577
XTME 907681710,Allstate,923.513,578
BHTD 976957942,Aflac,737.939,579
TSGF 546560041,FreewayInsurance,462.852,580
ANOZ 175221735,FreewayInsurance,438.562,581
BECR 763952061,Allstate,850.586,582
ZVIF 988225796,Allstate,952.662,583
FDSR 970953339,Allstate,948.911,584
STOL 362856779,Allstate,899.086,585
BFOI 889073269,Aflac,767.014,586
RJXF 453668946,FreewayInsurance,333.569,587
QHMT 389373365,Adriana'sInsurance,536.742,588
MTUV 948465230,StateFarm,219.136,589
TACM 966662079,FreewayInsurance,477.551,590
JELY 746289446,Allstate,949.82,591
IAUX 637262154,FreewayInsurance,466.169,592
EORC 388821551,Allstate,884.318,593
ZSBM 800336365,Allstate,967.277,594
AZFU 524420738,StateFarm,183.765,595
ENVG 810891510,FreewayInsurance,458.039,596
NQDZ 985837609,Aflac,780.224,597
TIPN 620205621,Aflac,766.448,598
XSUO 293015514,Allstate,904.782,599
OOOP 833861998,StateFarm,257.585,600
AQBF 152882821,Aflac,761.612,601
VKYQ 463087488,Allstate,963.505,602
XEHB 684642378,StateFarm,331.846,603
WUML 256221221,FreewayInsurance,402.379,604
SIBM 392132233,Adriana'sInsurance,560.785,605
WAMK 922653849,Adriana'sInsurance,554.448,606
NKGP 674036779,Adriana'sInsurance,622.167,607
RKAP 679052299,StateFarm,191.028,608
RMGZ 149207220,FreewayInsurance,477.961,609
KVIX 595620212,FreewayInsurance,360.105,610
RPQS 349852342,Adriana'sInsurance,653.88,611
NPCA 170612640,Allstate,916.523,612
TOKZ 989543430,StateFarm,210.692,613
BRNC 215761496,Adriana'sInsurance,606.542,614
PUTV 327187318,Allstate,865.434,615
HGPQ 770873602,Geico,109.778,616
WHTM 231976980,FreewayInsurance,373.556,617
VAPY 119618497,StateFarm,199.003,618
PROA 122777930,Adriana'sInsurance,646.52,619
SBIG 703689309,Adriana'sInsurance,592.692,620
PVXI 229259230,Aflac,676.554,621
RQXG 693910965,Adriana'sInsurance,596.341,622
BCPU 354989122,Geico,58.8605,623
PQPF 621710508,Adriana'sInsurance,560.872,624
QUGF 607195435,Adriana'sInsurance,563.617,625
XXWG 825219503,StateFarm,242.626,626
AVZX 225299154,Geico,18.9108,627
QPUN 247416184,FreewayInsurance,343.841,628
CPYR 846089290,Geico,9.07344,629
NHAC 447754398,Allstate,923.692,630
PSIV 554316284,Adriana'sInsurance,601.427,631
DSVZ 921414306,Aflac,770.686,632
YZUX 965265613,Allstate,887.197,633
YOMT 911352332,Allstate,933.273,634
IVRG 173686130,StateFarm,173.065,635
BTVB 569424385,FreewayInsurance,447.982,636
IQPQ 873005176,FreewayInsurance,487.721,637
MTEH 522472085,Aflac,795.231,638
DGSY 746155625,Adriana'sInsurance,639.009,639
PXSC 255779703,Allstate,965.682,640
UKMM 681501289,Geico,155.336,641
ANKV 683216082,StateFarm,292.889,642
GDGV 633594993,Allstate,882.204,643
SINX 789748070,FreewayInsurance,366.028,644
FBXY 671074997,Allstate,899.431,645
BNXU 999470806,Aflac,747.638,646
NPAA 648161460,FreewayInsurance,475.806,647
RAPB 150381150,StateFarm,272.987,648
EIZK 873717677,Allstate,946.64,649
TDNH 252045690,Geico,122.326,650
DNCA 134405856,Allstate,865.679,651
CCYZ 482495384,Adriana'sInsurance,623.194,652
ONLO 880230161,Aflac,718.666,653
NFPC 594255460,Allstate,924.54,654
LGQL 361093611,StateFarm,184.066,655
UFUH 707306320,StateFarm,282.284,656
VLZY 536803700,StateFarm,167.165,657
KBNJ 501996207,StateFarm,202.977,658
KXOW 124105822,Adriana'sInsurance,626.125,659
CJSR 536177219,StateFarm,176.239,660
ADSQ 502807166,Geico,126.669,661
JKUE 618287798,StateFarm,227.552,662
HADG 723288039,Allstate,946.925,663
ORAC 976633666,Geico,13.8663,664
BMYP 126135559,Geico,160.824,665
LRSD 408106016,Geico,119.989,666
DDNW 437864467,FreewayInsurance,461.848,667
CGEW 785494892,Adriana'sInsurance,648.545,668
WDLZ 481145539,Allstate,915.221,669
LNBL 459477589,Geico,100.857,670
CMDB 667695834,Adriana'sInsurance,614.227,671
MMTE 166344274,Geico,70.557,672
DITQ 654257567,FreewayInsurance,393.746,673
NSKR 255856745,FreewayInsurance,496.431,674
VOTH 636853675,FreewayInsurance,436.585,675
DSBF 569247229,StateFarm,293.177,676
RHQV 244223582,StateFarm,244.069,677
SHVM 413080879,Allstate,912.391,678
LQTF 498637631,Adriana'sInsurance,566.164,679
YSZI 338984969,StateFarm,190.709,680
PEYI 463888871,Geico,34.7164,681
MMEN 518054912,FreewayInsurance,431.844,682
IFZZ 703136678,Aflac,813.904,683
ISID 128834351,Aflac,753.383,684
TPUN 265149654,FreewayInsurance,356.383,685
BLMB 800922524,Allstate,997.97,686
XQZW 808612558,Geico,35.6664,687
LILP 981146581,Adriana'sInsurance,523.548,688
CYBC 868599240,StateFarm,200.947,689
CKQK 944110853,Adriana'sInsurance,661.792,690
VEDQ 598411594,Aflac,699.787,691
XSDK 708766325,StateFarm,327.616,692
XIKW 783071775,Allstate,889.343,693
KHMV 245756617,Adriana'sInsurance,646.712,694
IYWK 918737343,FreewayInsurance,341.482,695
UNLL 130623638,Geico,50.1679,696
ZGCD 941030593,Aflac,766.701,697
UBPX 902904355,Aflac,803.33,698
JUUT 512789125,Aflac,698.713,699
YDZK 709070550,Aflac,681.922,700
XTYT 983473733,Allstate,904.187,701
ZORK 252264250,StateFarm,312.94,702
QKGS 989655812,Aflac,752.479,703
DMPT 582907464,StateFarm,297.933,704
BCFV 457105589,Aflac,809.371,705
WTZW 856390143,StateFarm,189.064,706
ZTXX 244883413,Adriana'sInsurance,591.111,707
CWAU 540368643,Geico,53.4394,708
AKRH 339957882,Geico,101.454,709
FLQU 209995264,Geico,157.275,710
AVGF 242154452,StateFarm,244.149,711
CCKB 682329706,Geico,136.171,712
OBSM 958930874,Adriana'sInsurance,589.119,713
EOUF 944610519,Geico,58.0523,714
BGST 396902376,Allstate,889.553,715
WYYM 574202809,Allstate,945.502,716
CMOJ 759859780,Geico,56.0222,717
FLVP 741019204,Allstate,925.22,718
TENL 548072376,FreewayInsurance,469.05,719
MQEH 664524621,StateFarm,256.969,720
NIDG 881627647,Adriana'sInsurance,587.011,721
QCAP 169325983,StateFarm,168.837,722
TSBI 607779153,Adriana'sInsurance,584.585,723
TNMP 146485736,FreewayInsurance,476.355,724
ZIHN 226030040,Aflac,815.549,725
YZLC 826266894,Allstate,926.068,726
IQPL 340523853,Adriana'sInsurance,526.523,727
RCYS 874195626,Adriana'sInsurance,582.25,728
NLJO 708323537,Aflac,729.398,729
LIIX 799241803,StateFarm,225.236,730
LXGT 927257967,StateFarm,264.172,731
BRKN 464587833,Adriana'sInsurance,633.585,732
RWKH 804279364,Adriana'sInsurance,538.175,733
GYJF 356386490,Geico,16.6506,734
BSDK 696744484,Allstate,931.518,735
XWQF 371258853,FreewayInsurance,347.546,736
ORQV 786823004,StateFarm,205.714,737
BXCL 467987117,Adriana'sInsurance,522.629,738
WDGG 479251806,FreewayInsurance,400.985,739
ONJX 452339324,StateFarm,307.168,740
AZMD 770357337,Aflac,679.904,741
UAGK 444956400,Adriana'sInsurance,645.134,742
ZZXQ 314600473,FreewayInsurance,443.339,743
HSSK 821872317,StateFarm,269.022,744
DGHK 246621112,Aflac,703.186,745
RYBA 572835259,StateFarm,332.892,746
UAVH 874266613,StateFarm,214.524,747
FBFL 251899939,Aflac,759.208,748
LLLI 521935418,StateFarm,258.112,749
GQUY 181236013,Aflac,683.574,750
ZBHG 129362515,Geico,16.1775,751
VXKW 509183687,Allstate,845.123,752
GRZC 945364181,Allstate,852.411,753
DHZI 953104651,Adriana'sInsurance,600.763,754
MUEX 751784492,StateFarm,321.478,755
GETB 203896286,Aflac,667.96,756
UAEC 198410229,Adriana'sInsurance,526.83,757
QXEA 331593976,Allstate,848,758
CHLC 789080786,StateFarm,250.21,759
KGQK 423985274,StateFarm,256.228,760
JWJN 617156385,Geico,73.2357,761
MUYF 791539108,Adriana'sInsurance,514.382,762
BAWF 853675640,Allstate,889.813,763
CWZH 187729762,Adriana'sInsurance,611.411,764
TKEF 885895190,Adriana'sInsurance,531.033,765
NPSE 535210915,Aflac,821.331,766
HNVQ 969915808,Allstate,958.957,767
PCVN 151567029,Aflac,736.747,768
ROJN 408461398,FreewayInsurance,343.959,769
LQQL 798914306,FreewayInsurance,359.942,770
MFIQ 930254440,Geico,43.9153,771
UEZN 462871481,Geico,23.8632,772
YUWU 393273032,Geico,5.0762,773
XJOT 506691422,FreewayInsurance,487.254,774
XLLH 892018386,StateFarm,292.886,775
FSPV 966107494,Aflac,708.262,776
NIKV 260482487,Aflac,820.146,777
UQEU 990332487,Adriana'sInsurance,507.41,778
MSZI 245334215,FreewayInsurance,467.471,779
KGWZ 546354361,Geico,78.2579,780
TXLE 995768808,StateFarm,190.984,781
KKXZ 250460835,FreewayInsurance,483.648,782
BNOL 310201515,Allstate,923.381,783
OGAS 422942667,Geico,43.3947,784
EFTD 120335335,Geico,84.411,785
GOUC 580013607,StateFarm,244.858,786
UVLF 586967144,Aflac,711.355,787
PPKN 110609305,Adriana'sInsurance,611.241,788
QOCF 620989104,Geico,92.8584,789
LUHL 130764544,Allstate,961.565,790
HQRB 537264597,Allstate,867.469,791
FHIZ 779529906,Geico,166.094,792
WTFH 455752141,FreewayInsurance,475.947,793
GXOQ 969852319,Aflac,757.282,794
DHZF 454399566,Aflac,777.505,795
ARGH 545701438,Geico,6.98012,796
TPTL 224722096,Adriana'sInsurance,578.613,797
NQYV 679814779,Aflac,736.462,798
IRKO 683659489,Aflac,743.727,799
JVWY 965668748,Allstate,922.572,800
GBTF 510536322,Geico,96.4041,801
GFZN 368121049,Aflac,787.642,802
DGCW 554360788,Allstate,946.435,803
TKIR 718639533,Geico,101.48,804
ZAXK 296072486,StateFarm,274.897,805
WUKS 624213782,StateFarm,239.321,806
WYUP 752306073,Aflac,809.743,807
CVKB 256896551,Geico,95.0427,808
XEPZ 395735076,Aflac,746.73,809
GTMP 161856020,StateFarm,277.214,810
RPLO 474128753,StateFarm,173.301,811
ALUK 102999000,Allstate,937.714,812
NGCI 221023035,Aflac,760.862,813
GKRR 858080795,Geico,96.6814,814
ZORP 528077286,Allstate,981.109,815
TWHF 597645073,Allstate,845.273,816
SWBD 509967450,FreewayInsurance,341.54,817
BDWW 504686971,Aflac,692.463,818
AJVC 599967059,FreewayInsurance,456.514,819
QJCI 707481928,FreewayInsurance,434.398,820
OIPF 125049455,Adriana'sInsurance,654.029,821
DYTL 906311014,StateFarm,323.983,822
FDAG 236678373,Adriana'sInsurance,600.492,823
MIKJ 339670734,Geico,129.976,824
ZJNU 240995591,Geico,81.265,825
FLVH 519627979,FreewayInsurance,377.997,826
WVBL 775611448,Geico,136.956,827
ZPAS 143513760,Adriana'sInsurance,659.878,828
EXDE 112915405,Geico,114.459,829
KRMV 240663265,Allstate,880.683,830
QUJD 116009238,Adriana'sInsurance,582.45,831
WIAR 621640698,StateFarm,210.863,832
TOLV 651171911,Aflac,668.326,833
MUPM 993757205,Adriana'sInsurance,528.885,834
PQKT 549892552,StateFarm,312.343,835
ODMA 848205073,Allstate,943.222,836
NQUX 980901685,Aflac,768.206,837
JTDJ 810492910,Geico,122.086,838
TDZE 483287716,Geico,38.2648,839
ZRTO 962897503,Adriana'sInsurance,514.936,840
GDVR 245777296,FreewayInsurance,399.3,841
QFAD 890779526,StateFarm,211.565,842
AQXU 318675597,FreewayInsurance,452.65,843
RDHU 587871893,Geico,160.162,844
SOQR 561572246,StateFarm,308.247,845
PQKJ 755076998,FreewayInsurance,433.758,846
OPIJ 270741580,Geico,5.43489,847
FAMG 335489978,Adriana'sInsurance,649.787,848
SGUP 229675822,Geico,126.222,849
IHEQ 129114699,FreewayInsurance,461.949,850
RIQI 188814450,Geico,84.1846,851
JYRU 110523330,Aflac,780.251,852
WIXE 357774463,Aflac,785.932,853
DJSQ 729764298,Aflac,684.677,854
WJWQ 657799595,Allstate,910.227,855
XZGB 969597935,Allstate,867.197,856
JTYA 637130856,Geico,62.6739,857
YJAP 186845776,Geico,47.1826,858
ILMF 232568940,Adriana'sInsurance,527.075,859
EJAX 656370814,StateFarm,177.133,860
QTJM 993831252,Allstate,927.866,861
IJJO 445778785,Geico,109.525,862
YYFX 512582992,FreewayInsurance,387.996,863
IVHJ 937065094,Adriana'sInsurance,596.191,864
LRWY 477806925,Adriana'sInsurance,638.409,865
MCGM 885576746,Aflac,700.34,866
FCTO 996936366,Adriana'sInsurance,539.413,867
DXZM 629560661,FreewayInsurance,406.615,868
LLKQ 513215596,Aflac,822.426,869
IZDQ 394772293,Adriana'sInsurance,577.678,870
OBZL 389602011,Allstate,921.551,871
WXDC 107163069,StateFarm,221.726,872
CIMW 456440517,Aflac,789.244,873
CZUB 905317603,FreewayInsurance,374.201,874
GMXQ 508610720,FreewayInsurance,381.888,875
FYDJ 228731034,Geico,97.4906,876
LYQL 611798057,Aflac,807.959,877
QHHU 442248395,FreewayInsurance,387.323,878
RXSE 440114803,Aflac,747.277,879
PHSJ 761971058,Allstate,934.181,880
EQVB 401368988,Allstate,849.272,881
ZHEC 321595252,Aflac,831.462,882
TNPK 689409461,Aflac,714.432,883
ZBFH 950808683,Adriana'sInsurance,635.204,884
PZSH 846165190,Adriana'sInsurance,516.139,885
LXLE 240653617,Adriana'sInsurance,624.658,886
TIXP 347568654,Adriana'sInsurance,502.401,887
DOQI 436204944,Adriana'sInsurance,578.813,888
ICEX 677999512,Aflac,671.841,889
CXOI 547104149,Geico,29.4762,890
JYDC 250865040,Aflac,755.945,891
HODS 326448201,Adriana'sInsurance,599.707,892
LMAI 733564179,Geico,139.001,893
KLQB 173561066,Geico,143.942,894
HJWL 809332834,StateFarm,195.898,895
JOEY 339443135,Aflac,777.41,896
IIVL 903178794,Allstate,844.281,897
CTZG 472615899,Aflac,735.311,898
RRZR 526597089,StateFarm,184.025,899
BCLR 986478675,Aflac,666.707,900
FZMC 216233814,StateFarm,312.99,901
TMZX 474001998,Geico,105.576,902
WGTS 475826665,Allstate,888.433,903
DULC 724215214,Geico,102.233,904
XUSW 127454585,FreewayInsurance,479.777,905
RYOD 515337782,StateFarm,270.321,906
RJPE 653737031,StateFarm,199.724,907
AXYZ 518310192,StateFarm,287.736,908
JVBC 835970930,Adriana'sInsurance,657.643,909
TGIE 579755801,Allstate,947.001,910
JCDB 422494077,StateFarm,221.918,911
PTXD 991401443,Adriana'sInsurance,506.915,912
NVFD 871017357,Aflac,778.463,913
RDWQ 969761524,Allstate,936.349,914
SZXT 180905276,Geico,142.119,915
LMJU 187866835,StateFarm,294.601,916
SDUV 711345867,Adriana'sInsurance,561.007,917
ULXS 264525867,Adriana'sInsurance,644.52,918
UGJZ 613231080,Allstate,873.414,919
IRMF 415037753,StateFarm,232.848,920
OXHM 358267762,Aflac,673.996,921
JYDS 692758394,Adriana'sInsurance,629.359,922
VLWP 744791350,Aflac,832.555,923
AKSY 343636506,Aflac,812.997,924
HSIQ 180056014,Aflac,773.301,925
RZJD 731840308,Geico,28.4525,926
QSDY 298042667,Adriana'sInsurance,590.407,927
UIDY 262949964,Adriana'sInsurance,617.582,928
VTMR 135129198,Aflac,763.764,929
TSUL 445161067,Aflac,774.432,930
WSJE 696014732,StateFarm,284.289,931
CWJL 435700950,Geico,76.7534,932
PCSS 994631909,Allstate,880.009,933
WNIZ 122381755,StateFarm,172.722,934
JVFW 513921475,StateFarm,178.987,935
PPFK 560793071,FreewayInsurance,359.786,936
XGTH 131548065,FreewayInsurance,443.043,937
DJHM 493743920,FreewayInsurance,378.71,938
HCXZ 818378467,Adriana'sInsurance,647.522,939
XWIG 836237087,Geico,100.686,940
UQRA 861409090,StateFarm,325.711,941
EQBK 528427318,Allstate,869.44,942
CHHW 123051250,Adriana'sInsurance,607.6,943
SZYA 616465466,Geico,104.174,944
SHOQ 534433924,Aflac,805.789,945
KNDS 345835673,Aflac,749.719,946
ZNKQ 808133419,FreewayInsurance,398.775,947
XVEY 596572609,FreewayInsurance,366.796,948
FBOM 321372350,FreewayInsurance,394.239,949
DFXB 921241423,StateFarm,272.189,950
JUNY 295586218,Adriana'sInsurance,599.644,951
UIYX 453859785,Geico,68.2348,952
SWPD 167354880,Allstate,901.549,953
DAJI 576601390,FreewayInsurance,432.199,954
POAE 980299985,Allstate,881.232,955
YHGV 145530197,Aflac,674.85,956
MFCZ 397630787,FreewayInsurance,460.652,957
MUNL 256719398,FreewayInsurance,471.639,958
PDOF 715589626,StateFarm,292.432,959
CJHL 342726014,StateFarm,224.415,960
GBGH 721517918,StateFarm,246.071,961
HGNO 301473067,Adriana'sInsurance,576.721,962
VAIY 186134014,StateFarm,301.169,963
MLUA 121731908,Geico,126.08,964
MPAB 881307689,Aflac,749.443,965
HDDO 820426886,FreewayInsurance,480.156,966
VVRC 643480064,FreewayInsurance,485.866,967
XKKK 227985755,StateFarm,192.486,968
MGZU 949411384,Allstate,858.866,969
AHQU 257377808,Geico,133.388,970
MHXM 378489905,StateFarm,293.171,971
SUMW 397428146,StateFarm,184.577,972
CSET 405973645,Geico,2.82779,973
IQES 811265181,Allstate,900.772,974
DFHC 138659274,StateFarm,288.752,975
LCIB 111006415,Aflac,808.617,976
QOEN 912817319,Adriana'sInsurance,650.491,977
NGVZ 140220185,Aflac,687.527,978
EBVI 202162988,StateFarm,175.413,979
PQMU 838730724,Geico,44.7295,980
NXOU 431258609,Allstate,959.716,981
PGCX 101132038,Aflac,775.058,982
ANWE 372775928,Geico,112.964,983
XSHS 146095100,Allstate,861.265,984
KWUG 728960758,StateFarm,207.257,985
PVWB 284045065,Allstate,994.196,986
FONU 658766151,Adriana'sInsurance,536.115,987
NJPQ 413541543,Aflac,667.908,988
XQUT 352089594,FreewayInsurance,465.835,989
WQND 844102568,Aflac,828.546,990
GOFA 421248125,Allstate,892.324,991
