Mary,SMITH,5/25/99,840.188,KUUX 856168945,1
Annie,JOHNSON,11/7/98,394.383,ITHO 277796232,2
Anna,WILLIAMS,10/9/87,783.099,QJNY 529657346,3
Margaret,JONES,6/20/92,798.44,QSDP 924575560,4
Helen,BROWN,7/30/88,911.647,GDUE 114670514,5
Elsie,DAVIS,8/23/01,197.551,DCZF 460849954,6
Lucy,MILLER,8/1/83,335.223,VPHQ 561639154,7
Dorothy,WILSON,2/25/85,768.23,MZHU 571858470,8
Mary,MOORE,5/5/83,277.775,UKXH 574070481,9
Margaret,TAYLOR,12/7/82,553.97,VXBY 417212512,10
Ruth,ANDERSON,11/19/91,477.397,CERX 573395814,11
Annie,THOMAS,8/17/86,628.871,BALB 414003641,12
Elizabeth,JACKSON,12/10/91,364.784,ZXWG 314451958,13
Helen,WHITE,7/24/97,513.401,JTNR 585784306,14
Mary,HARRIS,11/9/89,952.23,BLYY 578445790,15
Elsie,MARTIN,10/29/88,916.195,HTQJ 748857108,16
Agnes,THOMPSON,12/17/81,635.712,ELWV 719075250,17
Anna,GARCIA,3/21/81,717.297,FXJR 397303416,18
Helen,MARTINEZ,5/2/00,141.603,PRWL 960821427,19
Louise,ROBINSON,6/2/80,606.969,KVRX 931572809,20
Jean,CLARK,12/28/85,16.3006,FYXD 534241590,21
Ruth,RODRIGUEZ,4/17/99,242.887,QLQH 892955952,22
Alice,LEWIS,10/16/88,137.232,HLFE 807401887,23
Esther,LEE,7/2/95,804.177,OKEX 348611204,24
Ethel,WALKER,12/29/90,156.679,DMTZ 192854069,25
Margaret,HALL,4/23/96,400.944,RJTJ 941503587,26
Marie,ALLEN,5/22/94,129.79,GPGD 364744325,27
Mary,YOUNG,6/28/83,108.809,DUET 758933663,28
Elizabeth,HERNANDEZ,4/8/99,998.925,YBNE 167076820,29
Margaret,KING,5/22/00,218.257,UTRZ 316056135,30
Helen,WRIGHT,8/21/01,512.932,TCDN 675512510,31
Alice,LOPEZ,6/29/99,839.112,BFLV 170408927,32
Annie,HILL,10/22/89,612.64,TBEZ 615986765,33
Louise,SCOTT,6/7/00,296.032,XDZB 283895749,34
Mary,GREEN,12/5/01,637.552,BAXP 883485878,35
Margaret,ADAMS,8/14/00,524.287,EKXV 262335039,36
Alice,BAKER,4/25/94,493.583,OPLR 423185831,37
Annie,GONZALEZ,6/8/87,972.775,NTHZ 189676057,38
Elizabeth,NELSON,4/18/84,292.517,WTQA 619274001,39
Helen,CARTER,3/29/89,771.358,VYWV 773022579,40
Clara,MITCHELL,2/16/82,526.745,TXZR 981490715,41
Dorothy,PEREZ,12/29/97,769.914,EVXC 547532666,42
Martha,ROBERTS,5/24/95,400.229,GQFS 684736287,43
Agnes,TURNER,4/8/88,891.529,IGBQ 385180423,44
Esther,PHILLIPS,3/5/93,283.315,QNZH 301290771,45
Frances,CAMPBELL,2/25/96,352.458,SCMP 591496189,46
Julia,PARKER,9/3/83,807.725,LIWL 949886286,47
Lillian,EVANS,1/17/01,919.026,IPVG 102908313,48
Mildred,EDWARDS,3/25/84,69.7553,MMHS 707928382,49
Pauline,COLLINS,8/30/96,949.327,QBKS 264300208,50
Mary,STEWART,10/3/94,525.995,QJEP 706542846,51
Alice,SANCHEZ,7/3/83,86.0558,SITF 664442097,52
Helen,MORRIS,3/15/81,192.214,RQGN 928822920,53
Anna,ROGERS,7/24/98,663.227,GWRC 178879265,54
Dorothy,REED,10/14/99,890.233,JOPR 200148068,55
Margaret,COOK,11/4/84,348.893,UHIE 359899997,56
Ruth,MORGAN,1/27/02,64.1713,AVIE 985926882,57
Elizabeth,BELL,1/29/81,20.023,YXTS 492847297,58
Frances,MURPHY,3/6/93,457.702,RJUY 209028845,59
Katherine,BAILEY,11/26/89,63.0958,WFUO 924645620,60
Martha,RIVERA,7/18/88,238.28,XXWM 367559607,61
Annie,COOPER,9/4/90,970.634,EHWM 618579593,62
Clara,RICHARDSON,10/10/92,902.208,WMHE 517295935,63
Emma,COX,7/28/02,850.92,SDPM 715760594,64
Hazel,HOWARD,8/2/97,266.666,SEFM 854320242,65
Julia,WARD,10/29/97,539.76,DJIY 209132905,66
Marie,TORRES,10/31/00,375.207,QVVM 917636188,67
Minnie,PETERSON,10/14/99,760.249,KRPG 401474521,68
Pauline,GRAY,6/6/95,512.535,BCQJ 236106986,69
Mary,RAMIREZ,11/3/99,667.724,ICLY 359442568,70
Helen,JAMES,3/20/94,531.606,GRTM 625213268,71
Dorothy,WATSON,9/10/85,39.2803,WQNF 241544905,72
Frances,BROOKS,3/3/87,437.638,LVKG 601804551,73
Ruth,KELLY,3/21/94,931.835,SQZI 393412116,74
Alice,SANDERS,12/9/91,930.81,DKAU 907804239,75
Anna,PRICE,9/4/92,720.952,HCWS 796947611,76
Agnes,BENNETT,8/30/90,284.293,LZSF 144246214,77
Annie,WOOD,5/27/90,738.534,WCCJ 526504579,78
Julia,BARNES,1/11/89,639.979,RVDB 371586791,79
Lillian,ROSS,10/8/93,354.049,LURL 148080065,80
Margaret,HENDERSON,6/15/95,687.861,PPNP 207200152,81
Daisy,COLEMAN,9/6/87,165.974,HXME 425725156,82
Edna,JENKINS,1/13/94,440.105,NQPG 648756203,83
Esther,PERRY,9/20/96,880.075,BCYE 846827469,84
Evelyn,POWELL,3/19/87,829.201,FVHJ 533560018,85
Florence,LONG,9/11/94,330.337,IVRA 890449926,86
Katherine,PATTERSON,3/29/97,228.968,UQVI 331722010,87
Louise,HUGHES,8/8/95,893.372,FPCR 298908427,88
Lucy,FLORES,2/9/92,350.36,SFKI 804036044,89
Marie,WASHINGTON,9/3/00,686.67,GKNE 490607711,90
Sally,BUTLER,5/18/82,956.468,AJJH 599857962,91
Mary,SIMMONS,8/9/93,588.64,GQOX 763666957,92
Margaret,FOSTER,4/11/97,657.304,VSIQ 717387727,93
Helen,GONZALES,12/1/84,858.676,NVQQ 105404295,94
Frances,THOMAS,4/6/99,439.56,KJSU 566663387,95
Alice,JACKSON,12/29/90,923.97,DABR 710031125,96
Olga,WHITE,9/4/97,398.437,QSOA 268854770,97
Ruth,HARRIS,5/25/95,814.767,HGRW 105138227,98
Clara,MARTIN,11/27/01,684.219,IRWQ 263045091,99
Dorothy,THOMPSON,10/17/84,910.972,XEEN 381906596,100
Anna,GARCIA,11/29/86,482.491,RXEK 846061576,101
Edith,MARTINEZ,6/18/00,215.825,WOTY 735460058,102
Florence,ROBINSON,4/27/83,950.252,YOYM 309806997,103
Maggie,CLARK,6/27/91,920.128,YUVP 597311569,104
Rose,RODRIGUEZ,4/6/91,147.66,ZYIW 691480817,105
Sophie,LEWIS,9/5/95,881.062,QTUU 630241016,106
Mary,LEE,6/26/93,641.081,PMEU 336506117,107
Margaret,WALKER,3/7/96,431.953,WRKP 878576951,108
Helen,HALL,2/5/91,619.596,QODP 637209106,109
Marie,ALLEN,4/29/88,281.059,SNVN 129667056,110
Martha,YOUNG,8/26/00,786.002,MNBV 201383146,111
Ruth,HERNANDEZ,6/11/98,307.458,QLDK 446192567,112
Anna,KING,8/19/89,447.034,KASO 322329285,113
Gertrude,WRIGHT,2/3/85,226.107,PLMZ 831652311,114
Julia,LOPEZ,8/12/82,187.533,BQPF 152850919,115
Virginia,GIBSON,4/3/86,276.235,QYTM 297809052,116
Alice,MCDONALD,12/19/89,556.444,WYYX 494705617,117
Elizabeth,CRUZ,8/24/86,416.501,INFM 790312302,118
Annie,MARSHALL,2/28/91,169.607,MWZE 954838293,119
Clara,ORTIZ,7/7/94,906.804,UTXG 512235087,120
Elsie,GOMEZ,6/26/92,103.171,ZIKO 785451199,121
Emma,MURRAY,3/11/89,126.075,QEMJ 599003346,122
Sarah,FREEMAN,8/31/96,495.444,XFPW 688491925,123
Stella,WELLS,11/5/87,760.475,JFQP 198799919,124
Vera,WEBB,1/25/89,984.752,PBOO 708898567,125
Mary,SIMPSON,4/4/97,935.004,AIAY 318363254,126
Margaret,STEVENS,9/2/99,684.445,UXYE 641284069,127
Dorothy,TUCKER,12/22/90,383.188,MUQZ 503183373,128
Betty,PORTER,6/27/84,749.771,HWJX 239802742,129
Helen,HUNTER,2/12/82,368.664,MHYD 772873983,130
Martha,HICKS,8/26/86,294.16,QSYE 879111116,131
Virginia,CRAWFORD,1/2/83,232.262,EFQE 354055384,132
Irene,HENRY,10/22/90,584.489,FYAE 214002318,133
Elizabeth,BOYD,2/19/90,244.413,MQXC 207990388,134
Emma,MASON,7/19/93,152.39,BKML 652804034,135
Marie,MORALES,4/28/88,732.149,GXOE 363859635,136
Agnes,KENNEDY,3/19/90,125.475,LVTJ 131244719,137
Annie,WARREN,8/19/92,793.47,ANFR 998172905,138
Barbara,DIXON,10/3/85,164.102,IXQI 729808445,139
Frances,RAMOS,12/6/82,745.071,TUSR 145151096,140
Gladys,REYES,3/26/91,74.5298,ITHV 913768421,141
Jean,BURNS,5/28/86,950.104,PBCE 270157251,142
Louise,GORDON,10/21/87,52.5293,DPBX 319733751,143
Ann,SHAW,4/25/80,521.563,BYMG 950951467,144
Anna,HOLMES,11/10/94,176.211,EPMV 628310084,145
Evelyn,RICE,3/19/85,240.062,NPSF 933460788,146
Josephine,ROBERTSON,9/25/82,797.798,QNAY 337754690,147
Katherine,HUNT,3/13/96,732.654,FNKH 412791357,148
Kathryn,BLACK,6/8/87,656.564,QLGS 711913379,149
Minnie,DANIELS,7/5/88,967.405,FTGR 399602841,150
Ruth,PALMER,1/12/92,639.458,VWPI 114559728,151
Vera,MILLS,4/23/88,759.735,NWGG 701164142,152
Mary,NICHOLS,8/18/85,93.4805,NXPN 165912092,153
Margaret,GRANT,9/26/01,134.902,YTIJ 839197705,154
Helen,KNIGHT,4/21/96,520.21,AAMH 139523773,155
Ruth,FERGUSON,7/27/80,78.2321,VNMC 737436205,156
Martha,ROSE,8/17/94,69.9064,MYBC 271885193,157
Elizabeth,STONE,5/23/89,204.655,SPCZ 320372473,158
Virginia,HAWKINS,9/5/98,461.42,EMTU 880722161,159
Florence,DUNN,1/22/80,819.677,PTTX 106282103,160
Agnes,PERKINS,8/22/84,573.319,UYCH 186763708,161
Dorothy,HUDSON,1/1/93,755.581,VCTH 315388700,162
Alice,SPENCER,4/21/87,51.9388,YTCZ 255970566,163
Anna,GARDNER,3/11/99,157.807,ISLL 860745694,164
Edith,STEPHENS,11/21/95,999.994,IPDC 688625770,165
Annie,PAYNE,11/6/87,204.329,DRCW 440197434,166
Betty,PIERCE,7/26/83,889.956,FRNI 624204665,167
Elsie,BERRY,11/6/95,125.468,TDAN 948899879,168
Ethel,MATTHEWS,9/27/89,997.799,FLEI 459369907,169
Irene,ARNOLD,9/29/92,54.0576,AQDM 490382577,170
Katie,WAGNER,12/18/85,870.54,UURX 175766179,171
Rose,WILLIS,6/18/01,72.3288,BBNE 880477612,172
Frances,RAY,10/26/01,4.16161,CKPQ 935079201,173
Hazel,WATKINS,8/31/93,923.069,OKVP 730305647,174
Katherine,OLSON,4/28/01,593.892,FUJJ 929395906,175
Lorraine,CARROLL,8/24/93,180.372,VKTY 187741517,176
Patricia,DUNCAN,10/9/97,163.131,VSQN 864344447,177
Mary,SNYDER,6/6/93,391.69,NPRA 662192342,178
Dorothy,HART,11/28/98,913.027,PDDF 780350947,179
Alice,CUNNINGHAM,5/19/95,819.695,VTER 799669215,180
Margaret,BRADLEY,8/17/93,359.095,CXCM 381690591,181
Annie,LANE,7/2/83,552.485,FHRY 343288452,182
Helen,ANDREWS,7/26/96,579.43,NUYD 299725784,183
Elizabeth,RUIZ,2/16/91,452.576,OQWG 365141170,184
Virginia,HARPER,1/26/91,687.387,QVVU 706596458,185
Katherine,FOX,8/15/88,99.6401,PQTU 125607284,186
Mildred,RILEY,5/8/83,530.808,BWEE 355860352,187
Anna,ARMSTRONG,1/23/89,757.294,LJQC 423807263,188
Agnes,CARPENTER,10/19/93,304.295,WPCU 393140302,189
Bessie,WEAVER,10/14/99,992.228,KJKH 774747017,190
Betty,DELANEY,1/20/81,576.971,BXLW 639680005,191
Elsie,PATE,3/7/93,877.614,LMHF 707364605,192
Emma,LANCASTER,12/23/94,747.809,OHDT 321464084,193
Esther,SWEET,6/27/90,628.91,MFWD 532139950,194
Jean,JUSTICE,12/28/01,35.4209,EAXH 363854328,195
Joan,AUSTIN,5/17/97,747.803,QREB 827755095,196
Lillian,PETERS,6/30/85,833.239,UCWF 963744755,197
Ruth,KELLEY,11/30/90,925.377,NRMV 994776374,198
Thelma,FRANKLIN,6/25/84,873.271,SKFV 903091422,199
Mary,LAWSON,11/8/97,831.038,RIJN 239239455,200
Helen,FIELDS,12/11/97,979.434,QSLO 511515693,201
Alice,GUTIERREZ,7/18/89,743.811,GESL 105258872,202
Anna,RYAN,3/15/94,903.366,QFJN 312723801,203
Margaret,SCHMIDT,8/29/88,983.596,IBCV 483770402,204
Martha,CARR,8/27/84,666.88,ZNHE 891111327,205
Louise,VASQUEZ,5/7/82,497.259,LWRU 423322009,206
Katherine,CASTILLO,8/21/94,163.968,DLCP 447668786,207
Annie,WHEELER,1/18/93,830.012,CWEU 970924700,208
Dorothy,CHAPMAN,3/1/92,888.949,KLNT 381868303,209
Elizabeth,OLIVER,1/29/87,76.9947,YCAB 973037877,210
Emma,MONTGOMERY,10/28/93,649.707,XBKE 908094800,211
Esther,RICHARDS,3/14/01,248.044,UQBL 297868021,212
Marie,WILLIAMSON,10/20/91,629.48,LPVO 468080246,213
Ruth,JOHNSTON,2/10/02,229.137,URBZ 282009102,214
Betty,BANKS,5/28/00,700.62,JJYX 527647486,215
Clara,MEYER,6/9/97,316.867,XWEX 192919216,216
Evelyn,BISHOP,2/27/01,328.777,CVZN 935809920,217
Frances,MCCOY,9/29/94,231.428,EHQG 104253861,218
Sarah,HOWELL,4/6/84,74.161,ASJW 773810529,219
Mary,ALVAREZ,8/6/84,633.072,ORYQ 356634260,220
Elizabeth,MORRISON,3/30/82,223.656,LAZJ 674025614,221
Anna,HANSEN,2/4/80,651.132,CGUH 932877567,222
Dorothy,FERNANDEZ,8/29/90,510.686,SJAS 267425684,223
Helen,GARZA,8/3/82,971.466,AXEQ 900559783,224
Ruth,HARVEY,6/14/89,280.042,YRWH 233407226,225
Annie,LITTLE,3/29/86,546.107,EVFC 592950556,226
Margaret,BURTON,3/2/93,719.269,WOLW 507413041,227
Frances,STANLEY,10/24/89,113.281,KYEE 918560719,228
Marie,NGUYEN,12/2/88,471.483,JXQJ 322451086,229
Florence,GEORGE,3/21/92,592.54,NJNS 653941904,230
Agnes,JACOBS,4/28/96,944.318,QQSN 116197909,231
Alice,REID,5/2/94,450.918,GRSM 905818347,232
Betty,KIM,10/22/97,336.351,EIIQ 809408214,233
Edna,FULLER,11/10/95,847.684,GADK 263802568,234
Elsie,LYNCH,4/26/97,434.513,KUDA 291041797,235
Ethel,THOMAS,8/2/84,3.23146,TNNG 230451565,236
Virginia,JACKSON,2/8/82,344.943,OXVG 302178930,237
Jean,WHITE,8/2/83,598.481,TMCM 475456238,238
Jessie,HARRIS,12/2/00,833.243,WQGF 947118598,239
Julia,MARTIN,6/8/01,233.892,LLHP 350204181,240
Nellie,THOMPSON,3/19/93,675.476,NZQQ 888338785,241
Olga,GARCIA,10/29/90,482.95,UKNI 986481674,242
Pauline,MARTINEZ,7/23/92,481.936,TWNP 672990712,243
Sarah,ROBINSON,4/20/85,304.956,YIOB 189666409,244
Mary,CLARK,1/29/92,712.087,NYLU 808477169,245
Elizabeth,RODRIGUEZ,3/17/87,182.556,SGPA 224960463,246
Margaret,LEWIS,4/22/89,621.823,MNUD 837191459,247
Betty,LEE,6/9/94,40.8643,UYOH 250516984,248
Anna,WALKER,4/7/96,413.984,FACS 323166081,249
Dorothy,HALL,4/22/97,695.984,FRYU 654305016,250
Marie,ALLEN,11/27/80,673.936,SHQE 749386001,251
Ruth,YOUNG,4/21/93,637.64,UWIJ 181116732,252
Alice,HERNANDEZ,11/8/92,347.116,DWKY 880589335,253
Patricia,KING,1/16/85,184.622,OSXC 983307930,254
Irene,WRIGHT,8/17/00,609.106,EIAG 100042189,255
Mildred,LOPEZ,12/23/98,627.158,QMSP 131535050,256
Esther,DOUGLAS,5/2/87,730.729,LIOC 340420938,257
Ida,FLEMING,1/16/80,328.374,RWIZ 521366158,258
Olga,JENSEN,9/26/86,740.438,FDCP 321828091,259
Annie,VARGAS,6/3/91,202.213,CDTZ 154412988,260
Clara,BYRD,6/29/84,920.914,TDOU 330839666,261
Marjorie,DAVIDSON,2/8/80,684.757,PLXI 470396060,262
Pauline,HOPKINS,8/3/96,653.13,ETJS 131967366,263
Vera,MAY,11/6/02,257.265,VKSD 844853139,264
Mary,TERRY,10/25/90,532.441,YINB 441886985,265
Margaret,HERRERA,7/23/80,87.6436,ODBI 932786634,266
Agnes,WADE,12/3/97,260.497,ICGX 200984815,267
Betty,SOTO,12/4/98,877.384,RMJO 916341806,268
Lillian,WALTERS,3/26/86,686.125,KSOT 820116459,269
Mildred,CURTIS,9/9/82,93.7402,JOVB 502188409,270
Esther,NEAL,12/24/83,111.276,FABS 733213610,271
Helen,CALDWELL,12/27/82,361.601,ZHEA 141861402,272
Ruth,LOWE,9/15/87,576.691,HJTN 670169952,273
Anna,JENNINGS,8/11/89,593.211,QFTA 324335830,274
Dorothy,BARNETT,2/3/93,666.557,NKMC 788432193,275
Emma,GRAVES,2/21/88,288.778,YLRT 220192984,276
Evelyn,JIMENEZ,11/19/82,775.767,KZNL 574144290,277
Norma,HORTON,9/17/84,288.379,PKAT 746000628,278
Sarah,SHELTON,12/24/87,329.642,QAUK 500711196,279
Florence,BARRETT,1/16/82,189.751,BAUU 611541461,280
Louise,OBRIEN,3/15/89,984.363,OILA 132864437,281
Marie,CASTRO,4/14/83,3.57857,OYWG 472358646,282
Pauline,SUTTON,8/4/80,827.391,KQSY 745761210,283
Alice,GREGORY,2/25/90,331.479,LNML 180486747,284
Annie,MCKINNEY,9/29/98,188.201,YCHT 335695043,285
Beatrice,LUCAS,1/2/99,436.497,WUNQ 526656304,286
Elena,MILES,3/29/92,958.637,OEYZ 637256933,287
Elsie,CRAIG,5/19/82,918.93,INDF 275984259,288
Irene,RODRIQUEZ,9/17/94,764.871,WPLO 813309573,289
Jean,CHAMBERS,10/18/89,699.075,NZBA 591599713,290
Katherine,HOLT,3/25/01,121.143,IZNP 489206444,291
Virginia,THOMPSON,5/4/88,685.786,ZMNN 750138960,292
Mary,GARCIA,5/24/98,383.832,DBHB 198178299,293
Margaret,MARTINEZ,11/26/01,774.273,MKOQ 118777524,294
Alice,ROBINSON,8/17/96,943.051,JMFU 643069999,295
Anna,HALE,7/18/94,916.273,TIBV 148792637,296
Lucy,RHODES,1/24/95,861.917,MDIZ 420545765,297
Martha,PENA,2/5/93,203.548,BZFP 780528598,298
Esther,BECK,10/27/84,793.657,ISOQ 544448192,299
Helen,NEWMAN,3/21/96,548.042,OCDD 777641695,300
Elizabeth,HAYNES,2/28/87,297.288,TMFZ 753529804,301
Florence,MCDANIEL,6/9/82,904.932,GSPI 338097293,302
Gladys,MENDEZ,4/21/84,909.643,YURH 592851663,303
Irene,BUSH,3/16/01,873.979,LIUR 813695167,304
Ruth,VAUGHN,12/5/97,498.144,HAPV 915856756,305
Grace,PARKS,7/20/86,576.2,JJTN 674818347,306
Hazel,DAWSON,3/21/00,162.757,MGZR 550016738,307
Jessie,SANTIAGO,10/26/94,273.911,GYYV 293559523,308
Julia,NORRIS,1/19/97,864.579,MUBE 332431184,309
Mildred,HARDY,10/25/94,492.399,VQJQ 143943231,310
Patricia,LOVE,1/28/86,463.662,HXIX 372002298,311
Pauline,STEELE,3/12/83,848.942,YGCS 756012424,312
Clara,CURRY,5/21/90,495.977,PEAP 783794137,313
Laura,POWERS,4/27/82,291.053,FVUE 859504269,314
Marian,SCHULTZ,2/25/93,180.421,BRKC 677069332,315
Marie,BARKER,5/12/97,684.178,MYLV 851545120,316
Sophie,GUZMAN,4/19/89,727.55,TDMC 616792335,317
Mary,PAGE,11/14/81,139.058,FAHI 113326205,318
Dorothy,MUNOZ,9/15/00,603.109,AYXB 761632612,319
Helen,THOMPSON,4/7/90,492.422,TGIN 560247722,320
Alice,GARCIA,7/10/85,838.134,ZPCJ 491694228,321
Betty,MARTINEZ,9/15/82,724.252,YVQK 710516325,322
Elizabeth,ROBINSON,3/27/91,178.208,FDUR 715449503,323
Florence,LEONARD,4/6/83,221.966,VXGC 307609625,324
Barbara,WALSH,11/9/80,498.525,ADDX 293317649,325
Anna,LYONS,8/22/98,121.259,RQLZ 244121220,326
Annie,RAMSEY,1/30/84,138.238,WYTY 262086674,327
Margaret,WOLFE,2/27/97,360.443,LWEB 400448690,328
Ruth,SCHNEIDER,12/17/84,324.807,WGKR 340846565,329
Agnes,MULLINS,6/26/95,931.895,QMVX 943078173,330
Elsie,BENSON,9/13/00,908.485,BXSE 621968930,331
Emma,SHARP,11/5/84,622.095,WWMH 840587560,332
June,BOWEN,4/11/95,836.828,QDUK 849002327,333
Katherine,DANIEL,6/20/92,818.128,DWZH 193897841,334
Lena,BARBER,6/17/96,496.074,GEER 917297730,335
Esther,CUMMINGS,4/6/80,334.972,CIIY 844350054,336
Evelyn,HINES,6/8/95,394.327,XZEP 310997142,337
Irene,BALDWIN,3/11/95,658.831,ZLAL 249293585,338
Laura,GRIFFITH,6/11/91,608.883,VCXQ 768360337,339
Lillian,VALDEZ,2/26/81,258.906,ZTJZ 556799501,340
Louise,HUBBARD,12/17/00,151.23,GGFL 140491908,341
Olga,SALAZAR,3/12/86,72.545,ANFJ 914084671,342
Sophie,REEVES,11/22/90,107.848,LGLP 514691447,343
Mary,WARNER,5/5/98,647.207,PPHQ 855880973,344
Margaret,STEVENSON,2/19/89,363.598,AMDY 131512457,345
Annie,BURGESS,2/27/02,288.27,QYVZ 183240346,346
Dorothy,SANTOS,10/10/83,331.386,XGDC 918716987,347
Alice,TATE,6/17/89,91.1486,BDFH 718790953,348
Anna,CROSS,12/30/97,427.328,RSSC 520776367,349
Helen,GARNER,1/2/82,934.495,OSYW 405758674,350
Elizabeth,MANN,11/2/00,583.57,ZWUC 398963841,351
Irene,MACK,3/7/89,265.461,XTTS 833677146,352
Marie,MOSS,8/3/97,658.747,QPZU 757834797,353
Betty,THORNTON,5/15/90,761.778,RVVX 733074621,354
Emma,DENNIS,11/18/93,487.427,HOVA 205295069,355
Elsie,MCGEE,10/21/84,157.272,EOKC 718564454,356
Shirley,FARMER,12/15/81,883.037,TBHN 460482543,357
Sophie,DELGADO,5/29/88,625.665,CKXV 253737407,358
Agnes,AGUILAR,2/28/01,517.715,QMTQ 230034085,359
Barbara,VEGA,3/29/00,207.844,MHDH 363299783,360
Clara,GLOVER,2/26/01,557.561,GOUC 279944341,361
Edna,MANNING,7/1/02,426.199,LHDW 621257961,362
Florence,COHEN,4/20/84,829.939,NPMV 459156067,363
Frances,HARMON,9/2/86,394.388,QXOO 216588148,364
Julia,RODGERS,5/28/96,244.327,REGL 785954258,365
Katherine,ROBBINS,7/21/86,326.013,OXDR 834314824,366
Lillian,NEWTON,8/20/02,729.36,IYUC 276481739,367
Mabel,TODD,1/31/89,638.654,JOIM 139925668,368
Martha,THOMPSON,12/4/88,984.845,SAAF 476152392,369
Ruth,GARCIA,10/10/86,338.243,DWTS 853544602,370
Mary,MARTINEZ,9/12/84,897.56,NJPU 461192547,371
Margaret,ROBINSON,9/28/80,136.075,KITN 849755471,372
Betty,CANNON,11/6/80,410.788,YWYS 113899482,373
Dorothy,STRICKLAND,10/14/99,5.40855,ABMI 947179827,374
Agnes,TOWNSEND,11/9/95,783.282,XBOY 594334946,375
Eva,POTTER,2/26/92,774.386,KCDE 340820624,376
Julia,GOODWIN,2/15/85,293.678,NREC 794122880,377
Elizabeth,WALTON,7/15/99,114.668,ZNUT 510546239,378
Helen,ROWE,11/12/99,865.535,URXT 137148441,379
Martha,HAMPTON,3/6/01,721.006,VTLI 446085300,380
Alice,ORTEGA,5/29/85,49.1625,ZGEO 185430670,381
Esther,PATTON,5/20/94,449.105,LZGO 252773383,382
Frances,SWANSON,5/16/91,986.467,ABVE 219160198,383
Irene,JOSEPH,1/21/95,707.909,GERB 253331329,384
Mabel,FRANCIS,9/17/94,210.883,SWOP 905239767,385
Nancy,GOODMAN,3/21/00,473.894,YLJK 646683880,386
Pauline,MALDONADO,6/25/96,865.181,MKAQ 793537129,387
Bertha,YATES,4/11/84,93.9195,EBYL 967823552,388
Evelyn,BECKER,3/8/94,99.5593,BLQW 631677762,389
Florence,ERICKSON,2/13/80,382.896,VDUN 658052537,390
Josephine,HODGES,5/25/84,301.763,RGBG 279655525,391
Ruth,RIOS,1/5/82,657.12,RFHA 864020957,392
Virginia,CONNER,7/17/97,809.095,BMZB 635935839,393
Mary,ADKINS,3/17/85,131.702,YGEX 199384348,394
Alice,WEBSTER,11/8/00,51.5083,TYDK 712161670,395
Helen,NORMAN,9/15/89,53.4223,TFZN 856808851,396
Anna,MALONE,6/30/82,457.716,EFZG 758744631,397
Marie,HAMMOND,8/9/00,780.868,VXQC 505104931,398
Doris,FLOWERS,4/14/84,692.076,GEKG 928431549,399
Elizabeth,COBB,4/19/90,442.56,NFNR 322687459,400
Martha,MOODY,7/31/00,119.111,ELBH 177446495,401
Esther,QUINN,8/31/95,589.637,XBBW 844934652,402
Agnes,BLAKE,5/16/98,578.635,UBUT 623513968,403
Barbara,MAXWELL,8/23/87,529.899,GOFW 373667867,404
Betty,POPE,7/19/99,595.045,DDWN 705942425,405
Dolly,FLOYD,12/11/82,361.917,CBOP 423052769,406
Evelyn,OSBORNE,1/25/93,304.285,QUDR 753567982,407
Jean,PAUL,12/14/91,888.723,ZODA 174310957,408
Katherine,MCCARTHY,2/22/98,476.585,SVNN 504875746,409
Margaret,GUERRERO,8/1/85,169.82,VTDA 609112843,410
Nancy,LINDSEY,6/17/98,609.729,UDTQ 663490757,411
Pauline,ESTRADA,2/6/98,525.747,CTSR 700803502,412
Virginia,SANDOVAL,12/18/97,618.925,LHCP 405035656,413
Carrie,GIBBS,3/7/86,596.196,FOOI 985147281,414
Clara,TYLER,2/23/80,233.656,ABLN 646648006,415
Dorothy,GROSS,3/22/94,829.808,ZIHD 599400054,416
Florence,FITZGERALD,10/23/01,70.0902,YXMR 424549230,417
Jane,STOKES,4/21/96,98.8374,EUIW 615461485,418
Joan,DOYLE,2/25/83,923.728,RITU 499941245,419
Lillian,SHERMAN,4/12/99,169.65,SZMH 928084417,420
Patricia,SAUNDERS,2/27/99,481.733,CHJN 370247094,421
Sophie,WISE,12/31/88,225.491,XNDF 829711914,422
Mary,COLON,9/29/92,826.769,NDOA 670909625,423
Alice,GILL,1/5/82,290.829,DEPL 820636997,424
Annie,ALVARADO,1/9/87,357.193,ACKU 155859926,425
Ruth,GREER,8/15/80,878.278,HMVU 885557008,426
Dorothy,PADILLA,8/9/96,344.251,DXBM 802888489,427
Elizabeth,SIMON,4/18/89,814.909,WKYA 488266676,428
Agnes,WATERS,6/21/81,659.146,POSD 638897685,429
Helen,NUNEZ,10/14/99,36.3274,NGTC 602625767,430
Betty,BALLARD,3/4/85,257.469,UDVE 742809691,431
Christine,SCHWARTZ,8/2/82,778.257,RMKN 919235397,432
Evelyn,MCBRIDE,2/24/81,625.964,ERFG 367282140,433
Grace,HOUSTON,4/24/02,836.104,QDOP 245344175,434
Margaret,CHRISTENSEN,7/25/83,308.157,EESW 255905290,435
Anna,KLEIN,8/14/89,221.009,HKOA 369106076,436
Clara,PRATT,4/2/00,198.021,HVRC 566070359,437
Irene,BRIGGS,9/11/83,612.442,OUMZ 101901743,438
Lena,PARSONS,10/26/96,109.733,UEZZ 385250537,439
Martha,MCLAUGHLIN,9/5/89,674.605,DQOS 481565546,440
Mary,ZIMMERMAN,12/11/88,782.262,TWJL 288758673,441
Margaret,FRENCH,1/29/91,719.462,RTDG 769950601,442
Alice,BUCHANAN,2/3/93,200.352,RNOI 775024336,443
Martha,MORAN,2/11/87,401.188,OXKB 653373174,444
Anna,COPELAND,4/28/82,315.658,SWAS 881626670,445
Clara,ROY,9/16/00,434.009,LWMA 867591763,446
Elizabeth,PITTMAN,7/25/88,230.996,RTLB 605746797,447
Louise,BRADY,9/17/88,385.748,ETYI 293530084,448
Annie,MCCORMICK,6/12/97,532.846,SZMG 972376999,449
Dorothy,HOLLOWAY,11/3/92,154.724,CVFN 385792845,450
Frances,BROCK,3/1/96,555.398,CFTC 906244903,451
Nancy,POOLE,9/2/81,14.5793,POUC 935742655,452
Ruth,FRANK,4/6/02,380.215,IUJU 631465844,453
Carrie,LOGAN,8/9/80,382.167,OYON 858906714,454
Eleanor,OWEN,9/17/88,305.408,OFGA 334866643,455
Helen,BASS,8/7/85,737.408,ODIU 530097877,456
Marjorie,MARSH,1/24/96,260.445,FWWY 673214592,457
Cecelia,DRAKE,5/15/92,649.659,UOOO 974852713,458
Katherine,WONG,10/14/99,552.316,DXLM 687547892,459
Marie,JEFFERSON,9/24/90,919.591,HBQW 719559539,460
Virginia,PARK,5/31/92,685.986,XKUD 602458125,461
Elena,MORTON,6/23/92,809.785,GSOO 486776154,462
Esther,ABBOTT,5/1/93,697.848,FTJB 542092382,463
Ethel,SPARKS,6/21/97,311.95,IWHW 751454174,464
Evelyn,PATRICK,10/13/80,645.889,YZIJ 476906570,465
Jean,NORTON,1/2/93,6.00477,AQNQ 529590463,466
Laura,HUFF,10/2/97,532.96,COXW 552833286,467
Shirley,CLAYTON,4/14/92,843.91,ICKX 715107843,468
Mary,MASSEY,5/18/80,618.447,XCLG 694272220,469
Martha,LLOYD,11/8/01,642.693,DOAL 238037560,470
Agnes,FIGUEROA,5/21/96,518.515,KJKT 481398869,471
Margaret,CARSON,12/3/96,400.709,XUKK 778041227,472
Betty,BOWERS,7/16/89,362.154,XNZV 490318709,473
Elizabeth,ROBERSON,4/30/90,718.867,RDLB 416666148,474
Marie,BARTON,4/24/81,801.897,CYDO 129461605,475
Alice,TRAN,11/25/90,677.812,HRTH 257946511,476
Helen,LAMB,8/19/91,152.876,ESNP 212889885,477
Louise,HARRINGTON,3/29/92,32.8927,GMGR 509929055,478
Lucy,CASEY,3/11/02,63.5606,ROKQ 906423259,479
Patricia,BOONE,2/7/92,685.722,THNF 439639456,480
Shirley,CORTEZ,11/20/98,187.616,OIHR 422854668,481
Irene,CLARKE,7/17/90,618.958,MYOF 867360008,482
Lillian,MATHIS,12/2/92,700.301,RJYE 312877939,483
Barbara,SINGLETON,6/10/80,567.831,KLKQ 951047419,484
Dorothy,WILKINS,7/20/02,1.12548,IHRS 180922291,485
Evelyn,CAIN,12/15/96,5.70914,AMGO 948983408,486
Frances,BRYAN,7/4/92,305.239,PCZX 696592336,487
Ruth,UNDERWOOD,1/9/82,261.57,VJTJ 799642195,488
Thelma,HOGAN,1/15/81,655.368,ZAYX 627842024,489
Ann,MCKENZIE,7/20/88,857.555,XHQI 285389700,490
Anna,COLLIER,5/16/93,181.161,SQFJ 933236711,491
Bertha,LUNA,10/2/84,341.354,EKVK 417653544,492
Clara,PHELPS,4/2/97,667.341,MABL 974974597,493
Joan,MCGUIRE,5/15/98,879.009,WHHP 934519480,494
Lena,ALLISON,10/14/99,653.305,XORV 688869441,495
Lois,BRIDGES,1/31/97,313.23,XTTN 514481847,496
Mildred,WILKERSON,7/16/85,885.014,RGSX 158557163,497
Pauline,NASH,9/17/87,186.265,BBBW 673262687,498
Rose,SUMMERS,10/18/94,157.139,AJNC 540690293,499
Sally,ATKINS,2/4/82,503.461,LYCT 824058788,500
Virginia,WILCOX,9/15/96,828.957,TQCL 584384213,501
Mary,PITTS,12/9/84,675.654,OIFI 533896687,502
Helen,CONLEY,9/19/86,904.17,HZCZ 873395724,503
Elizabeth,MARQUEZ,7/30/87,191.112,TBZU 913295718,504
Irene,BURNETT,9/9/98,394.521,MVHZ 931616377,505
Betty,RICHARD,6/11/98,706.067,CKXE 944043755,506
Margaret,COCHRAN,9/29/98,868.924,LXUN 247291098,507
Martha,CHASE,1/19/86,547.397,HBRN 409147413,508
Pauline,DAVENPORT,8/12/98,738.959,NUJQ 448303112,509
Josephine,HOOD,9/16/88,932.485,HKWG 815983616,510
Marie,GATES,6/8/91,233.119,UTAB 282078933,511
Agnes,CLAY,9/7/02,926.576,ZDDW 741087840,512
Janet,AYALA,12/30/85,551.443,HHFC 361719455,513
Joan,SAWYER,4/16/98,933.42,OJXF 837096716,514
Louise,ROMAN,1/6/97,494.407,HTRR 898074189,515
Lucy,VAZQUEZ,11/20/81,552.568,MYUI 455357438,516
Alice,DICKERSON,8/10/88,939.129,ZCYA 294074279,517
Lillian,HODGE,11/10/86,799.646,RAHU 232666498,518
Mildred,ACOSTA,9/30/00,814.139,OCET 885613077,519
Bertha,FLYNN,2/22/85,594.497,ZHOW 263810997,520
Edith,ESPINOZA,8/6/97,657.201,LEHD 572390544,521
Esther,NICHOLSON,7/27/80,995.3,RQUL 845848931,522
Evelyn,MONROE,10/25/85,935.852,ZLBY 951753574,523
Florence,WOLF,8/2/83,324.541,FPMM 534546999,524
Maria,MORROW,5/4/95,874.309,JAMN 456179012,525
Ruth,KIRK,6/30/99,589.157,RNCF 812552787,526
Mary,RANDALL,11/18/90,637.771,QROX 462577816,527
Elizabeth,ANTHONY,2/15/97,759.324,KOKE 824162113,528
Margaret,WHITAKER,1/7/81,775.421,JEMK 124555388,529
Anna,OCONNOR,4/10/80,794.91,ZPSL 202884167,530
Shirley,SKINNER,1/29/96,262.785,CVCP 170321266,531
Alice,WARE,1/16/00,604.379,XGWZ 409739987,532
Barbara,MOLINA,4/11/97,470.564,GQEV 536730905,533
Betty,KIRBY,10/14/99,166.955,YFCJ 568433651,534
Helen,HUFFMAN,2/12/93,795.49,DTOP 465169447,535
Irene,BRADFORD,12/27/95,865.086,ROUK 247925722,536
Nancy,CHARLES,5/22/94,873.021,WNVY 107989348,537
Martha,GILMORE,2/25/84,664.414,EWJA 207776449,538
Virginia,DOMINGUEZ,3/26/95,412.483,WHMA 871443406,539
Dorothy,ONEAL,4/3/00,611.981,ZZJC 217881482,540
Lillian,BRUCE,1/4/84,596.899,TFCI 428225160,541
Patricia,LANG,11/5/83,645.601,HAJB 818467543,542
Agnes,COMBS,8/14/95,538.557,JXZE 499237401,543
Arlene,KRAMER,3/27/02,148.342,CJSM 881179560,544
Carol,HEATH,10/30/01,579.022,PIRB 444210942,545
Charlotte,HANCOCK,6/28/87,32.9634,VBIE 419848369,546
Edith,GALLAGHER,1/9/84,700.91,SYJV 235922291,547
Evelyn,GAINES,4/13/99,518.151,DCIN 353539876,548
Flora,SHAFFER,12/21/95,832.609,TWBS 233269281,549
Marie,SHORT,10/29/91,515.049,YVKQ 153819830,550
Rose,WIGGINS,1/29/93,112.648,UGPM 352420130,551
Ruth,MATHEWS,3/26/96,489.81,ZHJH 368774666,552
Sally,MCCLAIN,11/15/99,510.349,NAKW 510130887,553
Wilma,FISCHER,10/21/86,48.4997,RAXZ 844541355,554
Mary,WALL,10/13/83,814.351,BTKD 575270842,555
Elizabeth,SMALL,2/27/82,384.658,LBHW 530196293,556
Anna,MELTON,4/29/02,637.656,ORYE 729338359,557
Dorothy,HENSLEY,2/6/85,452.122,GELP 228002521,558
Patricia,BOND,10/4/95,143.982,WCMH 515700908,559
Agnes,DYER,4/29/87,413.078,HYZF 977378542,560
Alice,CAMERON,10/14/99,247.033,NHSY 949240513,561
Margaret,GRIMES,8/6/83,406.767,EKMM 475075364,562
Nancy,CONTRERAS,6/1/02,17.4566,EAYC 332571894,563
Shirley,CHRISTIAN,9/27/90,717.597,BIJM 299053541,564
Virginia,WYATT,11/20/82,573.721,VJAI 934074148,565
Carol,BAXTER,12/24/91,812.947,APPA 688408391,566
Evelyn,SNOW,12/2/88,582.682,ONDG 848190586,567
Joan,MOSLEY,3/7/86,446.743,OKVA 505310423,568
Katherine,SHEPHERD,11/1/89,477.361,CEXA 893368877,569
Marjorie,LARSEN,3/11/92,995.165,DCPN 341702614,570
Nellie,HOOVER,6/8/90,58.7232,NJZO 626063990,571
Helen,BEASLEY,8/27/90,74.2604,QOHF 695366288,572
Jacqueline,GLENN,8/10/93,640.766,CUCF 617433614,573
Julia,PETERSEN,1/2/94,597.28,OTLK 113545920,574
Lucy,WHITEHEAD,10/14/99,222.602,IMYG 792875603,575
Martha,MEYERS,8/29/82,219.788,FJPV 551056152,576
Nora,KEITH,12/29/99,630.243,EIGD 895506383,577
Ruth,GARRISON,4/5/00,923.513,XTME 907681710,578
Theresa,VINCENT,9/2/82,737.939,BHTD 976957942,579
Amelia,SHIELDS,3/9/82,462.852,TSGF 546560041,580
Christine,HORN,9/23/90,438.562,ANOZ 175221735,581
Dolores,SAVAGE,2/11/96,850.586,BECR 763952061,582
Elsie,OLSEN,9/29/92,952.662,ZVIF 988225796,583
Esther,SCHROEDER,4/30/99,948.911,FDSR 970953339,584
Geraldine,HARTMAN,10/3/00,899.086,STOL 362856779,585
Lydia,WOODARD,11/23/98,767.014,BFOI 889073269,586
Marie,MUELLER,9/23/97,333.569,RJXF 453668946,587
Mary,KEMP,8/31/95,536.742,QHMT 389373365,588
Margaret,DELEON,9/22/98,219.136,MTUV 948465230,589
Carol,BOOTH,10/28/99,477.551,TACM 966662079,590
Barbara,PATEL,4/18/82,949.82,JELY 746289446,591
Virginia,CALHOUN,1/22/99,466.169,IAUX 637262154,592
Betty,WILEY,7/13/84,884.318,EORC 388821551,593
Anna,EATON,5/23/82,967.277,ZSBM 800336365,594
Donna,CLINE,4/17/81,183.765,AZFU 524420738,595
Pauline,NAVARRO,2/13/83,458.039,ENVG 810891510,596
Shirley,HARRELL,11/5/00,780.224,NQDZ 985837609,597
Annie,LESTER,6/24/94,766.448,TIPN 620205621,598
Edith,HUMPHREY,4/15/94,904.782,XSUO 293015514,599
Irene,PARRISH,2/9/87,257.585,OOOP 833861998,600
Lucy,DURAN,4/18/84,761.612,AQBF 152882821,601
Marie,HUTCHINSON,2/18/97,963.505,VKYQ 463087488,602
Martha,HESS,4/5/90,331.846,XEHB 684642378,603
Patricia,DORSEY,5/17/99,402.379,WUML 256221221,604
Sophie,BULLOCK,6/26/93,560.785,SIBM 392132233,605
Elizabeth,ROBLES,8/29/82,554.448,WAMK 922653849,606
Gladys,BEARD,7/24/92,622.167,NKGP 674036779,607
Lois,DALTON,3/8/95,191.028,RKAP 679052299,608
Nancy,AVILA,10/18/90,477.961,RMGZ 149207220,609
Agnes,VANCE,2/22/00,360.105,KVIX 595620212,610
Ann,RICH,4/30/84,653.88,RPQS 349852342,611
Christine,BLACKWELL,2/2/97,916.523,NPCA 170612640,612
Doris,YORK,7/11/88,210.692,TOKZ 989543430,613
Florence,JOHNS,6/23/91,606.542,BRNC 215761496,614
Grace,BLANKENSHIP,1/7/80,865.434,PUTV 327187318,615
Helen,TREVINO,2/27/99,109.778,HGPQ 770873602,616
Joan,SALINAS,9/13/97,373.556,WHTM 231976980,617
June,CAMPOS,5/19/91,199.003,VAPY 119618497,618
Sally,PRUITT,10/13/97,646.52,PROA 122777930,619
Sylvia,MOSES,9/17/87,592.692,SBIG 703689309,620
Mary,CALLAHAN,12/27/80,676.554,PVXI 229259230,621
Alice,GOLDEN,9/30/02,596.341,RQXG 693910965,622
Carol,MONTOYA,1/16/80,58.8605,BCPU 354989122,623
Marie,HARDIN,7/29/87,560.872,PQPF 621710508,624
Patricia,GUERRA,7/29/81,563.617,QUGF 607195435,625
Betty,MCDOWELL,5/3/86,242.626,XXWG 825219503,626
Barbara,DELANEY,2/24/82,18.9108,AVZX 225299154,627
Shirley,PATE,9/5/91,343.841,QPUN 247416184,628
Annie,LANCASTER,10/14/99,9.07344,CPYR 846089290,629
Evelyn,SWEET,10/23/91,923.692,NHAC 447754398,630
Nancy,JUSTICE,10/21/80,601.427,PSIV 554316284,631
Ruth,BOOKER,10/12/00,770.686,DSVZ 921414306,632
Virginia,MERRITT,10/14/99,887.197,YZUX 965265613,633
Beverly,MIRANDA,10/14/99,933.273,YOMT 911352332,634
Florence,ATKINSON,2/18/85,173.065,IVRG 173686130,635
Katherine,ORR,10/14/99,447.982,BTVB 569424385,636
Marjorie,DECKER,7/5/85,487.721,IQPQ 873005176,637
Rose,HOBBS,1/26/80,795.231,MTEH 522472085,638
Agnes,PRESTON,3/9/84,639.009,DGSY 746155625,639
Dorothy,TANNER,9/2/83,965.682,PXSC 255779703,640
Elizabeth,KNOX,9/27/00,155.336,UKMM 681501289,641
Gertrude,PACHECO,8/19/93,292.889,ANKV 683216082,642
Helen,STEPHENSON,6/12/01,882.204,GDGV 633594993,643
Jean,GLASS,10/15/89,366.028,SINX 789748070,644
Lillian,ROJAS,1/20/89,899.431,FBXY 671074997,645
Louise,SERRANO,3/2/02,747.638,BNXU 999470806,646
Margaret,MARKS,6/19/01,475.806,NPAA 648161460,647
Bernice,HICKMAN,6/21/81,272.987,RAPB 150381150,648
Grace,ENGLISH,8/26/00,946.64,EIZK 873717677,649
Josephine,SWEENEY,10/16/83,122.326,TDNH 252045690,650
Joyce,STRONG,9/8/84,865.679,DNCA 134405856,651
Rosemary,PRINCE,3/27/81,623.194,CCYZ 482495384,652
Sandra,MCCLURE,3/10/95,718.666,ONLO 880230161,653
Sylvia,CONWAY,8/3/80,924.54,NFPC 594255460,654
Mary,WALTER,12/3/91,184.066,LGQL 361093611,655
Elizabeth,ROTH,12/8/82,282.284,UFUH 707306320,656
Martha,MAYNARD,11/22/83,167.165,VLZY 536803700,657
Alice,FARRELL,12/4/97,202.977,KBNJ 501996207,658
Carol,LOWERY,11/24/89,626.125,KXOW 124105822,659
Helen,HURST,12/17/85,176.239,CJSR 536177219,660
Jean,NIXON,3/7/96,126.669,ADSQ 502807166,661
Ruth,WEISS,3/14/02,227.552,JKUE 618287798,662
Virginia,TRUJILLO,11/21/98,946.925,HADG 723288039,663
Patricia,ELLISON,12/8/82,13.8663,ORAC 976633666,664
Barbara,SLOAN,5/8/83,160.824,BMYP 126135559,665
Karen,JUAREZ,7/6/85,119.989,LRSD 408106016,666
Margaret,WINTERS,9/3/91,461.848,DDNW 437864467,667
Phyllis,MCLEAN,6/2/84,648.545,CGEW 785494892,668
Anna,RANDOLPH,10/28/87,915.221,WDLZ 481145539,669
Dorothy,LEON,1/28/81,100.857,LNBL 459477589,670
Frances,BOYER,10/3/93,614.227,CMDB 667695834,671
Josephine,VILLARREAL,9/10/98,70.557,MMTE 166344274,672
Sally,MCCALL,7/7/85,393.746,DITQ 654257567,673
Elsie,GENTRY,9/4/00,496.431,NSKR 255856745,674
Emily,CARRILLO,11/17/82,436.585,VOTH 636853675,675
Lorraine,KENT,2/2/88,293.177,DSBF 569247229,676
Marilyn,AYERS,8/23/92,244.069,RHQV 244223582,677
Natalia,LARA,10/5/94,912.391,SHVM 413080879,678
Sarah,SHANNON,1/31/95,566.164,LQTF 498637631,679
Bertha,SEXTON,2/1/93,190.709,YSZI 338984969,680
Betty,PACE,9/26/90,34.7164,PEYI 463888871,681
Grace,HULL,7/18/91,431.844,MMEN 518054912,682
Irene,LEBLANC,9/5/98,813.904,IFZZ 703136678,683
Janet,BROWNING,8/25/80,753.383,ISID 128834351,684
Judith,VELASQUEZ,10/21/83,356.383,TPUN 265149654,685
Marjorie,LEACH,2/24/95,997.97,BLMB 800922524,686
Nancy,CHANG,8/11/96,35.6664,XQZW 808612558,687
Pauline,HOUSE,4/4/90,523.548,LILP 981146581,688
Mary,SELLERS,12/7/93,200.947,CYBC 868599240,689
Barbara,HERRING,7/11/93,661.792,CKQK 944110853,690
Patricia,NOBLE,1/2/93,699.787,VEDQ 598411594,691
Alice,FOLEY,7/18/89,327.616,XSDK 708766325,692
Annie,BARTLETT,5/10/02,889.343,XIKW 783071775,693
Helen,MERCADO,5/29/82,646.712,KHMV 245756617,694
Margaret,LANDRY,6/21/01,341.482,IYWK 918737343,695
Dorothy,DURHAM,3/25/93,50.1679,UNLL 130623638,696
Marie,WALLS,11/14/87,766.701,ZGCD 941030593,697
Sharon,BARR,4/24/95,803.33,UBPX 902904355,698
Agnes,MCKEE,12/23/97,698.713,JUUT 512789125,699
Betty,BAUER,6/9/02,681.922,YDZK 709070550,700
Carol,RIVERS,2/9/86,904.187,XTYT 983473733,701
Clara,EVERETT,7/26/88,312.94,ZORK 252264250,702
Julia,BRADSHAW,7/5/00,752.479,QKGS 989655812,703
Sally,PUGH,8/16/84,297.933,DMPT 582907464,704
Anna,VELEZ,7/1/82,809.371,BCFV 457105589,705
Carolyn,RUSH,2/6/98,189.064,WTZW 856390143,706
Elizabeth,ESTES,6/2/93,591.111,ZTXX 244883413,707
Irene,DODSON,2/13/80,53.4394,CWAU 540368643,708
Judith,MORSE,11/10/97,101.454,AKRH 339957882,709
Lucy,SHEPPARD,11/25/91,157.275,FLQU 209995264,710
Martha,WEEKS,2/27/79,244.149,AVGF 242154452,711
Susan,CAMACHO,6/14/81,136.171,CCKB 682329706,712
Donna,BEAN,5/30/00,589.119,OBSM 958930874,713
Evelyn,BARRON,8/19/80,58.0523,EOUF 944610519,714
Florence,LIVINGSTON,9/5/92,889.553,BGST 396902376,715
Frances,MIDDLETON,7/9/92,945.502,WYYM 574202809,716
Judy,SPEARS,2/23/96,56.0222,CMOJ 759859780,717
Karen,BRANCH,2/26/98,925.22,FLVP 741019204,718
Nancy,BLEVINS,11/22/84,469.05,TENL 548072376,719
Rose,CHEN,5/17/91,256.969,MQEH 664524621,720
Virginia,KERR,3/21/86,587.011,NIDG 881627647,721
Diane,MCCONNELL,4/6/84,168.837,QCAP 169325983,722
Gloria,HATFIELD,2/18/94,584.585,TSBI 607779153,723
Janice,HARDING,3/5/93,476.355,TNMP 146485736,724
Joanne,ASHLEY,9/28/83,815.549,ZIHN 226030040,725
Katherine,SOLIS,4/13/86,926.068,YZLC 826266894,726
Lillian,HERMAN,1/17/93,526.523,IQPL 340523853,727
Marilyn,FROST,10/21/86,582.25,RCYS 874195626,728
Pauline,GILES,1/18/82,729.398,NLJO 708323537,729
Sandra,BLACKBURN,6/17/84,225.236,LIIX 799241803,730
Shirley,WILLIAM,10/6/87,264.172,LXGT 927257967,731
Theresa,PENNINGTON,12/14/02,633.585,BRKN 464587833,732
Mary,WOODWARD,8/18/83,538.175,RWKH 804279364,733
Barbara,FINLEY,3/23/96,16.6506,GYJF 356386490,734
Patricia,MCINTOSH,5/15/99,931.518,BSDK 696744484,735
Judy,KOCH,9/23/97,347.546,XWQF 371258853,736
Margaret,BEST,3/24/83,205.714,ORQV 786823004,737
Nancy,SOLOMON,7/18/95,522.629,BXCL 467987117,738
Alice,MCCULLOUGH,8/18/87,400.985,WDGG 479251806,739
Carol,DUDLEY,5/2/00,307.168,ONJX 452339324,740
Helen,NOLAN,9/27/99,679.904,AZMD 770357337,741
Karen,BLANCHARD,9/27/80,645.134,UAGK 444956400,742
Martha,RIVAS,11/15/90,443.339,ZZXQ 314600473,743
Dorothy,BRENNAN,7/22/80,269.022,HSSK 821872317,744
Julia,MEJIA,6/2/97,703.186,DGHK 246621112,745
Sharon,KANE,3/23/84,332.892,RYBA 572835259,746
Ann,BENTON,4/28/01,214.524,UAVH 874266613,747
Elizabeth,JOYCE,12/16/96,759.208,FBFL 251899939,748
Pauline,BUCKLEY,4/4/86,258.112,LLLI 521935418,749
Marie,HALEY,3/16/99,683.574,GQUY 181236013,750
Agnes,VALENTINE,1/7/00,16.1775,ZBHG 129362515,751
Annie,MADDOX,2/28/97,845.123,VXKW 509183687,752
Evelyn,RUSSO,7/25/93,852.411,GRZC 945364181,753
Florence,MCKNIGHT,8/11/82,600.763,DHZI 953104651,754
Judith,BUCK,5/24/97,321.478,MUEX 751784492,755
Lucy,MOON,7/30/99,667.96,GETB 203896286,756
Marilyn,MCMILLAN,7/9/93,526.83,UAEC 198410229,757
Rita,CROSBY,3/8/92,848,QXEA 331593976,758
Sally,BERG,6/18/80,250.21,CHLC 789080786,759
Anna,DOTSON,4/25/83,256.228,KGQK 423985274,760
Ethel,MAYS,3/27/94,73.2357,JWJN 617156385,761
Frances,ROACH,12/31/99,514.382,MUYF 791539108,762
Janet,CHURCH,7/17/98,889.813,BAWF 853675640,763
Lois,CHAN,8/5/93,611.411,CWZH 187729762,764
Lydia,RICHMOND,6/15/01,531.033,TKEF 885895190,765
Sarah,MEADOWS,4/2/95,821.331,NPSE 535210915,766
Audrey,FAULKNER,11/18/94,958.957,HNVQ 969915808,767
Betty,ONEILL,5/24/00,736.747,PCVN 151567029,768
Ella,KNAPP,6/8/83,343.959,ROJN 408461398,769
Esther,KLINE,7/18/96,359.942,LQQL 798914306,770
Joanne,BARRY,3/24/91,43.9153,MFIQ 930254440,771
Katherine,OCHOA,1/23/88,23.8632,UEZN 462871481,772
Linda,JACOBSON,11/9/87,5.0762,YUWU 393273032,773
Mabel,GAY,6/30/99,487.254,XJOT 506691422,774
Rose,AVERY,5/12/02,292.886,XLLH 892018386,775
Ruth,HENDRICKS,1/21/90,708.262,FSPV 966107494,776
Virginia,HORNE,8/16/92,820.146,NIKV 260482487,777
Mary,SHEPARD,7/28/81,507.41,UQEU 990332487,778
Patricia,HEBERT,9/11/99,467.471,MSZI 245334215,779
Judy,CHERRY,5/28/82,78.2579,KGWZ 546354361,780
Margaret,CARDENAS,11/3/95,190.984,TXLE 995768808,781
Sharon,MCINTYRE,3/5/89,483.648,KKXZ 250460835,782
Barbara,WHITNEY,7/1/83,923.381,BNOL 310201515,783
Judith,WALLER,6/13/90,43.3947,OGAS 422942667,784
Carol,HOLMAN,6/24/88,84.411,EFTD 120335335,785
Martha,DONALDSON,11/25/97,244.858,GOUC 580013607,786
Donna,CANTU,6/14/89,711.355,UVLF 586967144,787
Elizabeth,TERRELL,7/31/00,611.241,PPKN 110609305,788
Anna,MORIN,5/21/98,92.8584,QOCF 620989104,789
Virginia,GILLESPIE,6/2/83,961.565,LUHL 130764544,790
Helen,FUENTES,2/20/80,867.469,HQRB 537264597,791
Janet,TILLMAN,7/6/82,166.094,FHIZ 779529906,792
Joan,SANFORD,9/23/86,475.947,WTFH 455752141,793
Karen,BENTLEY,2/5/86,757.282,GXOQ 969852319,794
Rose,PECK,7/18/96,777.505,DHZF 454399566,795
Sandra,KEY,4/15/90,6.98012,ARGH 545701438,796
Christine,SALAS,8/28/85,578.613,TPTL 224722096,797
Dorothy,ROLLINS,7/13/95,736.462,NQYV 679814779,798
Jane,GAMBLE,5/24/94,743.727,IRKO 683659489,799
Lois,DICKSON,7/7/87,922.572,JVWY 965668748,800
Sally,BATTLE,7/10/88,96.4041,GBTF 510536322,801
Alice,SANTANA,9/27/86,787.642,GFZN 368121049,802
Bertha,CABRERA,12/17/90,946.435,DGCW 554360788,803
Betty,CERVANTES,3/21/84,101.48,TKIR 718639533,804
Catherine,HOWE,12/6/88,274.897,ZAXK 296072486,805
Florence,HINTON,5/14/01,239.321,WUKS 624213782,806
Frances,HURLEY,8/3/89,809.743,WYUP 752306073,807
Marie,SPENCE,4/21/87,95.0427,CVKB 256896551,808
Nancy,ZAMORA,12/2/96,746.73,XEPZ 395735076,809
Rosemary,YANG,3/18/90,277.214,GTMP 161856020,810
Sophie,MCNEIL,8/4/95,173.301,RPLO 474128753,811
Annie,SUAREZ,11/25/02,937.714,ALUK 102999000,812
Arlene,CASE,5/23/99,760.862,NGCI 221023035,813
Bonnie,PETTY,8/31/88,96.6814,GKRR 858080795,814
Carolyn,GOULD,12/29/80,981.109,ZORP 528077286,815
Jean,MCFARLAND,11/10/84,845.273,TWHF 597645073,816
Katherine,SAMPSON,4/29/94,341.54,SWBD 509967450,817
Lillian,CARVER,8/7/96,692.463,BDWW 504686971,818
Lorraine,BRAY,5/6/88,456.514,AJVC 599967059,819
Lucy,ROSARIO,10/13/89,434.398,QJCI 707481928,820
Molly,MACDONALD,6/1/02,654.029,OIPF 125049455,821
Roberta,STOUT,6/29/81,323.983,DYTL 906311014,822
Shirley,HESTER,4/10/99,600.492,FDAG 236678373,823
Susan,MELENDEZ,8/28/93,129.976,MIKJ 339670734,824
Mary,SMALL,9/27/92,81.265,ZJNU 240995591,825
Patricia,MELTON,11/24/90,377.997,FLVH 519627979,826
Carol,HENSLEY,7/3/97,136.956,WVBL 775611448,827
Sharon,BOND,4/22/95,659.878,ZPAS 143513760,828
Donna,DYER,8/2/00,114.459,EXDE 112915405,829
Dorothy,CAMERON,1/28/81,880.683,KRMV 240663265,830
Karen,GRIMES,1/11/91,582.45,QUJD 116009238,831
Margaret,CONTRERAS,2/25/91,210.863,WIAR 621640698,832
Nancy,CHRISTIAN,12/3/90,668.326,TOLV 651171911,833
Helen,WYATT,7/24/97,528.885,MUPM 993757205,834
Linda,BAXTER,2/14/94,312.343,PQKT 549892552,835
Virginia,SNOW,7/11/91,943.222,ODMA 848205073,836
Irene,MOSLEY,4/27/85,768.206,NQUX 980901685,837
Martha,SHEPHERD,12/4/86,122.086,JTDJ 810492910,838
Marie,SYKES,11/24/02,38.2648,TDZE 483287716,839
Barbara,BENJAMIN,12/26/81,514.936,ZRTO 962897503,840
Bonnie,TRAVIS,6/26/01,399.3,GDVR 245777296,841
Elizabeth,PICKETT,12/30/86,211.565,QFAD 890779526,842
Jane,CRANE,6/28/81,452.65,AQXU 318675597,843
Judith,SEARS,2/14/83,160.162,RDHU 587871893,844
Katherine,MAYO,10/17/00,308.247,SOQR 561572246,845
Susan,DUNLAP,4/3/87,433.758,PQKJ 755076998,846
Alice,HAYDEN,7/12/95,5.43489,OPIJ 270741580,847
Anna,WILDER,10/12/92,649.787,FAMG 335489978,848
Kathleen,MCKAY,10/9/94,126.222,SGUP 229675822,849
Kathryn,COFFEY,11/9/89,461.949,IHEQ 129114699,850
Lois,MCCARTY,10/23/84,84.1846,RIQI 188814450,851
Marilyn,EWING,1/23/80,780.251,JYRU 110523330,852
Roberta,COOLEY,2/5/02,785.932,WIXE 357774463,853
Ann,VAUGHAN,4/10/99,684.677,DJSQ 729764298,854
Betty,BONNER,3/3/86,910.227,WJWQ 657799595,855
Clara,COTTON,7/12/98,867.197,XZGB 969597935,856
Lucy,HOLDER,3/28/00,62.6739,JTYA 637130856,857
Ruth,STARK,9/22/86,47.1826,YJAP 186845776,858
Sally,FERRELL,5/15/95,527.075,ILMF 232568940,859
Shirley,CANTRELL,10/11/01,177.133,EJAX 656370814,860
Caroline,FULTON,12/4/84,927.866,QTJM 993831252,861
Diane,LYNN,1/5/01,109.525,IJJO 445778785,862
Edith,LOTT,1/9/95,387.996,YYFX 512582992,863
Jean,CALDERON,11/18/98,596.191,IVHJ 937065094,864
Kathy,ROSA,3/24/81,638.409,LRWY 477806925,865
Loretta,POLLARD,12/10/84,700.34,MCGM 885576746,866
Maria,HOOPER,11/17/92,539.413,FCTO 996936366,867
Myra,BURCH,2/9/90,406.615,DXZM 629560661,868
Pauline,MULLEN,10/21/83,822.426,LLKQ 513215596,869
Mary,FRY,10/15/94,577.678,IZDQ 394772293,870
Linda,RIDDLE,12/15/01,921.551,OBZL 389602011,871
Barbara,LEVY,12/15/81,221.726,WXDC 107163069,872
Sharon,DAVID,8/16/84,789.244,CIMW 456440517,873
Martha,DUKE,5/12/90,374.201,CZUB 905317603,874
Susan,ODONNELL,6/17/80,381.888,GMXQ 508610720,875
Patricia,GUY,8/17/98,97.4906,FYDJ 228731034,876
Betty,MICHAEL,3/13/82,807.959,LYQL 611798057,877
Elizabeth,BRITT,9/18/94,387.323,QHHU 442248395,878
Kathleen,FREDERICK,10/13/00,747.277,RXSE 440114803,879
Marie,DAUGHERTY,6/6/93,934.181,PHSJ 761971058,880
Janet,BERGER,5/6/80,849.272,EQVB 401368988,881
Judith,DILLARD,5/4/91,831.462,ZHEC 321595252,882
Ruth,ALSTON,8/23/02,714.432,TNPK 689409461,883
Nancy,JARVIS,1/4/90,635.204,ZBFH 950808683,884
Pauline,FRYE,2/19/98,516.139,PZSH 846165190,885
Clara,RIGGS,11/9/87,624.658,LXLE 240653617,886
Jean,CHANEY,12/16/99,502.401,TIXP 347568654,887
Judy,ODOM,8/5/86,578.813,DOQI 436204944,888
Margaret,DUFFY,7/30/99,671.841,ICEX 677999512,889
Virginia,FITZPATRICK,2/12/85,29.4762,CXOI 547104149,890
Annie,VALENZUELA,2/24/89,755.945,JYDC 250865040,891
Carol,MERRILL,8/6/93,599.707,HODS 326448201,892
Edna,MAYER,7/25/95,139.001,LMAI 733564179,893
Helen,ALFORD,1/27/89,143.942,KLQB 173561066,894
Joyce,MCPHERSON,10/30/92,195.898,HJWL 809332834,895
Karen,ACEVEDO,2/27/82,777.41,JOEY 339443135,896
Katherine,DONOVAN,1/27/88,844.281,IIVL 903178794,897
Lorraine,BARRERA,4/15/99,735.311,CTZG 472615899,898
Alice,ALBERT,2/22/80,184.025,RRZR 526597089,899
Ann,COTE,5/3/02,666.707,BCLR 986478675,900
Bonnie,REILLY,10/7/88,312.99,FZMC 216233814,901
Carolyn,COMPTON,5/25/82,105.576,TMZX 474001998,902
Christine,RAYMOND,1/12/86,888.433,WGTS 475826665,903
Diane,MOONEY,6/12/81,102.233,DULC 724215214,904
Donna,MCGOWAN,12/6/00,479.777,XUSW 127454585,905
Grace,CRAFT,2/11/99,270.321,RYOD 515337782,906
Marilyn,CLEVELAND,6/12/96,199.724,RJPE 653737031,907
Rose,CLEMONS,4/22/93,287.736,AXYZ 518310192,908
Sarah,WYNN,5/26/81,657.643,JVBC 835970930,909
Shirley,NIELSEN,5/6/81,947.001,TGIE 579755801,910
Anna,BAIRD,9/30/83,221.918,JCDB 422494077,911
Beverly,STANTON,10/9/88,506.915,PTXD 991401443,912
Darlene,SNIDER,2/10/83,778.463,NVFD 871017357,913
Dorothy,ROSALES,2/24/91,936.349,RDWQ 969761524,914
Irene,BRIGHT,1/23/00,142.119,SZXT 180905276,915
Joan,WITT,12/26/81,294.601,LMJU 187866835,916
Lucy,STUART,8/9/89,561.007,SDUV 711345867,917
Mattie,HAYS,3/20/98,644.52,ULXS 264525867,918
Sophie,HOLDEN,4/30/95,873.414,UGJZ 613231080,919
Mary,RUTLEDGE,5/10/86,232.848,IRMF 415037753,920
Patricia,KINNEY,7/1/90,673.996,OXHM 358267762,921
Alice,CLEMENTS,11/26/89,629.359,JYDS 692758394,922
Barbara,CASTANEDA,1/29/95,832.555,VLWP 744791350,923
Susan,SLATER,7/3/02,812.997,AKSY 343636506,924
Carol,HAHN,5/4/97,773.301,HSIQ 180056014,925
Linda,EMERSON,6/2/90,28.4525,RZJD 731840308,926
Shirley,CONRAD,11/22/86,590.407,QSDY 298042667,927
Elizabeth,BURKS,9/29/93,617.582,UIDY 262949964,928
Janet,DELANEY,2/8/84,763.764,VTMR 135129198,929
Marie,PATE,6/19/83,774.432,TSUL 445161067,930
Helen,LANCASTER,11/4/90,284.289,WSJE 696014732,931
Margaret,SWEET,4/30/95,76.7534,CWJL 435700950,932
Nancy,JUSTICE,12/31/86,880.009,PCSS 994631909,933
Phyllis,TYSON,12/17/85,172.722,WNIZ 122381755,934
Dorothy,SHARPE,9/29/86,178.987,JVFW 513921475,935
Marilyn,WHITFIELD,3/12/89,359.786,PPFK 560793071,936
Sandra,TALLEY,6/9/90,443.043,XGTH 131548065,937
Annie,MACIAS,1/29/83,378.71,DJHM 493743920,938
Ellen,IRWIN,3/3/82,647.522,HCXZ 818378467,939
Grace,BURRIS,5/16/87,100.686,XWIG 836237087,940
Judy,RATLIFF,11/12/01,325.711,UQRA 861409090,941
Lucy,MCCRAY,4/21/80,869.44,EQBK 528427318,942
Ruth,MADDEN,8/19/80,607.6,CHHW 123051250,943
Agnes,KAUFMAN,10/18/80,104.174,SZYA 616465466,944
Diane,BEACH,2/8/92,805.789,SHOQ 534433924,945
Donna,GOFF,7/13/90,749.719,KNDS 345835673,946
Katherine,CASH,1/28/99,398.775,ZNKQ 808133419,947
Anna,BOLTON,3/29/82,366.796,XVEY 596572609,948
Darlene,MCFADDEN,4/5/80,394.239,FBOM 321372350,949
Evelyn,LEVINE,8/16/82,272.189,DFXB 921241423,950
June,GOOD,7/11/93,599.644,JUNY 295586218,951
Kathryn,BYERS,7/21/02,68.2348,UIYX 453859785,952
Lorraine,KIRKLAND,7/9/94,901.549,SWPD 167354880,953
Martha,KIDD,7/4/85,432.199,DAJI 576601390,954
Virginia,WORKMAN,2/7/97,881.232,POAE 980299985,955
Bonnie,CARNEY,7/24/80,674.85,YHGV 145530197,956
Carrie,DALE,5/24/89,460.652,MFCZ 397630787,957
Elena,MCLEOD,6/30/87,471.639,MUNL 256719398,958
Francine,HOLCOMB,7/7/85,292.432,PDOF 715589626,959
Ida,ENGLAND,8/26/88,224.415,CJHL 342726014,960
Janice,FINCH,3/11/00,246.071,GBGH 721517918,961
Judith,HEAD,2/28/85,576.721,HGNO 301473067,962
Karen,BURT,10/15/00,301.169,VAIY 186134014,963
Kathleen,HENDRIX,12/2/83,126.08,MLUA 121731908,964
Louise,SOSA,9/5/86,749.443,MPAB 881307689,965
Pamela,HANEY,10/22/91,480.156,HDDO 820426886,966
Pauline,FRANKS,3/3/86,485.866,VVRC 643480064,967
Rose,SARGENT,7/18/80,192.486,XKKK 227985755,968
Sharon,NIEVES,9/3/02,858.866,MGZU 949411384,969
Mary,DOWNS,2/21/84,133.388,AHQU 257377808,970
Patricia,RASMUSSEN,12/26/02,293.171,MHXM 378489905,971
Margaret,BIRD,3/30/87,184.577,SUMW 397428146,972
Susan,HEWITT,2/23/85,2.82779,CSET 405973645,973
Linda,LINDSAY,4/22/95,900.772,IQES 811265181,974
Barbara,LE,7/14/96,288.752,DFHC 138659274,975
Karen,FOREMAN,1/7/00,808.617,LCIB 111006415,976
Carol,VALENCIA,4/13/93,650.491,QOEN 912817319,977
Betty,ONEIL,5/28/95,687.527,NGVZ 140220185,978
Helen,DELACRUZ,4/20/85,175.413,EBVI 202162988,979
Sharon,VINSON,6/24/86,44.7295,PQMU 838730724,980
Jean,DEJESUS,6/23/01,959.716,NXOU 431258609,981
Kathleen,HYDE,10/30/97,775.058,PGCX 101132038,982
Martha,FORBES,1/3/97,112.964,ANWE 372775928,983
Nancy,GILLIAM,9/12/90,861.265,XSHS 146095100,984
Alice,GUTHRIE,6/30/83,207.257,KWUG 728960758,985
Judy,WOOTEN,4/1/93,994.196,PVWB 284045065,986
Marie,HUBER,11/10/98,536.115,FONU 658766151,987
Sandra,BARLOW,7/21/84,667.908,NJPQ 413541543,988
Ann,BOYLE,10/31/82,465.835,XQUT 352089594,989
Bonnie,MCMAHON,1/16/96,828.546,WQND 844102568,990
Cheryl,BUCKNER,1/31/90,892.324,GOFA 421248125,991