Mary,SMITH,5/25/99,uu95s85u,21,2,0,Nothing,1001
Annie,JOHNSON,11/7/98,fvuamdvs,22,3,5,Crash,1002
Anna,WILLIAMS,10/9/87,qulag38q,33,13,2,Bad Stop,1003
Margaret,JONES,6/20/92,oobgh16b,28,24,0,Nothing,1004
Helen,BROWN,7/30/88,cmvgjmjo,32,2,4,DUI,1005
Elsie,DAVIS,8/23/01,woonc9po,19,0,4,DUI,1006
Lucy,MILLER,8/1/83,8o10bzzq,37,8,0,Nothing,1007
Dorothy,WILSON,2/25/85,wtznjizl,35,10,5,Crash,1008
Mary,MOORE,5/5/83,wr1tzftl,37,16,1,Speeding,1009
Margaret,TAYLOR,12/7/82,l6bcliew,37,15,0,Nothing,1010
Ruth,ANDERSON,11/19/91,orbtme58,28,10,2,Bad Stop,1011
Annie,THOMAS,8/17/86,44ya5024,34,29,4,DUI,1012
Elizabeth,JACKSON,12/10/91,inwzupje,28,16,0,Nothing,1013
Helen,WHITE,7/24/97,w166opof,23,16,1,Speeding,1014
Mary,HARRIS,11/9/89,90pvub5j,31,18,3,Red Light,1015
Elsie,MARTIN,10/29/88,gymfst31,32,3,0,Nothing,1016
Agnes,THOMPSON,12/17/81,rwizxdha,38,13,2,Bad Stop,1017
Anna,GARCIA,3/21/81,7dmom8ue,39,19,3,Red Light,1018
Helen,MARTINEZ,5/2/00,9gwelxhb,20,8,0,Nothing,1019
Louise,ROBINSON,6/2/80,7ve35d0i,40,1,2,Bad Stop,1020
Jean,CLARK,12/28/85,hbhc99b4,34,16,3,Red Light,1021
Ruth,RODRIGUEZ,4/17/99,xkwpx6pj,21,11,0,Nothing,1022
Alice,LEWIS,10/16/88,9121g1b7,32,1,5,Crash,1023
Esther,LEE,7/2/95,mq2dbmw5,25,11,5,Crash,1024
Ethel,WALKER,12/29/90,skxdsfp9,29,22,0,Nothing,1025
Margaret,HALL,4/23/96,a5q47gu3,24,20,3,Red Light,1026
Marie,ALLEN,5/22/94,mavwuw9g,26,5,4,DUI,1027
Mary,YOUNG,6/28/83,gexpko8u,37,16,0,Nothing,1028
Elizabeth,HERNANDEZ,4/8/99,isc0h4za,21,24,0,Nothing,1029
Margaret,KING,5/22/00,i8il3kvc,20,15,3,Red Light,1030
Helen,WRIGHT,8/21/01,41tjh2dq,19,15,0,Nothing,1031
Alice,LOPEZ,6/29/99,ad3q820q,21,13,0,Nothing,1032
Annie,HILL,10/22/89,me7qs9d2,31,26,1,Speeding,1033
Louise,SCOTT,6/7/00,jppxapti,20,28,0,Nothing,1034
Mary,GREEN,12/5/01,v443q4il,18,6,0,Nothing,1035
Margaret,ADAMS,8/14/00,v7oag0am,20,28,4,DUI,1036
Alice,BAKER,4/25/94,v7r8qegb,26,29,0,Nothing,1037
Annie,GONZALEZ,6/8/87,akf76ouu,33,15,0,Nothing,1038
Elizabeth,NELSON,4/18/84,kbb60at8,36,8,2,Bad Stop,1039
Helen,CARTER,3/29/89,5jbvvb47,31,15,0,Nothing,1040
Clara,MITCHELL,2/16/82,3hhws69x,38,30,0,Nothing,1041
Dorothy,PEREZ,12/29/97,v4dyz68k,22,19,0,Nothing,1042
Martha,ROBERTS,5/24/95,yodn0itd,25,13,0,Nothing,1043
Agnes,TURNER,4/8/88,l9ivcznc,32,16,5,Crash,1044
Esther,PHILLIPS,3/5/93,kimdkh0r,27,4,1,Speeding,1045
Frances,CAMPBELL,2/25/96,g8ow9mt3,24,1,0,Nothing,1046
Julia,PARKER,9/3/83,beqa6v2a,37,19,3,Red Light,1047
Lillian,EVANS,1/17/01,us3tjgdo,19,17,5,Crash,1048
Mildred,EDWARDS,3/25/84,gd7eq1g9,36,20,0,Nothing,1049
Pauline,COLLINS,8/30/96,wml4t5sv,24,27,3,Red Light,1050
Mary,STEWART,10/3/94,xq6fj2hg,26,19,1,Speeding,1051
Alice,SANCHEZ,7/3/83,aez3at30,37,6,0,Nothing,1052
Helen,MORRIS,3/15/81,xj49wkmp,39,8,3,Red Light,1053
Anna,ROGERS,7/24/98,pfpcu49z,22,21,3,Red Light,1054
Dorothy,REED,10/14/99,0iscrl09,21,17,0,Nothing,1055
Margaret,COOK,11/4/84,gin4im1x,36,30,2,Bad Stop,1056
Ruth,MORGAN,1/27/02,a6ialzrb,18,11,5,Crash,1057
Elizabeth,BELL,1/29/81,12dq6n4o,39,23,0,Nothing,1058
Frances,MURPHY,3/6/93,k0nq4e1w,27,15,1,Speeding,1059
Katherine,BAILEY,11/26/89,i4rj9pd5,30,4,4,DUI,1060
Martha,RIVERA,7/18/88,du7tha0u,32,7,0,Nothing,1061
Annie,COOPER,9/4/90,nq23s36b,30,0,3,Red Light,1062
Clara,RICHARDSON,10/10/92,okvuhe1r,28,17,4,DUI,1063
Emma,COX,7/28/02,wru06nl1,18,3,0,Nothing,1064
Hazel,HOWARD,8/2/97,ky7jbpw9,23,28,2,Bad Stop,1065
Julia,WARD,10/29/97,i0ii9izs,23,24,5,Crash,1066
Marie,TORRES,10/31/00,sh1uc4zw,20,1,0,Nothing,1067
Minnie,PETERSON,10/14/99,f11kdylp,21,27,1,Speeding,1068
Pauline,GRAY,6/6/95,1lioxjs7,25,8,2,Bad Stop,1069
Mary,RAMIREZ,11/3/99,9bl9czmt,21,9,0,Nothing,1070
Helen,JAMES,3/20/94,f2e7nhm9,26,11,4,DUI,1071
Dorothy,WATSON,9/10/85,8t4ggnj3,35,7,5,Crash,1072
Frances,BROOKS,3/3/87,5j6iji0i,33,28,0,Nothing,1073
Ruth,KELLY,3/21/94,hqhgzsh3,26,25,0,Nothing,1074
Alice,SANDERS,12/9/91,p8sp31uc,28,23,5,Crash,1075
Anna,PRICE,9/4/92,241nlktf,28,2,0,Nothing,1076
Agnes,BENNETT,8/30/90,0e7vxgzu,30,26,3,Red Light,1077
Annie,WOOD,5/27/90,kkw2qqz2,30,12,0,Nothing,1078
Julia,BARNES,1/11/89,dt11uj9d,31,19,0,Nothing,1079
Lillian,ROSS,10/8/93,yf9lzi3w,27,16,1,Speeding,1080
Margaret,HENDERSON,6/15/95,xch0nvp8,25,8,3,Red Light,1081
Daisy,COLEMAN,9/6/87,pkbklv1n,33,8,0,Nothing,1082
Edna,JENKINS,1/13/94,zfhz1918,26,22,5,Crash,1083
Esther,PERRY,9/20/96,lh0aw9c4,24,16,2,Bad Stop,1084
Evelyn,POWELL,3/19/87,y346ge85,33,30,0,Nothing,1085
Florence,LONG,9/11/94,vi7d8fia,26,8,0,Nothing,1086
Katherine,PATTERSON,3/29/97,3asz3vvn,23,16,0,Nothing,1087
Louise,HUGHES,8/8/95,goz3zj4s,25,10,0,Nothing,1088
Lucy,FLORES,2/9/92,b69yjesj,28,1,2,Bad Stop,1089
Marie,WASHINGTON,9/3/00,eppm182d,20,1,0,Nothing,1090
Sally,BUTLER,5/18/82,eodd5b2y,38,14,0,Nothing,1091
Mary,SIMMONS,8/9/93,frhv6yld,27,8,1,Speeding,1092
Margaret,FOSTER,4/11/97,8vcf5n9h,23,1,5,Crash,1093
Helen,GONZALES,12/1/84,3d1xe2fw,35,0,0,Nothing,1094
Frances,THOMAS,4/6/99,p94ypzxu,21,11,5,Crash,1095
Alice,JACKSON,12/29/90,g85t0rd2,29,29,5,Crash,1096
Olga,WHITE,9/4/97,ebmm2rli,23,24,0,Nothing,1097
Ruth,HARRIS,5/25/95,vdfl2c3x,25,13,1,Speeding,1098
Clara,MARTIN,11/27/01,19ek1pr7,18,26,3,Red Light,1099
Dorothy,THOMPSON,10/17/84,wfe5d7af,36,2,0,Nothing,1100
Anna,GARCIA,11/29/86,ttkxj23a,33,22,2,Bad Stop,1101
Edith,MARTINEZ,6/18/00,qr1dgsnq,20,6,4,DUI,1102
Florence,ROBINSON,4/27/83,c97mgy7f,37,10,0,Nothing,1103
Maggie,CLARK,6/27/91,anhbg19t,29,20,3,Red Light,1104
Rose,RODRIGUEZ,4/6/91,xxmb9opm,29,1,4,DUI,1105
Sophie,LEWIS,9/5/95,tqi2qidw,25,3,0,Nothing,1106
Mary,LEE,6/26/93,2iwovi93,27,23,3,Red Light,1107
Margaret,WALKER,3/7/96,wfa1c6en,24,27,0,Nothing,1108
Helen,HALL,2/5/91,s4xezt99,29,15,0,Nothing,1109
Marie,ALLEN,4/29/88,1f7wlmeo,32,12,2,Bad Stop,1110
Martha,YOUNG,8/26/00,dy36ek1j,20,12,5,Crash,1111
Ruth,HERNANDEZ,6/11/98,hs9dkv5z,22,23,0,Nothing,1112
Anna,KING,8/19/89,6tuwfcut,31,20,5,Crash,1113
Gertrude,WRIGHT,2/3/85,0dodrqxd,35,3,4,DUI,1114
Julia,LOPEZ,8/12/82,wew867wo,38,9,0,Nothing,1115
Virginia,GIBSON,4/3/86,y57mvc6y,34,19,1,Speeding,1116
Alice,MCDONALD,12/19/89,vuzcqni2,30,12,4,DUI,1117
Elizabeth,CRUZ,8/24/86,26skengc,34,25,0,Nothing,1118
Annie,MARSHALL,2/28/91,hzsdud4r,29,29,3,Red Light,1119
Clara,ORTIZ,7/7/94,8fz5lu93,26,13,2,Bad Stop,1120
Elsie,GOMEZ,6/26/92,7wtqquyw,28,27,0,Nothing,1121
Emma,MURRAY,3/11/89,kaa7dmso,31,13,4,DUI,1122
Sarah,FREEMAN,8/31/96,8mnh2al5,24,22,0,Nothing,1123
Stella,WELLS,11/5/87,5zkwaqg6,33,28,0,Nothing,1124
Vera,WEBB,1/25/89,6ou6cna1,31,13,2,Bad Stop,1125
Mary,SIMPSON,4/4/97,20eao8u0,23,3,5,Crash,1126
Margaret,STEVENS,9/2/99,qi9csprr,21,27,0,Nothing,1127
Dorothy,TUCKER,12/22/90,qsgcixxv,29,7,4,DUI,1128
Betty,PORTER,6/27/84,3i0tar7q,36,16,1,Speeding,1129
Helen,HUNTER,2/12/82,kbcoobaz,38,22,0,Nothing,1130
Martha,HICKS,8/26/86,cypxif17,34,9,1,Speeding,1131
Virginia,CRAWFORD,1/2/83,4qj1ohok,37,8,5,Crash,1132
Irene,HENRY,10/22/90,c4khxk3x,30,29,0,Nothing,1133
Elizabeth,BOYD,2/19/90,plpsqkx4,30,19,2,Bad Stop,1134
Emma,MASON,7/19/93,xem78zpr,27,29,4,DUI,1135
Marie,MORALES,4/28/88,0nkfkxhm,32,30,0,Nothing,1136
Agnes,KENNEDY,3/19/90,6l48ibvm,30,22,5,Crash,1137
Annie,WARREN,8/19/92,cp98g7cc,28,21,3,Red Light,1138
Barbara,DIXON,10/3/85,55iuss7u,35,26,0,Nothing,1139
Frances,RAMOS,12/6/82,1sbbu1f0,37,7,3,Red Light,1140
Gladys,REYES,3/26/91,dikix8ox,29,2,5,Crash,1141
Jean,BURNS,5/28/86,rm4f6gaj,34,8,0,Nothing,1142
Louise,GORDON,10/21/87,dbcmofof,33,30,2,Bad Stop,1143
Ann,SHAW,4/25/80,aumd006k,40,23,5,Crash,1144
Anna,HOLMES,11/10/94,biz5sfde,26,11,0,Nothing,1145
Evelyn,RICE,3/19/85,743vkplc,35,9,2,Bad Stop,1146
Josephine,ROBERTSON,9/25/82,rz2wcrtx,38,12,4,DUI,1147
Katherine,HUNT,3/13/96,rt07fpqo,24,24,0,Nothing,1148
Kathryn,BLACK,6/8/87,n1o8ltxd,33,4,4,DUI,1149
Minnie,DANIELS,7/5/88,loulz1v0,32,11,5,Crash,1150
Ruth,PALMER,1/12/92,9gg9udt5,28,7,0,Nothing,1151
Vera,MILLS,4/23/88,glr9dyj3,32,0,2,Bad Stop,1152
Mary,NICHOLS,8/18/85,e0rwaqm0,35,24,1,Speeding,1153
Margaret,GRANT,9/26/01,ur5f7ac2,19,29,0,Nothing,1154
Helen,KNIGHT,4/21/96,7ye8mt7w,24,28,5,Crash,1155
Ruth,FERGUSON,7/27/80,f5dadpw7,40,6,5,Crash,1156
Martha,ROSE,8/17/94,moqiz284,26,2,0,Nothing,1157
Elizabeth,STONE,5/23/89,7mfcv0gr,31,24,0,Nothing,1158
Virginia,HAWKINS,9/5/98,yo0mi93r,22,14,5,Crash,1159
Florence,DUNN,1/22/80,ierioh72,40,19,0,Nothing,1160
Agnes,PERKINS,8/22/84,3btko9s2,36,16,3,Red Light,1161
Dorothy,HUDSON,1/1/93,l4s4ga3a,27,24,2,Bad Stop,1162
Alice,SPENCER,4/21/87,aiayerz5,33,27,0,Nothing,1163
Anna,GARDNER,3/11/99,2mrrh3wx,21,14,3,Red Light,1164
Edith,STEPHENS,11/21/95,5m6730qa,24,13,1,Speeding,1165
Annie,PAYNE,11/6/87,ut2v29hc,33,26,0,Nothing,1166
Betty,PIERCE,7/26/83,j81uou8a,37,13,4,DUI,1167
Elsie,BERRY,11/6/95,6ppq2wzo,25,5,1,Speeding,1168
Ethel,MATTHEWS,9/27/89,86plj5qk,31,17,0,Nothing,1169
Irene,ARNOLD,9/29/92,17i9nc63,28,9,2,Bad Stop,1170
Katie,WAGNER,12/18/85,yggusnuv,34,12,1,Speeding,1171
Rose,WILLIS,6/18/01,vx1i8gfs,19,19,0,Nothing,1172
Frances,RAY,10/26/01,yaqkk74f,19,17,1,Speeding,1173
Hazel,WATKINS,8/31/93,tjczcwvm,27,12,1,Speeding,1174
Katherine,OLSON,4/28/01,obeztill,19,12,0,Nothing,1175
Lorraine,CARROLL,8/24/93,22s7mxvn,27,28,3,Red Light,1176
Patricia,DUNCAN,10/9/97,7shzvge6,23,21,2,Bad Stop,1177
Mary,SNYDER,6/6/93,uhry6ed4,27,24,0,Nothing,1178
Dorothy,HART,11/28/98,ahycxz2v,21,22,1,Speeding,1179
Alice,CUNNINGHAM,5/19/95,6n8chuw2,25,26,5,Crash,1180
Margaret,BRADLEY,8/17/93,sm9eph01,27,4,0,Nothing,1181
Annie,LANE,7/2/83,n85jrs9t,37,29,0,Nothing,1182
Helen,ANDREWS,7/26/96,een1ymyi,24,27,0,Nothing,1183
Elizabeth,RUIZ,2/16/91,mj2717gp,29,28,0,Nothing,1184
Virginia,HARPER,1/26/91,ds4xlssw,29,28,2,Bad Stop,1185
Katherine,FOX,8/15/88,6sfui4gc,32,24,4,DUI,1186
Mildred,RILEY,5/8/83,q0lli005,37,4,0,Nothing,1187
Anna,ARMSTRONG,1/23/89,8plnvubl,31,30,5,Crash,1188
Agnes,CARPENTER,10/19/93,rn681dlf,27,18,5,Crash,1189
Bessie,WEAVER,10/14/99,7ryci2em,21,18,0,Nothing,1190
Betty,DELANEY,1/20/81,4vplli11,39,18,4,DUI,1191
Elsie,PATE,3/7/93,hh6tlxl4,27,3,2,Bad Stop,1192
Emma,LANCASTER,12/23/94,un5a1rbo,25,12,0,Nothing,1193
Esther,SWEET,6/27/90,wxlvraeq,30,15,4,DUI,1194
Jean,JUSTICE,12/28/01,2ue7uhwb,18,17,2,Bad Stop,1195
Joan,AUSTIN,5/17/97,yx73byx2,23,25,0,Nothing,1196
Lillian,PETERS,6/30/85,cab5wprz,35,10,1,Speeding,1197
Ruth,KELLEY,11/30/90,0hqefh3e,29,0,1,Speeding,1198
Thelma,FRANKLIN,6/25/84,k2o88vyw,36,30,0,Nothing,1199
Mary,LAWSON,11/8/97,rwrac4t2,23,27,3,Red Light,1200
Helen,FIELDS,12/11/97,2br7tkn5,22,21,1,Speeding,1201
Alice,GUTIERREZ,7/18/89,qzb6g6s5,31,16,0,Nothing,1202
Anna,RYAN,3/15/94,tlz5ee46,26,2,0,Nothing,1203
Margaret,SCHMIDT,8/29/88,9n70ln5z,32,30,4,DUI,1204
Martha,CARR,8/27/84,7ngywbjc,36,15,0,Nothing,1205
Louise,VASQUEZ,5/7/82,f71ojbhz,38,14,0,Nothing,1206
Katherine,CASTILLO,8/21/94,s67zfbvj,26,21,4,DUI,1207
Annie,WHEELER,1/18/93,3vlw6qw6,27,9,0,Nothing,1208
Dorothy,CHAPMAN,3/1/92,9kel69fl,28,16,0,Nothing,1209
Elizabeth,OLIVER,1/29/87,xr16xk04,33,16,4,DUI,1210
Emma,MONTGOMERY,10/28/93,9wstr7ke,27,21,0,Nothing,1211
Esther,RICHARDS,3/14/01,c213iq84,19,13,0,Nothing,1212
Marie,WILLIAMSON,10/20/91,iizoexki,29,23,5,Crash,1213
Ruth,JOHNSTON,2/10/02,g52c9lpw,18,25,0,Nothing,1214
Betty,BANKS,5/28/00,cf3ae737,20,27,0,Nothing,1215
Clara,MEYER,6/9/97,81fbvy5g,23,19,3,Red Light,1216
Evelyn,BISHOP,2/27/01,wqkx0i7v,19,14,0,Nothing,1217
Frances,MCCOY,9/29/94,y02parmg,26,17,1,Speeding,1218
Sarah,HOWELL,4/6/84,6thl5slf,36,14,1,Speeding,1219
Mary,ALVAREZ,8/6/84,liad3ptx,36,29,0,Nothing,1220
Elizabeth,MORRISON,3/30/82,3agkyr5c,38,8,4,DUI,1221
Anna,HANSEN,2/4/80,xiex9cgx,40,6,4,DUI,1222
Dorothy,FERNANDEZ,8/29/90,jrofmw1z,30,13,0,Nothing,1223
Helen,GARZA,8/3/82,oebqy4i5,38,29,3,Red Light,1224
Ruth,HARVEY,6/14/89,437zguot,31,26,5,Crash,1225
Annie,LITTLE,3/29/86,wveo4ex8,34,1,0,Nothing,1226
Margaret,BURTON,3/2/93,7rsteduz,27,23,3,Red Light,1227
Frances,STANLEY,10/24/89,m3j6x7jk,31,26,4,DUI,1228
Marie,NGUYEN,12/2/88,7sf50ato,31,21,0,Nothing,1229
Florence,GEORGE,3/21/92,ma2r5a1x,28,6,0,Nothing,1230
Agnes,JACOBS,4/28/96,acjh9clx,24,11,0,Nothing,1231
Alice,REID,5/2/94,ef87w5p1,26,12,0,Nothing,1232
Betty,KIM,10/22/97,f5a2nrn0,23,22,3,Red Light,1233
Edna,FULLER,11/10/95,3pbido8e,25,13,0,Nothing,1234
Elsie,LYNCH,4/26/97,050xrwom,23,11,0,Nothing,1235
Ethel,THOMAS,8/2/84,j6h8unat,36,7,0,Nothing,1236
Virginia,JACKSON,2/8/82,b5jwz0vg,38,27,1,Speeding,1237
Jean,WHITE,8/2/83,bgfnfj35,37,1,0,Nothing,1238
Jessie,HARRIS,12/2/00,sc2iekvl,19,16,2,Bad Stop,1239
Julia,MARTIN,6/8/01,or2pw665,19,12,4,DUI,1240
Nellie,THOMPSON,3/19/93,u0c2vaxa,27,18,0,Nothing,1241
Olga,GARCIA,10/29/90,n8eqlb9m,30,6,3,Red Light,1242
Pauline,MARTINEZ,7/23/92,bhckeu0x,28,26,4,DUI,1243
Sarah,ROBINSON,4/20/85,tl8fglo8,35,11,0,Nothing,1244
Mary,CLARK,1/29/92,pp3sotcs,28,1,0,Nothing,1245
Elizabeth,RODRIGUEZ,3/17/87,0d1bznbb,33,22,0,Nothing,1246
Margaret,LEWIS,4/22/89,zhrka1e6,31,30,0,Nothing,1247
Betty,LEE,6/9/94,c4pqhnu7,26,15,5,Crash,1248
Anna,WALKER,4/7/96,7z9pwaw1,24,8,1,Speeding,1249
Dorothy,HALL,4/22/97,fqcd96t5,23,13,0,Nothing,1250
Marie,ALLEN,11/27/80,mlk6f9sp,39,14,5,Crash,1251
Ruth,YOUNG,4/21/93,r4zp1y0m,27,17,0,Nothing,1252
Alice,HERNANDEZ,11/8/92,kwmma8ce,28,20,0,Nothing,1253
Patricia,KING,1/16/85,jnq6xozv,35,27,5,Crash,1254
Irene,WRIGHT,8/17/00,gcfdhhh5,20,16,0,Nothing,1255
Mildred,LOPEZ,12/23/98,ch89rb3s,21,15,0,Nothing,1256
Esther,DOUGLAS,5/2/87,dmumjomv,33,28,5,Crash,1257
Ida,FLEMING,1/16/80,y6kp6xry,40,9,0,Nothing,1258
Olga,JENSEN,9/26/86,d6moirgz,34,11,0,Nothing,1259
Annie,VARGAS,6/3/91,lk12find,29,19,0,Nothing,1260
Clara,BYRD,6/29/84,qa2qxuq2,36,15,5,Crash,1261
Marjorie,DAVIDSON,2/8/80,qz70gto5,40,22,0,Nothing,1262
Pauline,HOPKINS,8/3/96,7pj7vhjc,24,0,3,Red Light,1263
Vera,MAY,11/6/02,8cl3cwtx,18,7,1,Speeding,1264
Mary,TERRY,10/25/90,vrc4foqe,30,4,0,Nothing,1265
Margaret,HERRERA,7/23/80,9tjempd2,40,12,0,Nothing,1266
Agnes,WADE,12/3/97,9rcxc0bf,22,15,2,Bad Stop,1267
Betty,SOTO,12/4/98,1reudh5y,21,1,0,Nothing,1268
Lillian,WALTERS,3/26/86,kwd096pa,34,13,5,Crash,1269
Mildred,CURTIS,9/9/82,7hyssses,38,0,4,DUI,1270
Esther,NEAL,12/24/83,0fg8romi,36,13,0,Nothing,1271
Helen,CALDWELL,12/27/82,29q8bpmd,37,1,2,Bad Stop,1272
Ruth,LOWE,9/15/87,d3j7mank,33,7,3,Red Light,1273
Anna,JENNINGS,8/11/89,59lct9wd,31,9,0,Nothing,1274
Dorothy,BARNETT,2/3/93,hejqdj2y,27,12,3,Red Light,1275
Emma,GRAVES,2/21/88,34dc8i8l,32,8,2,Bad Stop,1276
Evelyn,JIMENEZ,11/19/82,fusa5cxs,37,0,0,Nothing,1277
Norma,HORTON,9/17/84,2fom6imb,36,11,4,DUI,1278
Sarah,SHELTON,12/24/87,95nqc8mq,32,24,0,Nothing,1279
Florence,BARRETT,1/16/82,6k17x9w2,38,9,0,Nothing,1280
Louise,OBRIEN,3/15/89,lybw5hss,31,25,3,Red Light,1281
Marie,CASTRO,4/14/83,6wx3kjws,37,7,4,DUI,1282
Pauline,SUTTON,8/4/80,y88u2fvs,40,26,0,Nothing,1283
Alice,GREGORY,2/25/90,rl7na7wf,30,15,1,Speeding,1284
Annie,MCKINNEY,9/29/98,ndxcemsh,22,3,5,Crash,1285
Beatrice,LUCAS,1/2/99,o2cd8qse,21,12,0,Nothing,1286
Elena,MILES,3/29/92,3c5px40u,28,30,3,Red Light,1287
Elsie,CRAIG,5/19/82,3vf33j3m,38,1,5,Crash,1288
Irene,RODRIQUEZ,9/17/94,uzcgy8o2,26,21,0,Nothing,1289
Jean,CHAMBERS,10/18/89,g4wlqcu0,31,11,4,DUI,1290
Katherine,HOLT,3/25/01,kgglu3m9,19,20,3,Red Light,1291
Virginia,THOMPSON,5/4/88,pkhm8yb1,32,6,0,Nothing,1292
Mary,GARCIA,5/24/98,ccofb3tn,22,2,0,Nothing,1293
Margaret,MARTINEZ,11/26/01,7o5fikrm,18,20,4,DUI,1294
Alice,ROBINSON,8/17/96,moa48vtk,24,14,0,Nothing,1295
Anna,HALE,7/18/94,ic0e7bhe,26,6,4,DUI,1296
Lucy,RHODES,1/24/95,ylsgs1ak,25,1,5,Crash,1297
Martha,PENA,2/5/93,a6qkshu4,27,29,0,Nothing,1298
Esther,BECK,10/27/84,b2ue9v0z,36,7,5,Crash,1299
Helen,NEWMAN,3/21/96,47i9lz75,24,15,4,DUI,1300
Elizabeth,HAYNES,2/28/87,fnxtylvj,33,29,0,Nothing,1301
Florence,MCDANIEL,6/9/82,dvz0r5ls,38,21,5,Crash,1302
Gladys,MENDEZ,4/21/84,38san2xy,36,17,4,DUI,1303
Irene,BUSH,3/16/01,9hcmnc3u,19,5,0,Nothing,1304
Ruth,VAUGHN,12/5/97,nj92bdhn,22,30,5,Crash,1305
Grace,PARKS,7/20/86,f5rg7vh1,34,29,5,Crash,1306
Hazel,DAWSON,3/21/00,eg2r2tbr,20,14,0,Nothing,1307
Jessie,SANTIAGO,10/26/94,0ejsuio0,26,0,4,DUI,1308
Julia,NORRIS,1/19/97,6jwqwk6i,23,10,2,Bad Stop,1309
Mildred,HARDY,10/25/94,r2sz91yc,26,7,0,Nothing,1310
Patricia,LOVE,1/28/86,dfw2srty,34,9,0,Nothing,1311
Pauline,STEELE,3/12/83,2bjmdscy,37,4,4,DUI,1312
Clara,CURRY,5/21/90,h1gfu2p8,30,15,0,Nothing,1313
Laura,POWERS,4/27/82,iag41av2,38,5,5,Crash,1314
Marian,SCHULTZ,2/25/93,nlo3fgar,27,19,0,Nothing,1315
Marie,BARKER,5/12/97,oasq6ghl,23,19,0,Nothing,1316
Sophie,GUZMAN,4/19/89,4azu7gw3,31,17,3,Red Light,1317
Mary,PAGE,11/14/81,9pm0och3,39,19,1,Speeding,1318
Dorothy,MUNOZ,9/15/00,dbvkp3k6,20,20,0,Nothing,1319
Helen,THOMPSON,4/7/90,0j3wu28p,30,7,3,Red Light,1320
Alice,GARCIA,7/10/85,kksh8ld2,35,0,1,Speeding,1321
Betty,MARTINEZ,9/15/82,1w0jl3pg,38,9,0,Nothing,1322
Elizabeth,ROBINSON,3/27/91,exq0wjgo,29,14,4,DUI,1323
Florence,LEONARD,4/6/83,xn1zmdss,37,2,1,Speeding,1324
Barbara,WALSH,11/9/80,a0a04wm8,40,30,0,Nothing,1325
Anna,LYONS,8/22/98,ss68mu2y,22,28,1,Speeding,1326
Annie,RAMSEY,1/30/84,j8zqxixr,36,9,1,Speeding,1327
Margaret,WOLFE,2/27/97,8cfu4q4o,23,1,0,Nothing,1328
Ruth,SCHNEIDER,12/17/84,h91knssd,35,26,0,Nothing,1329
Agnes,MULLINS,6/26/95,7z2352sn,25,17,3,Red Light,1330
Elsie,BENSON,9/13/00,px6amwrw,20,17,0,Nothing,1331
Emma,SHARP,11/5/84,l00ls206,36,25,1,Speeding,1332
June,BOWEN,4/11/95,iucxjhio,25,7,3,Red Light,1333
Katherine,DANIEL,6/20/92,x8os5g94,28,3,0,Nothing,1334
Lena,BARBER,6/17/96,2hp7itgo,24,30,3,Red Light,1335
Esther,CUMMINGS,4/6/80,3aq1tlho,40,7,5,Crash,1336
Evelyn,HINES,6/8/95,slpuxo5y,25,1,0,Nothing,1337
Irene,BALDWIN,3/11/95,k1zijyr1,25,14,1,Speeding,1338
Laura,GRIFFITH,6/11/91,8sjw2u9v,29,7,3,Red Light,1339
Lillian,VALDEZ,2/26/81,eybj38iz,39,11,0,Nothing,1340
Louise,HUBBARD,12/17/00,5qzgfdyk,19,22,4,DUI,1341
Olga,SALAZAR,3/12/86,v62k301y,34,17,0,Nothing,1342
Sophie,REEVES,11/22/90,9cc64yux,29,16,0,Nothing,1343
Mary,WARNER,5/5/98,wkkkt7sy,22,6,2,Bad Stop,1344
Margaret,STEVENSON,2/19/89,h29pb989,31,22,3,Red Light,1345
Annie,BURGESS,2/27/02,x75ky8ft,18,5,0,Nothing,1346
Dorothy,SANTOS,10/10/83,bptxozba,37,25,5,Crash,1347
Alice,TATE,6/17/89,7xs2blvi,31,9,2,Bad Stop,1348
Anna,CROSS,12/30/97,93ll02pz,22,25,0,Nothing,1349
Helen,GARNER,1/2/82,oed058ab,38,15,2,Bad Stop,1350
Elizabeth,MANN,11/2/00,l4pc13ck,20,17,5,Crash,1351
Irene,MACK,3/7/89,ilb6knna,31,25,0,Nothing,1352
Marie,MOSS,8/3/97,q55wnu9l,23,25,2,Bad Stop,1353
Betty,THORNTON,5/15/90,72ufe6i5,30,0,0,Nothing,1354
Emma,DENNIS,11/18/93,1bnjvm14,27,27,0,Nothing,1355
Elsie,MCGEE,10/21/84,6jn2apc2,36,24,2,Bad Stop,1356
Shirley,FARMER,12/15/81,e9d2iu6j,38,28,3,Red Light,1357
Sophie,DELGADO,5/29/88,uf65nvhm,32,6,0,Nothing,1358
Agnes,AGUILAR,2/28/01,fjls1br9,19,25,4,DUI,1359
Barbara,VEGA,3/29/00,vuj49xqs,20,24,1,Speeding,1360
Clara,GLOVER,2/26/01,62uar861,19,23,0,Nothing,1361
Edna,MANNING,7/1/02,hnrlpgra,18,12,4,DUI,1362
Florence,COHEN,4/20/84,0mcptl8k,36,18,2,Bad Stop,1363
Frances,HARMON,9/2/86,82eqc58d,34,0,0,Nothing,1364
Julia,RODGERS,5/28/96,mkqt6h2l,24,15,2,Bad Stop,1365
Katherine,ROBBINS,7/21/86,zsb8oi25,34,18,1,Speeding,1366
Lillian,NEWTON,8/20/02,rmg79i2e,18,7,0,Nothing,1367
Mabel,TODD,1/31/89,r8h30yoc,31,16,4,DUI,1368
Martha,THOMPSON,12/4/88,h82rronh,31,1,1,Speeding,1369
Ruth,GARCIA,10/10/86,k6wi29qk,34,15,0,Nothing,1370
Mary,MARTINEZ,9/12/84,ek67htlo,36,28,3,Red Light,1371
Margaret,ROBINSON,9/28/80,cseucr9i,40,23,0,Nothing,1372
Betty,CANNON,11/6/80,9beqj6gg,40,2,0,Nothing,1373
Dorothy,STRICKLAND,10/14/99,u3wi5c9d,21,14,2,Bad Stop,1374
Agnes,TOWNSEND,11/9/95,gje4mfz9,25,30,4,DUI,1375
Eva,POTTER,2/26/92,93fec6j0,28,25,0,Nothing,1376
Julia,GOODWIN,2/15/85,m3uoi73v,35,19,4,DUI,1377
Elizabeth,WALTON,7/15/99,4dzho6d9,21,25,3,Red Light,1378
Helen,ROWE,11/12/99,8bubaejr,21,3,0,Nothing,1379
Martha,HAMPTON,3/6/01,j54b1wcf,19,14,2,Bad Stop,1380
Alice,ORTEGA,5/29/85,5igmy7jf,35,9,1,Speeding,1381
Esther,PATTON,5/20/94,rccyb6db,26,21,0,Nothing,1382
Frances,SWANSON,5/16/91,qa3sxgai,29,8,3,Red Light,1383
Irene,JOSEPH,1/21/95,ooed4tyv,25,3,3,Red Light,1384
Mabel,FRANCIS,9/17/94,34ghhyml,26,21,0,Nothing,1385
Nancy,GOODMAN,3/21/00,qyz4pgd1,20,5,4,DUI,1386
Pauline,MALDONADO,6/25/96,i4svji62,24,28,1,Speeding,1387
Bertha,YATES,4/11/84,eq5cy21k,36,19,0,Nothing,1388
Evelyn,BECKER,3/8/94,rndy8sar,26,11,4,DUI,1389
Florence,ERICKSON,2/13/80,utesk7ub,40,23,1,Speeding,1390
Josephine,HODGES,5/25/84,nitfstlh,36,12,0,Nothing,1391
Ruth,RIOS,1/5/82,kssktl8f,38,4,5,Crash,1392
Virginia,CONNER,7/17/97,elrgaqin,23,4,4,DUI,1393
Mary,ADKINS,3/17/85,fuakddze,35,0,0,Nothing,1394
Alice,WEBSTER,11/8/00,faka7qot,20,5,3,Red Light,1395
Helen,NORMAN,9/15/89,7xn018wu,31,19,1,Speeding,1396
Anna,MALONE,6/30/82,ct4a96yb,38,18,0,Nothing,1397
Marie,HAMMOND,8/9/00,trtgamtp,20,12,3,Red Light,1398
Doris,FLOWERS,4/14/84,8trk8hs6,36,5,0,Nothing,1399
Elizabeth,COBB,4/19/90,d60rotsc,30,19,0,Nothing,1400
Martha,MOODY,7/31/00,34fln174,20,3,1,Speeding,1401
Esther,QUINN,8/31/95,46w9lydo,25,12,5,Crash,1402
Agnes,BLAKE,5/16/98,0o5st6zz,22,30,0,Nothing,1403
Barbara,MAXWELL,8/23/87,ruyj5ack,33,17,4,DUI,1404
Betty,POPE,7/19/99,knjlmp1i,21,12,0,Nothing,1405
Dolly,FLOYD,12/11/82,7agza016,37,24,0,Nothing,1406
Evelyn,OSBORNE,1/25/93,hygc0blk,27,5,0,Nothing,1407
Jean,PAUL,12/14/91,9dy06pt3,28,6,2,Bad Stop,1408
Katherine,MCCARTHY,2/22/98,gls1s46y,22,28,0,Nothing,1409
Margaret,GUERRERO,8/1/85,k8fw87qg,35,19,3,Red Light,1410
Nancy,LINDSEY,6/17/98,coeaqqk0,22,16,3,Red Light,1411
Pauline,ESTRADA,2/6/98,e4134a9d,22,18,0,Nothing,1412
Virginia,SANDOVAL,12/18/97,vtzon07f,22,28,3,Red Light,1413
Carrie,GIBBS,3/7/86,10qoxbtz,34,20,1,Speeding,1414
Clara,TYLER,2/23/80,npimtm8d,40,9,0,Nothing,1415
Dorothy,GROSS,3/22/94,ti4p6qux,26,3,4,DUI,1416
Florence,FITZGERALD,10/23/01,ybqsj62y,19,17,1,Speeding,1417
Jane,STOKES,4/21/96,lyyknfby,24,29,0,Nothing,1418
Joan,DOYLE,2/25/83,sdp84g5s,37,15,1,Speeding,1419
Lillian,SHERMAN,4/12/99,0mz5mx21,21,9,1,Speeding,1420
Patricia,SAUNDERS,2/27/99,cc8f7bry,21,10,0,Nothing,1421
Sophie,WISE,12/31/88,7r07c6qz,31,19,5,Crash,1422
Mary,COLON,9/29/92,atmlkchr,28,14,0,Nothing,1423
Alice,GILL,1/5/82,qq0sgbej,38,11,0,Nothing,1424
Annie,ALVARADO,1/9/87,hbjnykrq,33,24,4,DUI,1425
Ruth,GREER,8/15/80,46703ds7,40,2,1,Speeding,1426
Dorothy,PADILLA,8/9/96,llo5pw3l,24,29,0,Nothing,1427
Elizabeth,SIMON,4/18/89,gaxi299s,31,6,1,Speeding,1428
Agnes,WATERS,6/21/81,lvvfioyo,39,8,2,Bad Stop,1429
Helen,NUNEZ,10/14/99,ui49x6a8,21,18,0,Nothing,1430
Betty,BALLARD,3/4/85,btp0qc8m,35,4,5,Crash,1431
Christine,SCHWARTZ,8/2/82,xnkh7h25,38,11,5,Crash,1432
Evelyn,MCBRIDE,2/24/81,sl86onlk,39,0,0,Nothing,1433
Grace,HOUSTON,4/24/02,cryk5eed,18,3,4,DUI,1434
Margaret,CHRISTENSEN,7/25/83,et6pi1km,37,28,4,DUI,1435
Anna,KLEIN,8/14/89,tpckwx15,31,12,0,Nothing,1436
Clara,PRATT,4/2/00,bo158lc7,20,28,0,Nothing,1437
Irene,BRIGGS,9/11/83,b0c4lpc3,37,2,4,DUI,1438
Lena,PARSONS,10/26/96,shg2k5jp,24,18,0,Nothing,1439
Martha,MCLAUGHLIN,9/5/89,4bfgk6rk,31,25,2,Bad Stop,1440
Mary,ZIMMERMAN,12/11/88,qv4c85pl,31,22,4,DUI,1441
Margaret,FRENCH,1/29/91,2bcy5cm2,29,4,0,Nothing,1442
Alice,BUCHANAN,2/3/93,x800986t,27,13,5,Crash,1443
Martha,MORAN,2/11/87,lioqoo36,33,20,5,Crash,1444
Anna,COPELAND,4/28/82,tf7vfeiy,38,24,0,Nothing,1445
Clara,ROY,9/16/00,pvo62g9f,20,22,5,Crash,1446
Elizabeth,PITTMAN,7/25/88,ny2rocjb,32,23,1,Speeding,1447
Louise,BRADY,9/17/88,ujyxjlzx,32,10,0,Nothing,1448
Annie,MCCORMICK,6/12/97,s1ss6yy2,23,20,4,DUI,1449
Dorothy,HOLLOWAY,11/3/92,jva4nlen,28,7,3,Red Light,1450
Frances,BROCK,3/1/96,0vxz103q,24,20,0,Nothing,1451
Nancy,POOLE,9/2/81,2l6wbzg6,39,0,1,Speeding,1452
Ruth,FRANK,4/6/02,26t5k9js,18,27,5,Crash,1453
Carrie,LOGAN,8/9/80,a8obu740,40,3,0,Nothing,1454
Eleanor,OWEN,9/17/88,vvrn94nh,32,11,5,Crash,1455
Helen,BASS,8/7/85,7xm9645u,35,20,5,Crash,1456
Marjorie,MARSH,1/24/96,me4hd106,24,6,0,Nothing,1457
Cecelia,DRAKE,5/15/92,qvricmhc,28,10,2,Bad Stop,1458
Katherine,WONG,10/14/99,celxujaw,21,27,3,Red Light,1459
Marie,JEFFERSON,9/24/90,hplics7s,30,14,0,Nothing,1460
Virginia,PARK,5/31/92,kqnom5rn,28,28,0,Nothing,1461
Elena,MORTON,6/23/92,elltjpoh,28,0,1,Speeding,1462
Esther,ABBOTT,5/1/93,zaxcqtfm,27,25,0,Nothing,1463
Ethel,SPARKS,6/21/97,1q7tnofs,23,28,5,Crash,1464
Evelyn,PATRICK,10/13/80,ob8lyawf,40,4,2,Bad Stop,1465
Jean,NORTON,1/2/93,miq2gqfu,27,22,0,Nothing,1466
Laura,HUFF,10/2/97,b3kuw0fm,23,10,2,Bad Stop,1467
Shirley,CLAYTON,4/14/92,a8etqvuo,28,1,5,Crash,1468
Mary,MASSEY,5/18/80,2n0s7svy,40,25,0,Nothing,1469
Martha,LLOYD,11/8/01,0ridvcre,19,29,2,Bad Stop,1470
Agnes,FIGUEROA,5/21/96,7fwys63u,24,27,1,Speeding,1471
Margaret,CARSON,12/3/96,0k62ix53,23,17,0,Nothing,1472
Betty,BOWERS,7/16/89,343earqz,31,2,1,Speeding,1473
Elizabeth,ROBERSON,4/30/90,19c2x27j,30,10,4,DUI,1474
Marie,BARTON,4/24/81,81s1ukl4,39,6,0,Nothing,1475
Alice,TRAN,11/25/90,erkgoh5v,29,26,4,DUI,1476
Helen,LAMB,8/19/91,6um7ed4i,29,2,0,Nothing,1477
Louise,HARRINGTON,3/29/92,7pb5qx3w,28,30,0,Nothing,1478
Lucy,CASEY,3/11/02,vhfwpjql,18,6,3,Red Light,1479
Patricia,BOONE,2/7/92,l4txn6jz,28,23,2,Bad Stop,1480
Shirley,CORTEZ,11/20/98,1xee7mne,21,6,0,Nothing,1481
Irene,CLARKE,7/17/90,sdil4ear,30,26,5,Crash,1482
Lillian,MATHIS,12/2/92,iynt6xac,27,23,4,DUI,1483
Barbara,SINGLETON,6/10/80,1o2045xr,40,2,0,Nothing,1484
Dorothy,WILKINS,7/20/02,1vvfdvqh,18,30,1,Speeding,1485
Evelyn,CAIN,12/15/96,phc7t59y,23,4,1,Speeding,1486
Frances,BRYAN,7/4/92,4klh6jju,28,23,0,Nothing,1487
Ruth,UNDERWOOD,1/9/82,706ko00n,38,5,2,Bad Stop,1488
Thelma,HOGAN,1/15/81,sz8o5zbd,39,15,0,Nothing,1489
Ann,MCKENZIE,7/20/88,blg5voa8,32,20,0,Nothing,1490
Anna,COLLIER,5/16/93,nwe5ye50,27,19,0,Nothing,1491
Bertha,LUNA,10/2/84,vb939pbs,36,13,2,Bad Stop,1492
Clara,PHELPS,4/2/97,rro6rbyh,23,20,0,Nothing,1493
Joan,MCGUIRE,5/15/98,s5oqgs86,22,14,1,Speeding,1494
Lena,ALLISON,10/14/99,7vb64cae,21,10,5,Crash,1495
Lois,BRIDGES,1/31/97,qm0cbo5d,23,24,0,Nothing,1496
Mildred,WILKERSON,7/16/85,7hcvqxa8,35,5,5,Crash,1497
Pauline,NASH,9/17/87,q34otvzk,33,21,3,Red Light,1498
Rose,SUMMERS,10/18/94,nfew05i6,26,26,0,Nothing,1499
Sally,ATKINS,2/4/82,argip94l,38,0,5,Crash,1500
Virginia,WILCOX,9/15/96,4ftcy83m,24,19,4,DUI,1501
Mary,PITTS,12/9/84,b1asmqxa,35,23,0,Nothing,1502
Helen,CONLEY,9/19/86,475bm70t,34,17,2,Bad Stop,1503
Elizabeth,MARQUEZ,7/30/87,qy8x8436,33,21,2,Bad Stop,1504
Irene,BURNETT,9/9/98,qjzb85kr,22,2,0,Nothing,1505
Betty,RICHARD,6/11/98,zq9r0lcl,22,24,2,Bad Stop,1506
Margaret,COCHRAN,9/29/98,lz27e53n,22,17,3,Red Light,1507
Martha,CHASE,1/19/86,lzktrysd,34,5,0,Nothing,1508
Pauline,DAVENPORT,8/12/98,djmrehzj,22,23,3,Red Light,1509
Josephine,HOOD,9/16/88,vji05n6u,32,24,1,Speeding,1510
Marie,GATES,6/8/91,flsqqixc,29,28,0,Nothing,1511
Agnes,CLAY,9/7/02,frhi0tue,18,30,0,Nothing,1512
Janet,AYALA,12/30/85,2jlr58n7,34,20,0,Nothing,1513
Joan,SAWYER,4/16/98,0hx2akj6,22,21,0,Nothing,1514
Louise,ROMAN,1/6/97,2x0oe7sa,23,2,0,Nothing,1515
Lucy,VAZQUEZ,11/20/81,c5sbjwsb,38,19,3,Red Light,1516
Alice,DICKERSON,8/10/88,uz1bc5e2,32,25,0,Nothing,1517
Lillian,HODGE,11/10/86,uz44bf8e,34,25,2,Bad Stop,1518
Mildred,ACOSTA,9/30/00,au6jcgo0,20,25,1,Speeding,1519
Bertha,FLYNN,2/22/85,kyknbi88,35,10,0,Nothing,1520
Edith,ESPINOZA,8/6/97,xl5itmd0,23,14,1,Speeding,1521
Esther,NICHOLSON,7/27/80,q1awwef8,40,13,0,Nothing,1522
Evelyn,MONROE,10/25/85,xifhancq,35,23,0,Nothing,1523
Florence,WOLF,8/2/83,wu4wyjs4,37,4,2,Bad Stop,1524
Maria,MORROW,5/4/95,0u48b221,25,28,5,Crash,1525
Ruth,KIRK,6/30/99,5o149m47,21,3,0,Nothing,1526
Mary,RANDALL,11/18/90,a0vs1qca,30,29,3,Red Light,1527
Elizabeth,ANTHONY,2/15/97,ns66itkz,23,2,1,Speeding,1528
Margaret,WHITAKER,1/7/81,jlzp1tho,39,24,0,Nothing,1529
Anna,OCONNOR,4/10/80,6gldv6b9,40,25,3,Red Light,1530
Shirley,SKINNER,1/29/96,k5ikwrfb,24,2,4,DUI,1531
Alice,WARE,1/16/00,x8aypf26,20,12,0,Nothing,1532
Barbara,MOLINA,4/11/97,53x6eb3a,23,17,2,Bad Stop,1533
Betty,KIRBY,10/14/99,137e5xaa,21,20,0,Nothing,1534
Helen,HUFFMAN,2/12/93,em62hgp6,27,3,0,Nothing,1535
Irene,BRADFORD,12/27/95,7exliu0x,24,20,5,Crash,1536
Nancy,CHARLES,5/22/94,b3eeejmn,26,13,3,Red Light,1537
Martha,GILMORE,2/25/84,w1f3hsd0,36,21,0,Nothing,1538
Virginia,DOMINGUEZ,3/26/95,vuv6ifa2,25,25,3,Red Light,1539
Dorothy,ONEAL,4/3/00,f2snbo3s,20,5,1,Speeding,1540
Lillian,BRUCE,1/4/84,3hisly23,36,14,0,Nothing,1541
Patricia,LANG,11/5/83,ix114id3,37,22,3,Red Light,1542
Agnes,COMBS,8/14/95,gfcn6k0h,25,4,2,Bad Stop,1543
Arlene,KRAMER,3/27/02,shp9l54t,18,3,0,Nothing,1544
Carol,HEATH,10/30/01,cuh7858u,19,12,4,DUI,1545
Charlotte,HANCOCK,6/28/87,1igi7o3z,33,6,2,Bad Stop,1546
Edith,GALLAGHER,1/9/84,abxaahla,36,23,0,Nothing,1547
Evelyn,GAINES,4/13/99,qc8azszo,21,7,1,Speeding,1548
Flora,SHAFFER,12/21/95,n60ufm8x,24,1,1,Speeding,1549
Marie,SHORT,10/29/91,8rfuaku2,29,17,0,Nothing,1550
Rose,WIGGINS,1/29/93,y3atqtw9,27,18,4,DUI,1551
Ruth,MATHEWS,3/26/96,dmertljd,24,16,3,Red Light,1552
Sally,MCCLAIN,11/15/99,s9i4i5mn,21,0,0,Nothing,1553
Wilma,FISCHER,10/21/86,knymc0i7,34,10,5,Crash,1554
Mary,WALL,10/13/83,pe5z2p4k,37,20,2,Bad Stop,1555
Elizabeth,SMALL,2/27/82,728e4c89,38,28,0,Nothing,1556
Anna,MELTON,4/29/02,bj6buh18,18,13,5,Crash,1557
Dorothy,HENSLEY,2/6/85,kb0cdxdx,35,19,0,Nothing,1558
Patricia,BOND,10/4/95,t091xmwt,25,30,0,Nothing,1559
Agnes,DYER,4/29/87,g730eo9k,33,7,2,Bad Stop,1560
Alice,CAMERON,10/14/99,k60e2yuw,21,13,0,Nothing,1561
Margaret,GRIMES,8/6/83,ztgpcd3e,37,2,0,Nothing,1562
Nancy,CONTRERAS,6/1/02,yewmxtcp,18,19,4,DUI,1563
Shirley,CHRISTIAN,9/27/90,szcf18sd,30,0,4,DUI,1564
Virginia,WYATT,11/20/82,cn2j2dm8,37,22,0,Nothing,1565
Carol,BAXTER,12/24/91,owoabsq0,28,23,1,Speeding,1566
Evelyn,SNOW,12/2/88,4b403ky0,31,20,0,Nothing,1567
Joan,MOSLEY,3/7/86,gloc72w1,34,5,0,Nothing,1568
Katherine,SHEPHERD,11/1/89,e1bc805v,31,13,5,Crash,1569
Marjorie,LARSEN,3/11/92,dr2q6wq6,28,15,4,DUI,1570
Nellie,HOOVER,6/8/90,3y20qn53,30,10,0,Nothing,1571
Helen,BEASLEY,8/27/90,7e8fx8g9,30,27,0,Nothing,1572
Jacqueline,GLENN,8/10/93,titphri3,27,7,2,Bad Stop,1573
Julia,PETERSEN,1/2/94,7w4lwoo9,26,15,0,Nothing,1574
Lucy,WHITEHEAD,10/14/99,3q43l3nc,21,0,5,Crash,1575
Martha,MEYERS,8/29/82,q1f8xdk9,38,20,4,DUI,1576
Nora,KEITH,12/29/99,1ovu6wwc,20,22,0,Nothing,1577
Ruth,GARRISON,4/5/00,7jlx25w9,20,23,1,Speeding,1578
Theresa,VINCENT,9/2/82,5qw06fo5,38,27,2,Bad Stop,1579
Amelia,SHIELDS,3/9/82,pi0dumy4,38,24,0,Nothing,1580
Christine,HORN,9/23/90,lo594p1t,30,9,5,Crash,1581
Dolores,SAVAGE,2/11/96,n5kpcqd5,24,14,0,Nothing,1582
Elsie,OLSEN,9/29/92,r78ltkv3,28,10,0,Nothing,1583
Esther,SCHROEDER,4/30/99,uyw6p7cx,21,9,0,Nothing,1584
Geraldine,HARTMAN,10/3/00,7paphwrs,20,25,2,Bad Stop,1585
Lydia,WOODARD,11/23/98,4y4en31j,21,0,0,Nothing,1586
Marie,MUELLER,9/23/97,mam6cdrw,23,6,1,Speeding,1587
Mary,KEMP,8/31/95,bgzhzkft,25,7,3,Red Light,1588
Margaret,DELEON,9/22/98,qkxxomly,22,19,0,Nothing,1589
Carol,BOOTH,10/28/99,whqpaobp,21,6,4,DUI,1590
Barbara,PATEL,4/18/82,jc6omp27,38,15,0,Nothing,1591
Virginia,CALHOUN,1/22/99,czip656a,21,1,0,Nothing,1592
Betty,WILEY,7/13/84,2oagvlk6,36,9,0,Nothing,1593
Anna,EATON,5/23/82,0kcnwrql,38,4,0,Nothing,1594
Donna,CLINE,4/17/81,14jpuewi,39,1,0,Nothing,1595
Pauline,NAVARRO,2/13/83,taoyv94u,37,1,2,Bad Stop,1596
Shirley,HARRELL,11/5/00,fykbhc8f,20,27,4,DUI,1597
Annie,LESTER,6/24/94,94ia8wzx,26,22,0,Nothing,1598
Edith,HUMPHREY,4/15/94,603z4qe1,26,6,4,DUI,1599
Irene,PARRISH,2/9/87,cfnvj5wy,33,10,2,Bad Stop,1600
Lucy,DURAN,4/18/84,3hif5qva,36,1,0,Nothing,1601
Marie,HUTCHINSON,2/18/97,xxoaup3s,23,11,0,Nothing,1602
Martha,HESS,4/5/90,tf1eji82,30,30,3,Red Light,1603
Patricia,DORSEY,5/17/99,nvzs9w8e,21,8,0,Nothing,1604
Sophie,BULLOCK,6/26/93,6om364ob,27,13,3,Red Light,1605
Elizabeth,ROBLES,8/29/82,1g8c7iqe,38,24,3,Red Light,1606
Gladys,BEARD,7/24/92,ycri50ss,28,15,0,Nothing,1607
Lois,DALTON,3/8/95,ui2jsvio,25,6,3,Red Light,1608
Nancy,AVILA,10/18/90,35hymwn7,30,19,2,Bad Stop,1609
Agnes,VANCE,2/22/00,cffabah4,20,21,0,Nothing,1610
Ann,RICH,4/30/84,gydw0l1h,36,9,1,Speeding,1611
Christine,BLACKWELL,2/2/97,esqd8xix,23,20,5,Crash,1612
Doris,YORK,7/11/88,n6cvprc4,32,30,0,Nothing,1613
Florence,JOHNS,6/23/91,udxypkan,29,26,2,Bad Stop,1614
Grace,BLANKENSHIP,1/7/80,1ksail2w,40,10,1,Speeding,1615
Helen,TREVINO,2/27/99,hif85vhg,21,28,0,Nothing,1616
Joan,SALINAS,9/13/97,jol6ytsu,23,6,3,Red Light,1617
June,CAMPOS,5/19/91,zjhctkdm,29,27,3,Red Light,1618
Sally,PRUITT,10/13/97,0vtn4u5t,23,30,0,Nothing,1619
Sylvia,MOSES,9/17/87,jqfud1df,33,17,3,Red Light,1620
Mary,CALLAHAN,12/27/80,6f5lhz67,39,24,3,Red Light,1621
Alice,GOLDEN,9/30/02,h3xvhuzq,18,6,0,Nothing,1622
Carol,MONTOYA,1/16/80,cu8mlvy2,40,8,1,Speeding,1623
Marie,HARDIN,7/29/87,1w8ecjyu,33,28,4,DUI,1624
Patricia,GUERRA,7/29/81,1fu3ravj,39,17,0,Nothing,1625
Betty,MCDOWELL,5/3/86,fwxv1g2l,34,17,0,Nothing,1626
Barbara,DELANEY,2/24/82,4ekbaplj,38,14,0,Nothing,1627
Shirley,PATE,9/5/91,tt5aa4gx,29,27,0,Nothing,1628
Annie,LANCASTER,10/14/99,1utfca84,21,30,5,Crash,1629
Evelyn,SWEET,10/23/91,ga6bel5b,29,22,1,Speeding,1630
Nancy,JUSTICE,10/21/80,hsxlwi0r,40,10,0,Nothing,1631
Ruth,BOOKER,10/12/00,ilns0idp,20,1,2,Bad Stop,1632
Virginia,MERRITT,10/14/99,e5f5ugi2,21,2,1,Speeding,1633
Beverly,MIRANDA,10/14/99,m327kgnf,21,10,0,Nothing,1634
Florence,ATKINSON,2/18/85,v3bzl3vp,35,9,4,DUI,1635
Katherine,ORR,10/14/99,03dw8pvm,21,15,1,Speeding,1636
Marjorie,DECKER,7/5/85,0gu1yfxo,35,4,0,Nothing,1637
Rose,HOBBS,1/26/80,h79dqmao,40,25,2,Bad Stop,1638
Agnes,PRESTON,3/9/84,k1zzyjsh,36,22,5,Crash,1639
Dorothy,TANNER,9/2/83,7ubkcir7,37,24,0,Nothing,1640
Elizabeth,KNOX,9/27/00,3s1rhz72,20,15,2,Bad Stop,1641
Gertrude,PACHECO,8/19/93,ucd76x3r,27,0,4,DUI,1642
Helen,STEPHENSON,6/12/01,l9smw0ig,19,13,0,Nothing,1643
Jean,GLASS,10/15/89,wku8rs0h,31,14,3,Red Light,1644
Lillian,ROJAS,1/20/89,m9fp9ys2,31,26,0,Nothing,1645
Louise,SERRANO,3/2/02,38yhn5ix,18,24,0,Nothing,1646
Margaret,MARKS,6/19/01,w4fudcxj,19,12,1,Speeding,1647
Bernice,HICKMAN,6/21/81,gu1lffha,39,2,4,DUI,1648
Grace,ENGLISH,8/26/00,lo5qwpk9,20,20,0,Nothing,1649
Josephine,SWEENEY,10/16/83,vaasn892,37,11,3,Red Light,1650
Joyce,STRONG,9/8/84,8mf14vwx,36,19,5,Crash,1651
Rosemary,PRINCE,3/27/81,qj1au56g,39,13,0,Nothing,1652
Sandra,MCCLURE,3/10/95,1jp8wcqd,25,17,1,Speeding,1653
Sylvia,CONWAY,8/3/80,o70so3sb,40,27,1,Speeding,1654
Mary,WALTER,12/3/91,gbriiquq,28,10,0,Nothing,1655
Elizabeth,ROTH,12/8/82,5i8q8hwm,37,4,1,Speeding,1656
Martha,MAYNARD,11/22/83,apl8oq7g,36,14,3,Red Light,1657
Alice,FARRELL,12/4/97,0dxrgzui,22,25,0,Nothing,1658
Carol,LOWERY,11/24/89,7jgdz3is,30,0,0,Nothing,1659
Helen,HURST,12/17/85,a4wwpdxs,34,14,4,DUI,1660
Jean,NIXON,3/7/96,9jpfr1ns,24,16,0,Nothing,1661
Ruth,WEISS,3/14/02,vdcg5enw,18,11,4,DUI,1662
Virginia,TRUJILLO,11/21/98,kc3hg395,21,15,4,DUI,1663
Patricia,ELLISON,12/8/82,cu6dic34,37,19,0,Nothing,1664
Barbara,SLOAN,5/8/83,ipo76oh3,37,22,1,Speeding,1665
Karen,JUAREZ,7/6/85,ljaxa3d2,35,25,2,Bad Stop,1666
Margaret,WINTERS,9/3/91,t597036c,29,3,0,Nothing,1667
Phyllis,MCLEAN,6/2/84,r55gg5ea,36,27,1,Speeding,1668
Anna,RANDOLPH,10/28/87,mmxajiya,33,19,2,Bad Stop,1669
Dorothy,LEON,1/28/81,rmwzi72x,39,26,0,Nothing,1670
Frances,BOYER,10/3/93,b8vrdd9o,27,20,1,Speeding,1671
Josephine,VILLARREAL,9/10/98,gtcsqjgi,22,3,2,Bad Stop,1672
Sally,MCCALL,7/7/85,pbo5xjpe,35,26,0,Nothing,1673
Elsie,GENTRY,9/4/00,kvia3api,20,2,3,Red Light,1674
Emily,CARRILLO,11/17/82,wac5amr5,38,18,0,Nothing,1675
Lorraine,KENT,2/2/88,u368elk4,32,21,0,Nothing,1676
Marilyn,AYERS,8/23/92,yslo0y27,28,27,3,Red Light,1677
Natalia,LARA,10/5/94,nfm44gwj,26,30,0,Nothing,1678
Sarah,SHANNON,1/31/95,7mfvxfgi,25,24,0,Nothing,1679
Bertha,SEXTON,2/1/93,fnheu33q,27,16,2,Bad Stop,1680
Betty,PACE,9/26/90,5hje5cqu,30,10,2,Bad Stop,1681
Grace,HULL,7/18/91,bvompfur,29,12,0,Nothing,1682
Irene,LEBLANC,9/5/98,uw98k99l,22,30,1,Speeding,1683
Janet,BROWNING,8/25/80,2cz1o4ez,40,28,4,DUI,1684
Judith,VELASQUEZ,10/21/83,tsf1caz9,37,9,0,Nothing,1685
Marjorie,LEACH,2/24/95,y9zvse55,25,9,1,Speeding,1686
Nancy,CHANG,8/11/96,pb2y29eh,24,1,3,Red Light,1687
Pauline,HOUSE,4/4/90,4ydb0nb5,30,24,0,Nothing,1688
Mary,SELLERS,12/7/93,mcjnwlw1,26,4,3,Red Light,1689
Barbara,HERRING,7/11/93,6zs9vhwe,27,2,5,Crash,1690
Patricia,NOBLE,1/2/93,cu9reksx,27,7,0,Nothing,1691
Alice,FOLEY,7/18/89,owikoddw,31,21,4,DUI,1692
Annie,BARTLETT,5/10/02,634knbiv,18,14,4,DUI,1693
Helen,MERCADO,5/29/82,5bxhv6pv,38,22,0,Nothing,1694
Margaret,LANDRY,6/21/01,pduh0rpw,19,9,4,DUI,1695
Dorothy,DURHAM,3/25/93,pwx5txuv,27,6,1,Speeding,1696
Marie,WALLS,11/14/87,01511t4m,33,16,0,Nothing,1697
Sharon,BARR,4/24/95,h99sfk0t,25,13,3,Red Light,1698
Agnes,MCKEE,12/23/97,qloss0ci,22,2,0,Nothing,1699
Betty,BAUER,6/9/02,ca579run,18,5,0,Nothing,1700
Carol,RIVERS,2/9/86,0q8xp4p3,34,8,3,Red Light,1701
Clara,EVERETT,7/26/88,qnxt4eci,32,22,5,Crash,1702
Julia,BRADSHAW,7/5/00,60o0io86,20,8,0,Nothing,1703
Sally,PUGH,8/16/84,pmluq9sk,36,3,3,Red Light,1704
Anna,VELEZ,7/1/82,sfv6617w,38,25,3,Red Light,1705
Carolyn,RUSH,2/6/98,q3886ujq,22,26,0,Nothing,1706
Elizabeth,ESTES,6/2/93,ke1m34r0,27,25,3,Red Light,1707
Irene,DODSON,2/13/80,xl2h6yw6,40,21,2,Bad Stop,1708
Judith,MORSE,11/10/97,0nql5dg0,23,25,0,Nothing,1709
Lucy,SHEPPARD,11/25/91,10qvq7o7,28,18,2,Bad Stop,1710
Martha,WEEKS,2/27/79,f5dgkcbi,41,7,4,DUI,1711
Susan,CAMACHO,6/14/81,t1tyf37z,39,5,0,Nothing,1712
Donna,BEAN,5/30/00,x5kpigqd,20,0,4,DUI,1713
Evelyn,BARRON,8/19/80,rbjotau5,40,6,4,DUI,1714
Florence,LIVINGSTON,9/5/92,xq26squp,28,3,0,Nothing,1715
Frances,MIDDLETON,7/9/92,pw9kzpop,28,10,0,Nothing,1716
Judy,SPEARS,2/23/96,98b43hnl,24,16,0,Nothing,1717
Karen,BRANCH,2/26/98,k1l7md4r,22,4,0,Nothing,1718
Nancy,BLEVINS,11/22/84,qmsk36gp,35,3,0,Nothing,1719
Rose,CHEN,5/17/91,qt9qr2wi,29,21,4,DUI,1720
Virginia,KERR,3/21/86,ip5goak0,34,7,0,Nothing,1721
Diane,MCCONNELL,4/6/84,m8v785ib,36,11,1,Speeding,1722
Gloria,HATFIELD,2/18/94,opjmp788,26,11,3,Red Light,1723
Janice,HARDING,3/5/93,j2k46rrp,27,21,0,Nothing,1724
Joanne,ASHLEY,9/28/83,7o8z2eu8,37,3,4,DUI,1725
Katherine,SOLIS,4/13/86,8k079zvh,34,20,3,Red Light,1726
Lillian,HERMAN,1/17/93,i2ms0wjs,27,27,0,Nothing,1727
Marilyn,FROST,10/21/86,iqxfgglf,34,20,0,Nothing,1728
Pauline,GILES,1/18/82,y9id8dyr,38,3,0,Nothing,1729
Sandra,BLACKBURN,6/17/84,hc0wls1p,36,30,0,Nothing,1730
Shirley,WILLIAM,10/6/87,iu3ugjtg,33,25,1,Speeding,1731
Theresa,PENNINGTON,12/14/02,6f57p2bp,17,11,1,Speeding,1732
Mary,WOODWARD,8/18/83,fw93dbj4,37,21,0,Nothing,1733
Barbara,FINLEY,3/23/96,ldo6fo4p,24,2,3,Red Light,1734
Patricia,MCINTOSH,5/15/99,eo6pfvr7,21,15,5,Crash,1735
Judy,KOCH,9/23/97,i57i74s5,23,16,0,Nothing,1736
Margaret,BEST,3/24/83,kf2nlzej,37,29,1,Speeding,1737
Nancy,SOLOMON,7/18/95,yp06truk,25,9,2,Bad Stop,1738
Alice,MCCULLOUGH,8/18/87,loqairo2,33,7,0,Nothing,1739
Carol,DUDLEY,5/2/00,n3obj94r,20,24,4,DUI,1740
Helen,NOLAN,9/27/99,5hgm5n2s,21,28,5,Crash,1741
Karen,BLANCHARD,9/27/80,gvph5rwc,40,14,0,Nothing,1742
Martha,RIVAS,11/15/90,f2ohin2e,30,29,3,Red Light,1743
Dorothy,BRENNAN,7/22/80,44twkiz4,40,29,1,Speeding,1744
Julia,MEJIA,6/2/97,ldbctqlu,23,21,0,Nothing,1745
Sharon,KANE,3/23/84,mr6847k1,36,1,5,Crash,1746
Ann,BENTON,4/28/01,0qkhphre,19,8,1,Speeding,1747
Elizabeth,JOYCE,12/16/96,6vs81w9a,23,7,0,Nothing,1748
Pauline,BUCKLEY,4/4/86,gasoerzl,34,6,0,Nothing,1749
Marie,HALEY,3/16/99,delji4vy,21,12,3,Red Light,1750
Agnes,VALENTINE,1/7/00,l9rx33mz,20,28,0,Nothing,1751
Annie,MADDOX,2/28/97,1l0uj16k,23,14,4,DUI,1752
Evelyn,RUSSO,7/25/93,3s8rptb9,27,24,4,DUI,1753
Florence,MCKNIGHT,8/11/82,5d7iih50,38,9,0,Nothing,1754
Judith,BUCK,5/24/97,fsetnwy4,23,4,5,Crash,1755
Lucy,MOON,7/30/99,sc5dsb2c,21,27,1,Speeding,1756
Marilyn,MCMILLAN,7/9/93,4q9vn0q0,27,30,0,Nothing,1757
Rita,CROSBY,3/8/92,bqdgnmus,28,1,2,Bad Stop,1758
Sally,BERG,6/18/80,bsljs4nk,40,16,4,DUI,1759
Anna,DOTSON,4/25/83,k7kikefu,37,2,0,Nothing,1760
Ethel,MAYS,3/27/94,ny156lht,26,0,5,Crash,1761
Frances,ROACH,12/31/99,iq0sa62m,20,11,3,Red Light,1762
Janet,CHURCH,7/17/98,1xndotzf,22,13,0,Nothing,1763
Lois,CHAN,8/5/93,f875fy1x,27,22,4,DUI,1764
Lydia,RICHMOND,6/15/01,38iblkap,19,14,5,Crash,1765
Sarah,MEADOWS,4/2/95,ohjrq0q0,25,28,0,Nothing,1766
Audrey,FAULKNER,11/18/94,wsyayqvb,26,8,1,Speeding,1767
Betty,ONEILL,5/24/00,9jy866al,20,12,5,Crash,1768
Ella,KNAPP,6/8/83,3j00rbcd,37,7,0,Nothing,1769
Esther,KLINE,7/18/96,4bvamqa3,24,15,3,Red Light,1770
Joanne,BARRY,3/24/91,8p3a3apk,29,5,5,Crash,1771
Katherine,OCHOA,1/23/88,7o7eewh9,32,5,0,Nothing,1772
Linda,JACOBSON,11/9/87,jcib91xg,33,30,2,Bad Stop,1773
Mabel,GAY,6/30/99,qshxhysl,21,4,3,Red Light,1774
Rose,AVERY,5/12/02,bamrtnd9,18,4,0,Nothing,1775
Ruth,HENDRICKS,1/21/90,7d7s1uni,30,21,5,Crash,1776
Virginia,HORNE,8/16/92,9hydubt5,28,6,4,DUI,1777
Mary,SHEPARD,7/28/81,wb7ogqgv,39,12,0,Nothing,1778
Patricia,HEBERT,9/11/99,aw5p5d31,21,28,4,DUI,1779
Judy,CHERRY,5/28/82,lblxbe8l,38,13,3,Red Light,1780
Margaret,CARDENAS,11/3/95,vdypi3zx,25,25,0,Nothing,1781
Sharon,MCINTYRE,3/5/89,ax1ry2b8,31,26,3,Red Light,1782
Barbara,WHITNEY,7/1/83,x5bqvv4z,37,27,5,Crash,1783
Judith,WALLER,6/13/90,g2ip0y36,30,18,0,Nothing,1784
Carol,HOLMAN,6/24/88,o89clzzf,32,4,5,Crash,1785
Martha,DONALDSON,11/25/97,4zy92r9e,22,1,1,Speeding,1786
Donna,CANTU,6/14/89,uzw603tu,31,15,0,Nothing,1787
Elizabeth,TERRELL,7/31/00,q0838gw1,20,3,5,Crash,1788
Anna,MORIN,5/21/98,vm5cm8ox,22,2,3,Red Light,1789
Virginia,GILLESPIE,6/2/83,cqdzb88f,37,1,0,Nothing,1790
Helen,FUENTES,2/20/80,4bqmwmho,40,6,3,Red Light,1791
Janet,TILLMAN,7/6/82,4enyc346,38,3,4,DUI,1792
Joan,SANFORD,9/23/86,hr741bw0,34,12,0,Nothing,1793
Karen,BENTLEY,2/5/86,zi20ja5i,34,19,4,DUI,1794
Rose,PECK,7/18/96,247ating,24,25,4,DUI,1795
Sandra,KEY,4/15/90,xv5bc66c,30,26,0,Nothing,1796
Christine,SALAS,8/28/85,cdcc5x47,35,17,1,Speeding,1797
Dorothy,ROLLINS,7/13/95,56jwybxr,25,2,3,Red Light,1798
Jane,GAMBLE,5/24/94,kkxht7qs,26,8,0,Nothing,1799
Lois,DICKSON,7/7/87,3rj5hqgs,33,25,2,Bad Stop,1800
Sally,BATTLE,7/10/88,yzh20h6t,32,19,1,Speeding,1801
Alice,SANTANA,9/27/86,b3c0pomo,34,5,0,Nothing,1802
Bertha,CABRERA,12/17/90,0dsha8xk,29,29,4,DUI,1803
Betty,CERVANTES,3/21/84,ref9w2g1,36,19,5,Crash,1804
Catherine,HOWE,12/6/88,n7p18jsy,31,10,0,Nothing,1805
Florence,HINTON,5/14/01,xlz0gen1,19,22,5,Crash,1806
Frances,HURLEY,8/3/89,9nefqapc,31,27,3,Red Light,1807
Marie,SPENCE,4/21/87,jt7gqsj6,33,9,0,Nothing,1808
Nancy,ZAMORA,12/2/96,djkzf6yr,23,20,2,Bad Stop,1809
Rosemary,YANG,3/18/90,le11yd06,30,7,3,Red Light,1810
Sophie,MCNEIL,8/4/95,13cx2kbx,25,7,0,Nothing,1811
Annie,SUAREZ,11/25/02,qgu8cx0w,17,7,3,Red Light,1812
Arlene,CASE,5/23/99,uvx7421e,21,29,3,Red Light,1813
Bonnie,PETTY,8/31/88,7pepe6c1,32,18,0,Nothing,1814
Carolyn,GOULD,12/29/80,3ms0c0op,39,10,3,Red Light,1815
Jean,MCFARLAND,11/10/84,gr6omogd,36,16,0,Nothing,1816
Katherine,SAMPSON,4/29/94,04akhfkn,26,10,0,Nothing,1817
Lillian,CARVER,8/7/96,1bj35jsv,24,13,3,Red Light,1818
Lorraine,BRAY,5/6/88,6n6z2bhn,32,0,0,Nothing,1819
Lucy,ROSARIO,10/13/89,7upx4v3w,31,23,0,Nothing,1820
Molly,MACDONALD,6/1/02,gxv91ymw,18,1,4,DUI,1821
Roberta,STOUT,6/29/81,h357a3yi,39,7,3,Red Light,1822
Shirley,HESTER,4/10/99,41zglzcx,21,21,0,Nothing,1823
Susan,MELENDEZ,8/28/93,17q9o6nq,27,4,4,DUI,1824
Mary,SMALL,9/27/92,2dxzt5t4,28,24,3,Red Light,1825
Patricia,MELTON,11/24/90,cq0sth0d,29,24,0,Nothing,1826
Carol,HENSLEY,7/3/97,qb34azh1,23,15,0,Nothing,1827
Sharon,BOND,4/22/95,p8ctvfsk,25,5,2,Bad Stop,1828
Donna,DYER,8/2/00,hx1gxe27,20,12,0,Nothing,1829
Dorothy,CAMERON,1/28/81,omcqj3zv,39,14,3,Red Light,1830
Karen,GRIMES,1/11/91,pgqy12m3,29,8,0,Nothing,1831
Margaret,CONTRERAS,2/25/91,ldcekwok,29,0,0,Nothing,1832
Nancy,CHRISTIAN,12/3/90,j3bqw4pv,29,20,4,DUI,1833
Helen,WYATT,7/24/97,um8bc8oe,23,6,2,Bad Stop,1834
Linda,BAXTER,2/14/94,srh4wggp,26,19,0,Nothing,1835
Virginia,SNOW,7/11/91,d70v12dj,29,0,3,Red Light,1836
Irene,MOSLEY,4/27/85,kalmbeqp,35,28,2,Bad Stop,1837
Martha,SHEPHERD,12/4/86,meursvps,33,16,0,Nothing,1838
Marie,SYKES,11/24/02,ge9qssap,17,9,0,Nothing,1839
Barbara,BENJAMIN,12/26/81,l2xjr3n5,38,18,2,Bad Stop,1840
Bonnie,TRAVIS,6/26/01,e1cco0m2,19,23,0,Nothing,1841
Elizabeth,PICKETT,12/30/86,vflslv0s,33,16,1,Speeding,1842
Jane,CRANE,6/28/81,r9rjm1bi,39,25,2,Bad Stop,1843
Judith,SEARS,2/14/83,th38obt1,37,21,0,Nothing,1844
Katherine,MAYO,10/17/00,nkgai01u,20,4,0,Nothing,1845
Susan,DUNLAP,4/3/87,xaqr1yfm,33,5,4,DUI,1846
Alice,HAYDEN,7/12/95,k9joow2k,25,7,0,Nothing,1847
Anna,WILDER,10/12/92,vhj3r4ro,28,14,3,Red Light,1848
Kathleen,MCKAY,10/9/94,jana24zx,26,18,4,DUI,1849
Kathryn,COFFEY,11/9/89,n5uow5rp,31,7,0,Nothing,1850
Lois,MCCARTY,10/23/84,688mcpf7,36,7,3,Red Light,1851
Marilyn,EWING,1/23/80,wrrj8cf6,40,19,2,Bad Stop,1852
Roberta,COOLEY,2/5/02,30f8sjby,18,15,0,Nothing,1853
Ann,VAUGHAN,4/10/99,6rf6kmtv,21,29,2,Bad Stop,1854
Betty,BONNER,3/3/86,nr117rzo,34,24,5,Crash,1855
Clara,COTTON,7/12/98,30nbo76d,22,8,0,Nothing,1856
Lucy,HOLDER,3/28/00,jvwz64p5,20,22,0,Nothing,1857
Ruth,STARK,9/22/86,x48xr2lc,34,8,0,Nothing,1858
Sally,FERRELL,5/15/95,gceg6z9f,25,13,0,Nothing,1859
Shirley,CANTRELL,10/11/01,ipn7pm49,19,3,3,Red Light,1860
Caroline,FULTON,12/4/84,aprapiun,35,23,3,Red Light,1861
Diane,LYNN,1/5/01,ejqhogfa,19,21,0,Nothing,1862
Edith,LOTT,1/9/95,9db9orsy,25,4,1,Speeding,1863
Jean,CALDERON,11/18/98,nk79wrh3,22,13,1,Speeding,1864
Kathy,ROSA,3/24/81,eaea6n9y,39,28,0,Nothing,1865
Loretta,POLLARD,12/10/84,kghd2g1r,35,24,3,Red Light,1866
Maria,HOOPER,11/17/92,dl4ozt7l,28,13,5,Crash,1867
Myra,BURCH,2/9/90,onr57g5p,30,26,0,Nothing,1868
Pauline,MULLEN,10/21/83,v7a1pmjt,37,9,4,DUI,1869
Mary,FRY,10/15/94,e8uxute0,26,22,2,Bad Stop,1870
Linda,RIDDLE,12/15/01,qiy25znf,18,14,0,Nothing,1871
Barbara,LEVY,12/15/81,7wijorzy,38,1,2,Bad Stop,1872
Sharon,DAVID,8/16/84,buvkgn4c,36,8,5,Crash,1873
Martha,DUKE,5/12/90,602yq0ni,30,8,0,Nothing,1874
Susan,ODONNELL,6/17/80,6txwzfmp,40,23,5,Crash,1875
Patricia,GUY,8/17/98,4k5hlu6b,22,12,5,Crash,1876
Betty,MICHAEL,3/13/82,5mz52n0n,38,14,0,Nothing,1877
Elizabeth,BRITT,9/18/94,vfmi4y56,26,0,5,Crash,1878
Kathleen,FREDERICK,10/13/00,zgfnd06j,20,27,4,DUI,1879
Marie,DAUGHERTY,6/6/93,d5943yl4,27,2,0,Nothing,1880
Janet,BERGER,5/6/80,y8ontz8r,40,8,2,Bad Stop,1881
Judith,DILLARD,5/4/91,q97h3jkd,29,3,3,Red Light,1882
Ruth,ALSTON,8/23/02,i8e1znnv,18,22,0,Nothing,1883
Nancy,JARVIS,1/4/90,51tkzbl8,30,23,1,Speeding,1884
Pauline,FRYE,2/19/98,x24n7s22,22,1,2,Bad Stop,1885
Clara,RIGGS,11/9/87,i71y8dgq,33,15,0,Nothing,1886
Jean,CHANEY,12/16/99,sm7kpbid,20,1,5,Crash,1887
Judy,ODOM,8/5/86,wok5ssj0,34,24,2,Bad Stop,1888
Margaret,DUFFY,7/30/99,uigk2buq,21,24,0,Nothing,1889
Virginia,FITZPATRICK,2/12/85,41phyd88,35,15,5,Crash,1890
Annie,VALENZUELA,2/24/89,80p78uth,31,28,5,Crash,1891
Carol,MERRILL,8/6/93,8d03mo20,27,17,0,Nothing,1892
Edna,MAYER,7/25/95,pqyjsxna,25,6,1,Speeding,1893
Helen,ALFORD,1/27/89,m3qcnhi1,31,2,2,Bad Stop,1894
Joyce,MCPHERSON,10/30/92,latyz3tu,28,30,0,Nothing,1895
Karen,ACEVEDO,2/27/82,k3dome0y,38,4,4,DUI,1896
Katherine,DONOVAN,1/27/88,l59vd428,32,26,4,DUI,1897
Lorraine,BARRERA,4/15/99,nse9u7st,21,12,0,Nothing,1898
Alice,ALBERT,2/22/80,ygx7muhk,40,30,5,Crash,1899
Ann,COTE,5/3/02,xdhnl0aj,18,5,1,Speeding,1900
Bonnie,REILLY,10/7/88,9bmjbtti,32,4,0,Nothing,1901
Carolyn,COMPTON,5/25/82,zetkqxpf,38,14,4,DUI,1902
Christine,RAYMOND,1/12/86,6h9l5brl,34,7,5,Crash,1903
Diane,MOONEY,6/12/81,76xtxq1o,39,13,0,Nothing,1904
Donna,MCGOWAN,12/6/00,55aen1wx,19,22,1,Speeding,1905
Grace,CRAFT,2/11/99,anowm7fj,21,0,2,Bad Stop,1906
Marilyn,CLEVELAND,6/12/96,7qafd3ib,24,26,0,Nothing,1907
Rose,CLEMONS,4/22/93,anmhlwcc,27,6,3,Red Light,1908
Sarah,WYNN,5/26/81,1piu1fze,39,0,3,Red Light,1909
Shirley,NIELSEN,5/6/81,gtu5r9vo,39,22,0,Nothing,1910
Anna,BAIRD,9/30/83,vnpibbqq,37,8,3,Red Light,1911
Beverly,STANTON,10/9/88,s5a9iak0,32,8,1,Speeding,1912
Darlene,SNIDER,2/10/83,idy774nd,37,26,0,Nothing,1913
Dorothy,ROSALES,2/24/91,1f0m8v4a,29,30,2,Bad Stop,1914
Irene,BRIGHT,1/23/00,xusxs19v,20,1,2,Bad Stop,1915
Joan,WITT,12/26/81,oqpnencx,38,28,0,Nothing,1916
Lucy,STUART,8/9/89,6j74kofh,31,14,3,Red Light,1917
Mattie,HAYS,3/20/98,o8rwkpwt,22,3,5,Crash,1918
Sophie,HOLDEN,4/30/95,trzf6am8,25,22,0,Nothing,1919
Mary,RUTLEDGE,5/10/86,yhggceb0,34,8,1,Speeding,1920
Patricia,KINNEY,7/1/90,zhkul8r6,30,19,3,Red Light,1921
Alice,CLEMENTS,11/26/89,oejk59oq,30,19,0,Nothing,1922
Barbara,CASTANEDA,1/29/95,lp7qygd3,25,25,5,Crash,1923
Susan,SLATER,7/3/02,9f58s5ni,18,25,0,Nothing,1924
Carol,HAHN,5/4/97,bh5z4hw1,23,21,0,Nothing,1925
Linda,EMERSON,6/2/90,n4o59u2e,30,24,2,Bad Stop,1926
Shirley,CONRAD,11/22/86,ncerdeoy,33,30,1,Speeding,1927
Elizabeth,BURKS,9/29/93,2jdbkccw,27,17,0,Nothing,1928
Janet,DELANEY,2/8/84,heogl48r,36,6,3,Red Light,1929
Marie,PATE,6/19/83,s3pexvmg,37,30,3,Red Light,1930
Helen,LANCASTER,11/4/90,e1hssqdw,30,23,0,Nothing,1931
Margaret,SWEET,4/30/95,ma2xqrxs,25,11,4,DUI,1932
Nancy,JUSTICE,12/31/86,bzg88hsw,33,13,3,Red Light,1933
Phyllis,TYSON,12/17/85,5boa7tst,34,30,0,Nothing,1934
Dorothy,SHARPE,9/29/86,hzliy0pk,34,24,0,Nothing,1935
Marilyn,WHITFIELD,3/12/89,ng2jwju2,31,5,3,Red Light,1936
Sandra,TALLEY,6/9/90,9x2vk7e3,30,30,0,Nothing,1937
Annie,MACIAS,1/29/83,pen6px5t,37,19,3,Red Light,1938
Ellen,IRWIN,3/3/82,8rdud5dr,38,11,1,Speeding,1939
Grace,BURRIS,5/16/87,p8x43hcw,33,30,0,Nothing,1940
Judy,RATLIFF,11/12/01,4jjyq1mk,19,11,0,Nothing,1941
Lucy,MCCRAY,4/21/80,jskuxnn9,40,19,2,Bad Stop,1942
Ruth,MADDEN,8/19/80,keujfts9,40,8,0,Nothing,1943
Agnes,KAUFMAN,10/18/80,ywexfj0u,40,7,0,Nothing,1944
Diane,BEACH,2/8/92,zzgzpc02,28,18,5,Crash,1945
Donna,GOFF,7/13/90,dzrr9anp,30,10,0,Nothing,1946
Katherine,CASH,1/28/99,2j1i3k2h,21,4,3,Red Light,1947
Anna,BOLTON,3/29/82,okyukbvi,38,2,4,DUI,1948
Darlene,MCFADDEN,4/5/80,pqtazks6,40,13,0,Nothing,1949
Evelyn,LEVINE,8/16/82,wamcw619,38,26,5,Crash,1950
June,GOOD,7/11/93,a32kcyzo,27,10,5,Crash,1951
Kathryn,BYERS,7/21/02,ae005xk2,18,1,0,Nothing,1952
Lorraine,KIRKLAND,7/9/94,iyzwmld1,26,15,1,Speeding,1953
Martha,KIDD,7/4/85,pcxq1w36,35,4,2,Bad Stop,1954
Virginia,WORKMAN,2/7/97,slu1rl1v,23,27,0,Nothing,1955
Bonnie,CARNEY,7/24/80,3k3wpxd2,40,6,2,Bad Stop,1956
Carrie,DALE,5/24/89,r0kxnbbw,31,29,4,DUI,1957
Elena,MCLEOD,6/30/87,k2tty435,33,26,0,Nothing,1958
Francine,HOLCOMB,7/7/85,u2baf7e4,35,24,3,Red Light,1959
Ida,ENGLAND,8/26/88,ivi3a3xl,32,5,5,Crash,1960
Janice,FINCH,3/11/00,p25fxnm6,20,25,0,Nothing,1961
Judith,HEAD,2/28/85,0kv6xhmv,35,16,0,Nothing,1962
Karen,BURT,10/15/00,rj9ctu7j,20,16,1,Speeding,1963
Kathleen,HENDRIX,12/2/83,jr9fi8wt,36,8,0,Nothing,1964
Louise,SOSA,9/5/86,0ueo1q01,34,15,5,Crash,1965
Pamela,HANEY,10/22/91,yz5oc9k6,29,9,2,Bad Stop,1966
Pauline,FRANKS,3/3/86,0uh3zm23,34,13,0,Nothing,1967
Rose,SARGENT,7/18/80,26s2qipr,40,14,5,Crash,1968
Sharon,NIEVES,9/3/02,ncct0jmg,18,29,4,DUI,1969
Mary,DOWNS,2/21/84,kaunve4m,36,24,0,Nothing,1970
Patricia,RASMUSSEN,12/26/02,rhs8yblm,17,14,2,Bad Stop,1971
Margaret,BIRD,3/30/87,m01qt2ru,33,9,1,Speeding,1972
Susan,HEWITT,2/23/85,hbhu6l0j,35,13,0,Nothing,1973
Linda,LINDSAY,4/22/95,r9zypkob,25,23,5,Crash,1974
Barbara,LE,7/14/96,acuqieyu,24,17,0,Nothing,1975
Karen,FOREMAN,1/7/00,rdbo36pp,20,0,0,Nothing,1976
Carol,VALENCIA,4/13/93,0zxdon0i,27,2,5,Crash,1977
Betty,ONEIL,5/28/95,p3kb1yb1,25,21,3,Red Light,1978
Helen,DELACRUZ,4/20/85,yhgpj0kt,35,3,0,Nothing,1979
Sharon,VINSON,6/24/86,zniezllu,34,15,4,DUI,1980
Jean,DEJESUS,6/23/01,6k243c8c,19,17,5,Crash,1981
Kathleen,HYDE,10/30/97,798in7db,23,14,0,Nothing,1982
Martha,FORBES,1/3/97,7eooxanr,23,17,1,Speeding,1983
Nancy,GILLIAM,9/12/90,csxui622,30,2,1,Speeding,1984
Alice,GUTHRIE,6/30/83,4c5qemn9,37,19,0,Nothing,1985
Judy,WOOTEN,4/1/93,yxet9a7t,27,14,1,Speeding,1986
Marie,HUBER,11/10/98,1h6xds7h,22,8,1,Speeding,1987
Sandra,BARLOW,7/21/84,teoqqqtt,36,17,0,Nothing,1988
Ann,BOYLE,10/31/82,olad4p0q,38,9,3,Red Light,1989
Bonnie,MCMAHON,1/16/96,eia1rgwk,24,1,1,Speeding,1990
Cheryl,BUCKNER,1/31/90,ny1e66ja,30,22,0,Nothing,1991