deckow.kariane@hotmail.com,hjfnqgvq,1
brisa.nitzsche@bailey.net,6weiggfq,2
jrippin@kerluke.org,hf3bui43,3
mariana74@lesch.biz,duwwkyhx,4
demario89@schamberger.net,gfiicpur,5
douglas.leopoldo@hilpert.com,nuuldwbf,6
foster59@jacobi.com,k9pqak4s,7
deckow.gerry@gmail.com,sron2p4x,8
gust.boyer@gmail.com,crubj6fg,9
nolan.lina@keebler.com,4981g98m,10
hayes.anibal@friesen.info,vw0uoc1o,11
bschamberger@hotmail.com,22gwdriz,12
rohan.vella@kuphal.com,aha8ym70,13
yost.hermina@hotmail.com,qm9ga08y,14
violette.heller@hotmail.com,g36fqc9c,15
yherman@hotmail.com,f4n02uny,16
yaltenwerth@gmail.com,re9ku5jc,17
kasandra.bruen@schulist.org,ovnrt06c,18
dickinson.candida@berge.com,x6doc1hs,19
jaron16@yahoo.com,6lm38m4o,20
meaghan49@volkman.com,qqnzy8mw,21
ramiro.kiehn@weissnat.net,lms8aqi9,22
jimmie05@yahoo.com,n7azy5wf,23
estevan.brakus@gmail.com,w83hy74v,24
sstanton@gmail.com,00bzngkv,25
pkirlin@stoltenberg.com,ykh041b2,26
legros.maritza@yahoo.com,04q6fqhm,27
pschmidt@gmail.com,mo4xbsu2,28
javier43@little.com,yv6kelpp,29
rice.jean@wyman.biz,oc6b5xtt,30
gwiza@schuster.com,pjtbnson,31
octavia47@gmail.com,lnzsu4dp,32
modesta40@yahoo.com,ii4kt2u4,33
wilton.walker@blick.com,vfmytr1n,34
marcelo38@yahoo.com,xogicqkp,35
rboehm@ullrich.info,c2z05oln,36
herzog.emma@hotmail.com,p1kxncs7,37
george.shields@zulauf.net,grfubtia,38
rylee29@lynch.info,j2pbpoqi,39
wgottlieb@raynor.com,pwa91aa0,40
wtorp@keebler.com,240dwf9z,41
gussie.morissette@franecki.biz,amv1i8gw,42
esperanza18@hotmail.com,7mghzizy,43
haag.joanie@mosciski.com,uo4ocdaz,44
herminio.howe@gmail.com,742ew3if,45
mcglynn.earnestine@yahoo.com,4stjsn9j,46
ydonnelly@funk.com,ad90r3zh,47
erik98@bauch.com,khpol03t,48
claude91@little.com,6ugo6kk0,49
kupton@heidenreich.com,acnabz40,50
otoy@gmail.com,3dl5z0j3,51
samir13@hotmail.com,cfkuuy5a,52
lbaumbach@franecki.com,s9691xhc,53
schmeler.cristobal@runolfsson.org,n2xpvz3g,54
blabadie@bayer.com,bd21m760,55
jamal75@mcclure.com,r2a59e46,56
nigel05@gmail.com,8v2ttqk5,57
veum.anais@murazik.com,j0p3v5s1,58
major.casper@pagac.com,3h6oq3xz,59
nienow.crawford@denesik.com,gis1a2db,60
zdurgan@feil.biz,q7rf1cbq,61
fiona32@keeling.com,ugmms0gp,62
zulauf.molly@hotmail.com,r4k4yx1m,63
clinton.mayert@runolfsdottir.biz,8xyietmv,64
swaniawski.tierra@gmail.com,ruq0bedi,65
martine96@gmail.com,zkw7oukx,66
stracke.lela@mosciski.com,vgg7914c,67
gjacobi@gmail.com,zi3rurtj,68
giuseppe07@dickinson.biz,nps31otc,69
carroll.rudy@sipes.com,0u6alntu,70
kyleigh00@gmail.com,xaw6e6db,71
phoppe@yahoo.com,qoasrw06,72
altenwerth.lola@gmail.com,z00c6oab,73
rutherford.lee@huels.com,ocry2qkf,74
leola.beier@gmail.com,2z37juvn,75
melvina.franecki@yahoo.com,cicy6x8l,76
stephania06@kutch.com,tooysqsq,77
kelsie43@gmail.com,z7iiav4g,78
jaeden.baumbach@turner.net,7455k33f,79
ikilback@gmail.com,a6aey4tl,80
waino14@gmail.com,qxtwokgw,81
arvilla38@gmail.com,jupzkzs5,82
rtillman@gmail.com,tvr3i0k0,83
amiller@yahoo.com,ntvxkp04,84
dorothy30@bergstrom.com,9ah95xx7,85
wilburn.muller@gmail.com,zju0vyxx,86
xlesch@gmail.com,axwiadg4,87
vergie.hackett@hotmail.com,g6expipp,88
hermiston.elvera@hotmail.com,0yxlpudh,89
treutel.ruth@hotmail.com,blxyyaag,90
abner56@ebert.com,yudxraqs,91
oreilly.rowena@williamson.com,akxu5e21,92
delphine.veum@mccullough.biz,fvi3lbxa,93
schulist.coralie@conroy.info,w56lv71l,94
onie.goyette@ankunding.com,l6ta2q3t,95
hand.tabitha@gmail.com,svsli35e,96
manley83@yahoo.com,cdj899df,97
wisozk.jefferey@hotmail.com,3im0naef,98
ken28@wilderman.org,1qtojb8i,99
lturcotte@hotmail.com,v48kisgz,100
braulio31@kassulke.org,d2rvf157,101
roberts.marjory@hotmail.com,b9m7floi,102
ward.reba@gmail.com,2sn702rb,103
dlubowitz@oconner.com,sflpuf3n,104
shanelle.graham@yahoo.com,xs6u9vsk,105
emely49@yahoo.com,vdlh0a5l,106
zakary.grant@yahoo.com,syq4nsbd,107
llockman@maggio.com,wvphnagc,108
gbuckridge@gmail.com,r4lucrbx,109
nasir94@hotmail.com,5mwfo0ea,110
kamille92@hotmail.com,ioq0miy5,111
herman.demetris@durgan.com,s7imdfh5,112
mariah06@mueller.org,8jqlr9kt,113
ahamill@blick.com,j5c33y6i,114
bernhard.nikko@hotmail.com,7686oi10,115
wilfredo61@ziemann.biz,hozrw9l8,116
john.gerhold@hotmail.com,kyf78eiz,117
schiller.leola@pollich.biz,33vrimyh,118
mac.braun@roob.net,g95ljxkr,119
jarred.stamm@luettgen.com,0yx1h1ev,120
franecki.ramona@yahoo.com,bebqx6j0,121
kamille69@satterfield.com,3nzglv5p,122
vladimir33@deckow.com,v0fscygz,123
kamren.wilderman@hotmail.com,usykce1m,124
kylie11@hotmail.com,ec4zzyft,125
xshanahan@yahoo.com,5a10gqnn,126
maya52@yahoo.com,2mco1j7l,127
wiza.tristin@murray.com,1z8lhx7t,128
okey13@adams.com,yu3a31xt,129
skylar.champlin@schaden.com,hq7pp40f,130
barrett.wyman@yahoo.com,prh07at8,131
gnienow@hotmail.com,07faubt0,132
luciano82@purdy.info,0en681t0,133
stephany.mcglynn@gmail.com,5ov38aqo,134
njohns@hotmail.com,dq51r4kc,135
hailey40@gmail.com,855cx32v,136
zelda.renner@kihn.net,44618ngw,137
macie.oconner@gmail.com,eqfpppt1,138
arvilla03@gmail.com,w8kvy56f,139
swunsch@windler.biz,66bq8dkc,140
winnifred.runte@hotmail.com,2rcy8yoa,141
baby.hammes@yahoo.com,mmyrm8et,142
kshields@yahoo.com,f4opaoai,143
randal51@gmail.com,sb71bszt,144
adelle.kub@ritchie.net,m3nzwjql,145
rose.mccullough@schroeder.com,3jlwxzwu,146
jewel22@fisher.org,4kax6dbh,147
cronin.keshaun@carter.com,ogjan3q4,148
ucollins@hotmail.com,mqzvh9fu,149
rkertzmann@bergnaum.net,g08lnjai,150
mandy.hegmann@rippin.org,ch5wyuo3,151
marcelina72@hotmail.com,kzq5zvxv,152
ndurgan@hotmail.com,uvz06tlp,153
gayle.rath@boehm.com,unpjl501,154
lamont.strosin@schmeler.com,uuf62jn4,155
wunsch.helen@yahoo.com,yusmkvus,156
helena.beahan@gmail.com,iwbi7mr7,157
deja.quigley@gmail.com,0ky9zuie,158
kattie00@zboncak.com,mfzmm8di,159
bmarquardt@balistreri.com,i7e4amyo,160
kris31@yahoo.com,pt7jmso9,161
legros.tod@simonis.com,39paimet,162
rosalia50@hotmail.com,s03x2m1y,163
giovanna.kilback@gmail.com,yr31f7ma,164
larson.selmer@considine.biz,60m1netv,165
swalker@conroy.com,ms9q4onj,166
roman73@gmail.com,hivsfagl,167
shyann.rowe@kemmer.com,g1c334x0,168
ryder14@hotmail.com,cilwzkbg,169
maximillian.ratke@gmail.com,bxabh76p,170
yesenia12@kohler.com,tmsfk4a1,171
mfriesen@johnston.com,g2832xy3,172
velma.parker@sporer.com,k6g2ksh6,173
hessel.brenden@murphy.com,r93vjngx,174
hamill.alexys@ebert.org,c2u9pdod,175
santino.kerluke@kub.net,q93lktln,176
qcassin@hermiston.com,fwf8mcx9,177
mbarrows@stracke.com,cuo8h2k3,178
kayden.hauck@damore.com,rkh3yxrp,179
huels.madaline@hotmail.com,0aqxngxb,180
jess06@yahoo.com,d21ti6i5,181
palma.kub@block.com,j0xbdj1a,182
belle.tromp@buckridge.com,xpfsd8ot,183
albina.streich@gmail.com,wwsw2svc,184
morton.hagenes@littel.org,wh3rxu0g,185
kuhic.hattie@yahoo.com,cmz9004n,186
hcorwin@hotmail.com,2uzqbdey,187
sid83@yahoo.com,pd87b2el,188
zboncak.juana@gaylord.com,sbqptilw,189
tevin.roob@yahoo.com,35v5103g,190
jwalker@connelly.com,hii7hlt9,191
kaitlin20@barrows.com,tjmylvx7,192
al73@gmail.com,fvr60u88,193
ratke.daisha@yahoo.com,6yn7whvl,194
franecki.christopher@gmail.com,yfnrb5j8,195
augustus.mckenzie@gutmann.com,dhzqzxd0,196
laurence.schmidt@hotmail.com,nny6g33x,197
roob.charles@schuster.com,3fjch7g5,198
ryann.reynolds@hotmail.com,pthljjuv,199
kuhlman.daisy@gmail.com,nkx713fl,200
kvon@yahoo.com,zl86eepa,201
ezra.waters@yahoo.com,zng326r0,202
arau@yahoo.com,ta4d18xs,203
nfranecki@hotmail.com,pbx49y57,204
rashad96@hotmail.com,n6c80pdg,205
runte.ottilie@schmidt.biz,4codhx4c,206
madge.von@heathcote.com,m9zhsjp3,207
hartmann.sunny@hickle.org,5v4nemjh,208
xprice@hotmail.com,mzkaz3z3,209
wkshlerin@grimes.org,lvm37ecs,210
kstanton@hotmail.com,ypzfrmdw,211
iboehm@hudson.com,6gzw1mkd,212
lkeebler@yahoo.com,2gejbpqr,213
igoyette@kuhlman.biz,qb9s4x7j,214
cosinski@zemlak.com,iuqsnmhb,215
ysteuber@yahoo.com,rmuf04yz,216
vivianne97@bogan.biz,nzou17t3,217
oboehm@gmail.com,rkwks68d,218
kautzer.rocky@gmail.com,1pjel0qn,219
ola08@hotmail.com,5ebc0qzt,220
cesar.treutel@spencer.org,mpiadw2z,221
bhyatt@gmail.com,nhqev70b,222
santos.jast@yahoo.com,qpvcggc5,223
vvolkman@yahoo.com,onb655gu,224
princess61@gmail.com,z9qs8393,225
xbraun@satterfield.com,q9qzl8yr,226
hipolito86@yahoo.com,vbbsjirg,227
jared.wiza@kreiger.net,ycdbybn0,228
nicolas.aditya@doyle.info,3gn0pnjp,229
silas39@hotmail.com,x0qv91t9,230
vbarton@vandervort.biz,d00zyodj,231
vbrekke@parisian.com,ilkwj10m,232
hharber@mosciski.net,p2rme0tp,233
jaden65@yahoo.com,85dnhat6,234
mjast@leannon.info,vc4ccx6s,235
heidenreich.rosalind@gmail.com,z6v678l7,236
eden.kunze@gmail.com,qus5szna,237
freddy16@gmail.com,u2zypgo7,238
burdette25@hotmail.com,bmsx0v9j,239
serenity19@marks.com,462ollrz,240
hudson45@yahoo.com,h4vwoaj7,241
weissnat.constantin@boyer.biz,686805u7,242
baylee.hegmann@roberts.com,j9qr5fjh,243
moen.freida@cummings.com,53a8el42,244
glenna31@leffler.com,tkfr7wjk,245
sanford.ezequiel@yahoo.com,7fwzf4nl,246
karlee.glover@gmail.com,01xoul13,247
sstroman@gmail.com,zdepknry,248
elvis17@franecki.com,r2qjlx9x,249
zprohaska@grimes.com,lxwz47hm,250
charlotte.dietrich@rempel.com,ssjs5xvk,251
pearl.zulauf@gmail.com,nl24dzrm,252
dock.beier@ferry.com,syrdylzj,253
oullrich@welch.org,dhkthrtc,254
devan.okeefe@hotmail.com,8uzf7yuu,255
sterling71@gmail.com,ewblnsi1,256
nfeil@gmail.com,p1vs9u6f,257
dschiller@hotmail.com,zxggknr7,258
korbin.kassulke@yahoo.com,o1stm6xn,259
enos.senger@conroy.info,ni9kt8k9,260
lonzo34@rippin.biz,ndb8vqcv,261
kenna.davis@hotmail.com,h7aq11yz,262
uhalvorson@padberg.biz,mc3jw1pa,263
janie.marquardt@homenick.biz,lcanjsfw,264
christiansen.roselyn@yahoo.com,q771ttka,265
vandervort.golden@kessler.com,aeu8mhre,266
blanda.ken@denesik.com,40weeh8x,267
rosalyn86@yahoo.com,s9nitxdu,268
douglas.guillermo@schaefer.com,v8fcbadq,269
romaguera.art@schuster.com,fom1o5u5,270
smedhurst@yahoo.com,ut5rjdg5,271
daphne50@corwin.biz,4vi1qmnl,272
cristopher85@jacobson.com,y80he02l,273
paucek.kara@howell.com,t0fvlmoz,274
eoreilly@kris.com,toumolug,275
walter.rashawn@gottlieb.com,xtaan1kz,276
chance.bosco@gmail.com,ia8gwuwl,277
amos64@gmail.com,919y1occ,278
brendon54@ziemann.info,t6f0zvlu,279
zhegmann@gmail.com,0i424qjn,280
ufeil@volkman.com,ijzcljbv,281
christina85@ullrich.com,n04mgo6n,282
ldeckow@yahoo.com,y8kp0phc,283
merl.rau@hotmail.com,u4n18u9n,284
ypollich@farrell.com,3hjwi6qf,285
bauch.lucinda@gmail.com,yqn3au2w,286
cnader@mayert.com,3qory8y1,287
amie.deckow@abbott.com,tzig2sfo,288
lwyman@labadie.info,kn2qfms3,289
ibrown@yahoo.com,5pubvp50,290
smith.dorris@bosco.com,zu0gclnh,291
zemlak.bethany@white.net,omdlljau,292
pframi@hammes.com,8dipe7sr,293
vkautzer@hotmail.com,7o0k344i,294
wiegand.hellen@abernathy.com,1kk29so0,295
jgreen@yahoo.com,xnxwcg5v,296
aufderhar.monique@hotmail.com,lewj1gm6,297
zfranecki@berge.biz,9pqbe675,298
julien.herzog@yahoo.com,yhfdq2pb,299
toy.marc@harber.org,sf6mk1fz,300
aleen.eichmann@gmail.com,qjw0ro9d,301
heathcote.eldridge@yahoo.com,g0nmqul1,302
roob.julien@legros.com,0aut2wjg,303
fausto.strosin@mohr.com,tpcaf17q,304
gblock@mayert.biz,kjqjcq4y,305
hfisher@abbott.com,rd9ngkha,306
schmidt.wanda@carter.com,46dimqal,307
adrianna.jones@gmail.com,b8bejn2z,308
gutmann.ashleigh@hotmail.com,u482rlw7,309
muller.trisha@yahoo.com,pwprt2ok,310
jenkins.alanna@stiedemann.com,loi020fe,311
lglover@hotmail.com,198q9ula,312
oondricka@wilkinson.com,mhwplanm,313
ova.tremblay@hotmail.com,k1w813np,314
lynch.easter@yahoo.com,xw238fji,315
uwatsica@yahoo.com,ncycgw17,316
zachery91@gmail.com,3goxherm,317
kiehn.matilda@senger.com,v8qaxxvq,318
wklein@yahoo.com,5mmqw0az,319
koelpin.susanna@leffler.com,lt5p2tt5,320
zmiller@yahoo.com,u6ddo559,321
kuhic.ivy@gmail.com,7x6yzal3,322
ishields@schmitt.biz,pvsrotmm,323
boehm.nicklaus@cassin.com,aa6xjc92,324
sylvester.tillman@runte.com,l5pnanuv,325
gherzog@hotmail.com,f8832qmd,326
jarred.greenholt@yahoo.com,z6t384md,327
kassandra50@zemlak.com,x42b7hej,328
giles69@gmail.com,eng6imzk,329
johns.kayli@gaylord.net,h3eflrnr,330
pfeffer.lamar@yahoo.com,h6mm0v9k,331
bonita68@yahoo.com,mc2p2fdr,332
sklein@dietrich.com,9jy95l5t,333
tommie42@kerluke.com,jybwnbm7,334
hartmann.etha@yahoo.com,1565rkem,335
johnson.rosanna@yahoo.com,3rgpxt6q,336
abner.morar@oreilly.com,v7ncnvp6,337
bkuhlman@shanahan.com,hnl1czal,338
cpurdy@will.com,qryrku34,339
howell.amanda@collins.com,od3u24h2,340
boyle.enos@walter.org,cotf0u4u,341
derick58@gmail.com,cglo1jag,342
langosh.barbara@harris.info,9xgfzak5,343
nschinner@halvorson.info,a85uxm5i,344
timothy.johnson@dubuque.biz,brelvwph,345
monserrat75@gmail.com,0dj8vsd6,346
mohr.kasey@monahan.com,3kfu8v2w,347
felipe69@rolfson.com,5ze4uxx1,348
juliet.williamson@gmail.com,li7m78sj,349
cormier.jana@hotmail.com,d0fjd7a3,350
plangworth@kertzmann.biz,wiem3gij,351
brohan@gmail.com,7ndxs4ob,352
levi41@yahoo.com,x41bpg04,353
pgutmann@jenkins.net,kve3hnv4,354
oreilly.gino@yahoo.com,4wv1o5oi,355
palma.towne@yahoo.com,mmr320z3,356
christop28@barton.org,7twawlrp,357
ahmed37@gmail.com,i81hnx97,358
dedric65@vonrueden.org,tkzx58ve,359
quigley.arlene@gmail.com,ttl9i3g0,360
alayna95@denesik.info,106pqe2b,361
barrett.maggio@hotmail.com,sjgzqt6p,362
zrenner@hotmail.com,pp7aukej,363
bryce.jaskolski@romaguera.net,ml8dxs0q,364
gottlieb.yesenia@morar.org,2eg3sykh,365
kaylee06@baumbach.com,wq34z5rp,366
breitenberg.ruby@yahoo.com,kbt61o4y,367
destiny.schultz@yahoo.com,yn55sh8w,368
murphy.schuyler@yahoo.com,dzvsrzmi,369
hintz.lola@hoeger.net,hf6jfx92,370
rolando.prosacco@gmail.com,j6qy7a1v,371
roxane33@gmail.com,tars1rqu,372
zbreitenberg@hotmail.com,85bxs4kj,373
poconnell@ledner.com,btb6gfrl,374
adrain36@bashirian.org,miruh0uc,375
cschuppe@yahoo.com,29ui6k5m,376
roberto.huels@gmail.com,f5c7ufmo,377
laisha42@hotmail.com,aqupgpwr,378
harrison.conn@yahoo.com,bqvts3wk,379
ddurgan@yahoo.com,8yuu767q,380
casper.emanuel@gmail.com,axr3oluh,381
cdouglas@green.com,mjbhpgip,382
glover.deven@hotmail.com,lwk5ex0c,383
lquitzon@yahoo.com,h723a10g,384
immanuel00@gutkowski.info,4cgzzydi,385
schaefer.marshall@bins.biz,yq9fmhht,386
lynn.streich@gmail.com,vt2917oe,387
kristin.johnston@roberts.com,pu54fwr3,388
lolita24@schroeder.com,vqoous03,389
crona.ivory@gmail.com,g3epgki2,390
magali33@gmail.com,dysdr8dy,391
quigley.ernestine@hotmail.com,70tkad20,392
ashlynn81@gmail.com,60vg4lks,393
catherine.moore@okon.com,jcdnvspg,394
susan.lehner@yahoo.com,19za9j4m,395
padberg.aryanna@gaylord.com,r2wgp86x,396
stone.rempel@pouros.com,vj0x2880,397
shania77@schaden.net,a5r6y58c,398
hauck.alvera@hotmail.com,ng5xczux,399
fae.lubowitz@hotmail.com,7294jsyoen,400
dwuckert@upton.biz,3e8i3hyjkp,401
pattie.connelly@cruickshank.org,tbc63quqks,402
ibergstrom@hotmail.com,fayk2j531w,403
larissa52@waters.info,lbyrouhwhb,404
doyle.carlee@hotmail.com,r1t96evmdb,405
ktrantow@harvey.biz,l99q2zt0s0,406
legros.idella@powlowski.info,6vfmlnzm7l,407
aufderhar.laisha@hotmail.com,pbk1s5381s,408
emard.elda@mueller.com,ah3u1icliz,409
ortiz.joana@hotmail.com,4dbpp0v63m,410
evelyn13@johnson.biz,ja6qpzqkhx,411
bayer.rosina@cassin.com,5p4b7n4w52,412
richie.reilly@hotmail.com,dq56bepskx,413
robel.brice@gmail.com,18o70u2jcp,414
ckoch@yahoo.com,gxydi3o0ff,415
jaeden75@yahoo.com,xillyj85i1,416
marquise.considine@marvin.org,s9evx4wrj9,417
rlesch@haley.com,d2ifoa7hq9,418
ike77@hotmail.com,9k17akprvs,419
shields.pink@gmail.com,xnz2p5upx4,420
linwood18@yahoo.com,ktnceoax4p,421
weissnat.audie@gmail.com,lz187t0e8h,422
timmy08@hotmail.com,x080kh6kqb,423
javier.heaney@haley.org,9re7rw20ts,424
steuber.adela@yahoo.com,rvk4x4stwb,425
freichel@gmail.com,12rmd9ps6u,426
kenyatta92@hotmail.com,oa05olz5wm,427
bertha64@halvorson.net,pipxdwgi8q,428
adam12@yahoo.com,n2dnnqxgt7,429
gerhard.reinger@frami.net,rx4tna9rqg,430
lyla.treutel@pollich.biz,kus8065z7v,431
wolf.otha@gmail.com,chuhlrg8ep,432
skeeling@becker.org,cb5lk77iz7,433
maggie34@gmail.com,24yesat6uu,434
mckenna54@bashirian.com,dg03nloq90,435
hcronin@quigley.org,mymbmj3w4c,436
giovanny.wolff@gmail.com,8cz25oukrj,437
vkreiger@hotmail.com,zlbhe457y1,438
trobel@erdman.info,5qsjgkbuyf,439
ukautzer@gmail.com,p9kjf88ct6,440
gisselle.wiegand@botsford.org,2buvvgrom8,441
eswift@hotmail.com,utq00tubee,442
okuneva.casper@schuppe.org,vbhcwlnvb0,443
oswaniawski@gutmann.com,5irsyuizmj,444
berniece.moore@hotmail.com,ajq88d05g6,445
manuel.durgan@yahoo.com,fqlwvdy0qz,446
schamberger.enos@durgan.info,lxwgfl2tp4,447
bernier.elena@yahoo.com,hppwyd89tp,448
lindgren.rebeka@gmail.com,arftb3u57l,449
hugh46@schmidt.info,uijk5qq83f,450
kuvalis.leslie@tromp.info,v3rpmyp9tk,451
grimes.benedict@gmail.com,pyxivf8u29,452
osinski.elmer@bernier.com,lgkwcznbd4,453
zkoss@reilly.com,ggqv1o90wz,454
tillman.jakayla@little.com,hryhsuappn,455
goyette.thomas@yahoo.com,xepkmys0zn,456
kframi@yahoo.com,m6aiubb5yv,457
sylvester.altenwerth@kuhic.info,2kuvjo54tb,458
fcollins@hill.org,ojipzv2oxi,459
rocky.wisoky@johns.biz,kbfw10l4as,460
russell09@yahoo.com,gej55d2d9m,461
dawn61@yahoo.com,yub738qn64,462
pacocha.katharina@hotmail.com,5oa8d7ks9i,463
mac32@hotmail.com,x1u8qzlg2y,464
jalyn01@yahoo.com,6jt7lkfv01,465
forrest.nienow@franecki.info,jom54c2qmk,466
ckozey@gmail.com,brqhg8p9th,467
pmarks@yahoo.com,q8ni9jy6ym,468
schmitt.olin@hotmail.com,vaq0hxhfyw,469
greenholt.madalyn@monahan.com,7xnilblcxi,470
nmedhurst@friesen.biz,gceub0h7it,471
tkiehn@lindgren.com,g0gprdsq81,472
mortimer84@gmail.com,p3wsqjk9zv,473
rico49@christiansen.com,noiebes05q,474
aniyah.reynolds@schumm.com,2j24ngtybj,475
xemmerich@kerluke.com,j577ntxc9c,476
rubye.kautzer@gmail.com,4d3coyhw9g,477
octavia35@gmail.com,nj4mzbgbmf,478
steuber.destiny@murphy.info,r17qgital5,479
wgreenfelder@metz.info,hg7ej44408,480
nsauer@kling.com,6la1xiru1t,481
fboehm@yahoo.com,ihm5b8sfha,482
king.steuber@hotmail.com,77zvpsct41,483
xreynolds@tromp.com,vst75v7o80,484
toni92@gmail.com,6vqdt3a27b,485
ustroman@prohaska.com,vwq8pequ9s,486
german38@gmail.com,jrlwi1a0gk,487
cordie23@goyette.com,bcjg4z98w9,488
weissnat.sigrid@skiles.net,ld9bd2ctxj,489
deanna.hartmann@yahoo.com,0z8h7h87hw,490
jcorwin@windler.com,2k8kz5kzqm,491
rolfson.callie@gmail.com,qcuadslbkz,492
tod49@reilly.info,9zs75fzmpk,493
fschuppe@boyer.org,rn3a5n0ig8,494
koelpin.marcelina@spinka.biz,li3jjo7tp0,495
satterfield.darren@gmail.com,j822twam8l,496
molson@hotmail.com,vaw56jgmj1,497
icrist@yahoo.com,2r74pkepnk,498
clyde.nolan@powlowski.net,j2nofcbmti,499
ruecker.laurel@gmail.com,phjwufyesc,500
bauch.noemy@yahoo.com,9zy0l6h1fd,501
kertzmann.wyman@rempel.com,jpxydviqqv,502
yborer@hotmail.com,oqy7viybj4,503
ernser.moises@hotmail.com,fe9u012oap,504
waldo.donnelly@champlin.net,8r3v86brd8,505
medhurst.daniella@hotmail.com,516mms44oo,506
vtreutel@erdman.com,x0po1go9s3,507
ryley.swift@gmail.com,hu16jfgnym,508
kim.schimmel@bins.org,fv7sjntal9,509
eratke@gmail.com,g5r8k364j0,510
anderson.alessandra@hermann.biz,cw3b93geju,511
windler.craig@gmail.com,46r72vi0to,512
tyrique.kris@hotmail.com,c3mcxnvf5r,513
izaiah36@mcclure.com,hbt4tjjosm,514
deanna21@gleason.biz,bapq2ugkvn,515
brenda68@dickinson.com,j29evd8onw,516
botsford.irving@wiegand.com,db0ec7jlcm,517
moshe.ferry@gmail.com,p190qyzx5c,518
garrett.cormier@gmail.com,cappdn6xpx,519
rmarquardt@yahoo.com,eb3i3iuoz0,520
kihn.kamron@hoppe.biz,0eotxwb0gy,521
mylene64@yahoo.com,t3zi08seqm,522
geovanni.graham@hotmail.com,lldxdu3t04,523
leonor41@kirlin.com,0lhheyk13r,524
malika45@stoltenberg.net,kkadvugkkj,525
hkoss@pollich.info,2gqi11tbzt,526
schmidt.billie@anderson.com,wc9ofx4yrr,527
franco13@hotmail.com,4qmc5vu0bv,528
dare.winfield@yahoo.com,dbxrgu7ath,529
waldo.waters@schinner.com,nu19d3caok,530
ihuel@schumm.com,p54e1an447,531
kirlin.murray@witting.com,hnctgkzaam,532
wilhelm.doyle@hirthe.biz,5d0mszrs72,533
margaret.krajcik@hotmail.com,yr79ya02z2,534
ocie17@gmail.com,7pkz2qui41,535
kallie11@yahoo.com,uzokkh29ja,536
hermiston.hazle@kuhn.biz,p5iad4l5om,537
shaylee74@gmail.com,8al74wdmpo,538
wolf.myah@abbott.info,9f6ffp19bs,539
rollin.torp@gmail.com,nixwes6sri,540
dereck.friesen@raynor.com,ddwr5r8hju,541
eloisa58@hansen.biz,e9orvwwlfs,542
xmoore@tremblay.org,5va6d71awb,543
chahn@pagac.com,b2i76fp0jy,544
spinka.tyrel@kuhlman.info,npvkgochgr,545
mhansen@gmail.com,n4r31sop2p,546
olson.trey@mann.com,q51lelwzlg,547
crona.paula@kohler.com,y3bxh7vhj7,548
jaskolski.allen@heaney.com,60ided790e,549
schmidt.colten@ebert.net,cqpu9ckg13,550
gleason.lonny@yahoo.com,kxrsfypjo5,551
grant.alexie@yahoo.com,zlrowc9ypf,552
oma50@zieme.biz,it3h98777o,553
hansen.juston@yahoo.com,fnz4lof2um,554
jacobi.elise@hotmail.com,ix6pjeq817,555
hayes.sonia@hotmail.com,svgtm87imw,556
xreynolds@hintz.com,dszq8okrc6,557
timothy30@gmail.com,df71nbr7va,558
margot25@yahoo.com,fhn05vsk7n,559
hermiston.gregoria@yahoo.com,rbue9fbvby,560
lillie.schimmel@hotmail.com,gen2t7jd3z,561
ullrich.efrain@yahoo.com,b7dmk64dky,562
bartell.leilani@yahoo.com,t6bts302ha,563
natalia86@abbott.com,rd7nvl4ysh,564
purdy.retha@gmail.com,tgpbb8h04j,565
donavon.kemmer@hotmail.com,wgmfadydpm,566
pauline.rodriguez@gmail.com,8zwivf66d3,567
gkemmer@tillman.biz,xqs0pjztst,568
xwaelchi@flatley.com,wwqu6qzwvp,569
rafaela57@yahoo.com,a5kl4nto65,570
fernando02@hotmail.com,ixso7uy0tr,571
foster.hahn@collins.com,wprqofsega,572
yasmine.mueller@hotmail.com,wx73in6rzc,573
hailey.weimann@friesen.com,6sik204vwb,574
aliza82@runolfsdottir.com,3o8epldp28,575
nsipes@yahoo.com,t6p0fby71v,576
stone.grant@nienow.com,4tr149wcya,577
clovis73@vonrueden.com,mwjoa22vvi,578
cecile26@murphy.com,jln4n6djyz,579
veum.alexa@hotmail.com,psalrux6wa,580
rolando.mosciski@gmail.com,yufecl7hvo,581
simonis.baron@hotmail.com,e9ynykbjgc,582
leuschke.shakira@hermiston.com,5gx5i9ihxu,583
pkling@hotmail.com,93iz7ovsju,584
itreutel@cummerata.com,7n9vy79vzk,585
rahul.tremblay@mohr.com,gx2dycxwvv,586
bartholome.leannon@yahoo.com,g0wl7zzok2,587
predovic.francisca@west.net,63zpc8r1gs,588
shills@hotmail.com,pq0af0xiy6,589
felipa43@beer.net,qwr7x3vl44,590
douglas.alivia@gmail.com,tqnunctmwr,591
sporer.jasmin@hill.net,m1mpynvvt8,592
kassulke.alessandro@pollich.com,isyupznekz,593
sawayn.dejon@gmail.com,x3jbbpho3z,594
bframi@grimes.biz,f4b65q9a2t,595
anibal.morar@towne.info,dz77xbpx2b,596
myrtis.considine@boyer.org,z8fngcok76,597
georgianna.hartmann@gmail.com,brsz6j9nad,598
rose85@gmail.com,w99j7azbej,599
mbraun@robel.com,n6v198h0a,600
parker.beau@stroman.com,bjsi4skor,601
samanta.nienow@hotmail.com,6v380lyit,602
jevon.gleason@yahoo.com,r9vi6f9os,603
hoeger.keyon@yahoo.com,r3sdg6l0u,604
huel.fae@yahoo.com,tg9zd3mw0,605
donnelly.vernon@connelly.org,owhqh8jw7,606
gruecker@brown.org,buao1dsbg,607
kylee.bailey@gmail.com,9o68eaufx,608
hackett.damon@schmidt.com,0yxjki0up,609
lyla38@watsica.com,ulgxx7b92,610
bailey.jaime@lubowitz.com,przagnvad,611
burley.hoppe@erdman.org,fgcdawp9r,612
casper73@schneider.com,ad76oftps,613
hailee.schuster@hotmail.com,hedm5xpl7,614
prosacco.kelton@leffler.com,r2nuvhurx,615
justina.lockman@hotmail.com,1yo289p2f,616
cortney12@hotmail.com,9hvinfleo,617
katrine24@zieme.com,3gznl91o3,618
jacobson.cleta@sawayn.info,gia50cvqt,619
orn.hermann@hotmail.com,5d3c906i5,620
sbechtelar@corwin.com,8mkwjqi49,621
cummings.kassandra@yahoo.com,hb8r8t810,622
hlowe@hotmail.com,bqg87194u,623
mose.jenkins@yahoo.com,em7tzbpto,624
streich.destiny@gmail.com,ysnugfo4m,625
pkovacek@shields.org,5evuqbqm5,626
mitchell42@yahoo.com,8r69scgcb,627
domenica56@gmail.com,4fw8gnsj3,628
ivory71@gmail.com,xifhj4zyq,629
dnikolaus@kozey.com,a7eblfln2,630
birdie.medhurst@yahoo.com,1vpjuvw7x,631
godfrey34@kautzer.com,gh9pt6fvi,632
nschiller@yahoo.com,ot6rrhpyl,633
boris23@damore.com,ighv73m3h,634
willard.koelpin@prohaska.info,6z8buq2qh,635
shanahan.alycia@gmail.com,bphwfzg7y,636
norris83@hayes.com,xez0q8u4c,637
rkessler@gmail.com,dx833xxxk,638
casey.windler@moen.net,q1on9gjps,639
umraz@kihn.com,dm4f9lgtv,640
lorine32@hotmail.com,49qysjdrx,641
eric.mckenzie@yahoo.com,x8h1ujawg,642
chasity74@gmail.com,pajvb3q2p,643
wilmer.leannon@yahoo.com,0fzmxk863,644
tnolan@hotmail.com,cmx3w9gzr,645
isaac09@beer.com,3j79jtyzp,646
schmeler.florine@hotmail.com,lhg9fo6hk,647
kutch.kylie@hotmail.com,borjojs2f,648
elarson@conroy.com,7mxz7b74c,649
uabshire@kuvalis.org,bm6rrmjjx,650
dare.sylvester@hotmail.com,zfu578nyu,651
kohler.rafael@daniel.com,uf0s1z5g0,652
abigale64@hotmail.com,spvzegtmp,653
barton.haven@windler.com,nnw6destk,654
adolf79@yahoo.com,b7delmn2h,655
west.gust@stanton.com,zs2x28i8b,656
kunde.annabell@yahoo.com,s6p34bj9a,657
albin.reichel@jones.com,6b4gqtcdf,658
bahringer.lenore@gmail.com,gk434k7b4,659
kuhlman.savanna@gleason.com,9eaaxanmm,660
ernser.talon@gmail.com,okuva0yv5,661
xwiegand@yahoo.com,d46aim8wq,662
magnus85@ernser.com,oxnkj4r7v,663
osinski.dejah@sipes.net,affz44tzs,664
annabelle.wisoky@hintz.com,jbjal4am3,665
krystina74@gmail.com,8kaocq1pq,666
mcdermott.pearlie@hotmail.com,y8knam1sy,667
qabernathy@stoltenberg.com,t3bc3gy0p,668
constantin.terry@hotmail.com,8cvecpm13,669
dberge@ratke.biz,mkfg6hyxh,670
ferry.roosevelt@gmail.com,apjjmdom6,671
gerda.lakin@gmail.com,eovhotlzt,672
owolff@mayert.com,tcz1pzi8d,673
pfeffer.pedro@predovic.com,o0f8d3few,674
pacocha.melba@mcdermott.com,04jo8x0c5,675
sonya29@altenwerth.info,d31ib2zn7,676
weimann.anastasia@gmail.com,kepl12bxw,677
ereinger@hotmail.com,4usqon6bb,678
zane.bailey@parisian.biz,jn5uw3w1x,679
fframi@yahoo.com,osqdd3ecx,680
kiel04@hotmail.com,9dgze9lob,681
annalise25@parisian.info,8rioj011t,682
emory.rice@maggio.biz,8oaqpz8na,683
syble.hettinger@hotmail.com,o8ggwp2zn,684
steuber.mollie@wehner.biz,xyy7k54vk,685
pdurgan@wintheiser.org,js14azzr6,686
jaylin.considine@yahoo.com,cgrmg4t01,687
klein.icie@windler.com,ga77urao4,688
oconnell.curt@hotmail.com,qyzo8maib,689
alden63@hotmail.com,lbkuc7vwx,690
ostracke@connelly.com,gmlpha4y9,691
ncorkery@heathcote.com,cs8sqp35l,692
dalton.stoltenberg@dubuque.com,v3b65frcc,693
stevie06@rolfson.org,1568tvt1u,694
deshawn.bogisich@gmail.com,h4n60077r,695
dledner@yahoo.com,f9qax3x6y,696
abel.oreilly@yahoo.com,faissu8ce,697
hattie.heller@yahoo.com,fx3k58vwz,698
qyundt@yahoo.com,9i7c706nd,699
lucile.littel@batz.com,utr5u157d,700
cremin.stuart@hotmail.com,ihmjp4ykz,701
ashlee.collins@hotmail.com,b011rbqgy,702
daniela.rohan@hagenes.com,q0r30kzml,703
zhessel@gmail.com,ktms3u2vb,704
veronica.walter@dibbert.info,3ctz9g9p3,705
jbrakus@gmail.com,n3mi02gqe,706
libbie.wehner@cummerata.org,vh9uk8308,707
emmalee57@hotmail.com,og9e5vyrr,708
rosenbaum.napoleon@beer.com,zhunxrwcv,709
novella31@yahoo.com,tcmonepx7,710
willis.renner@yahoo.com,d8u18j8qd,711
fkessler@hotmail.com,1jl95v1qm,712
haven21@hotmail.com,60lzsqoop,713
jakob21@hotmail.com,x4fj1qlgb,714
gussie.schulist@legros.biz,ihr34ilea,715
zulauf.reta@yahoo.com,q9tpz43z4,716
terry.dicki@heaney.net,6seopd1ih,717
russ17@yahoo.com,2ua0d2ys1,718
leann32@stehr.com,y0o938ryl,719
pfeffer.elwin@corwin.com,ese1lla7b,720
karlie94@hayes.com,61elxhoog,721
howell.milford@abshire.com,c53h692f4,722
torey27@hotmail.com,hiouw0251,723
pjohnston@marks.net,5slla9iwb,724
pollich.mohammed@hirthe.com,p6h9w0sxh,725
krippin@abbott.org,rhod0yly3,726
cora.simonis@hills.net,gxii4uegm,727
marc84@yahoo.com,m16wowflt,728
cathy.zulauf@gmail.com,9a4u2nav7,729
howe.mazie@pagac.net,cv3e428y8,730
daisha67@jenkins.com,fzbgunzwn,731
ekeeling@pouros.com,b52dmzzyr,732
ywehner@weber.com,e2s3l0fp9,733
barton.meda@yahoo.com,a8u2x17n0,734
brakus.valerie@gmail.com,6yp84gmgt,735
ofahey@douglas.com,5hb1bam77,736
marks.amanda@hotmail.com,hy61d62a6,737
rowe.shany@rempel.org,138v6wrzs,738
golda.pollich@gmail.com,7m2o3gui9,739
bosco.geovanni@gmail.com,h2g6lo117,740
claudie.jast@hettinger.biz,ekx9ilvhh,741
brett.wehner@damore.biz,rrh17sao3,742
lgleichner@gleason.net,h6rqst0u8,743
schroeder.bernhard@reichert.info,5fk3dyjsd,744
jstracke@kuvalis.com,pewsnu8yo,745
jody.bartoletti@yahoo.com,g35h9yyl0,746
harvey.abner@rutherford.biz,qf6mdq53v,747
nzulauf@hotmail.com,jhvfayt6s,748
megane28@gmail.com,1jrvmilqg,749
larson.candice@mayer.biz,fedkk4ska,750
lenore.west@klein.info,81i7qjisj,751
beatrice.carroll@thiel.com,hsqyhh6ph,752
kprosacco@yahoo.com,mx1y6ka81,753
orowe@barrows.biz,4oxv7uvk8,754
carroll.esteban@hotmail.com,h4yf8bj3d,755
zgoyette@weber.com,t7w1newl5,756
kkris@yahoo.com,bhb5mtugs,757
antwon.bosco@damore.com,ql2ax7jqa,758
braun.aurore@howe.info,lfysy5j5l,759
ena12@gmail.com,u9861ccwg,760
charlotte.schuppe@lockman.com,xzwcdszmc,761
huel.alejandra@goodwin.com,asp6rdhje,762
krajcik.maritza@hessel.org,8g9xx9e3n,763
runte.alvena@hotmail.com,zgq43bx8t,764
mrunolfsson@hudson.com,ts13p4iks,765
murphy.therese@schoen.info,y3o6l7c5t,766
mante.doris@gmail.com,o6go311sh,767
block.alek@hotmail.com,ehow5fc7l,768
reyna.lynch@gmail.com,2scpyw087,769
ross.kozey@prosacco.com,n05b8bv4j,770
gwisozk@gulgowski.net,77qlyp7wc,771
mratke@gmail.com,wt1u8xohh,772
uzieme@gmail.com,ocdfd37jz,773
barton16@gmail.com,h95z05akz,774
waino.gutkowski@predovic.com,wy3rqnznq,775
chanelle.ankunding@gmail.com,xhn71kkma,776
kayla06@hotmail.com,tnuu65d8f,777
hyman.oconnell@hotmail.com,lsh4ehdba,778
silas.langosh@wiza.net,lutfvqw2h,779
abshire.lexus@hotmail.com,brgcqwvvp,780
pat.effertz@goodwin.com,8qzvdmlte,781
bauch.kavon@leffler.biz,grwkxqxyd,782
cordelia97@conroy.com,5c6v29bhf,783
herminio.ziemann@nader.com,uo6l65189,784
xturcotte@daniel.net,kp8u70f2l,785
loraine.gutkowski@yahoo.com,s1blfvc4c,786
murazik.rodrigo@gusikowski.com,8h5i9rc2v,787
dooley.sedrick@gmail.com,qnhkkp9st,788
margret.dietrich@hickle.net,n42xlvsot,789
bosco.ardith@yahoo.com,xwpzw8sxs,790
umurray@hotmail.com,aume67z00,791
elliott.klein@lockman.com,9ki2s9lom,792
ondricka.sonny@koss.org,vbij9zk5t,793
schimmel.erich@greenholt.com,xtlmk9ipm,794
houston.mayert@mckenzie.com,26zfnsuhv,795
cdamore@gmail.com,669pza4md,796
darby64@lindgren.com,pc6chx5kn,797
elinor.sanford@botsford.com,swg196g6m,798
clementina.morissette@toy.com,110mimuni,799
wheaney@yahoo.com,6n61atg,800
melvina86@yahoo.com,1jh9fzq,801
lhuel@daniel.com,q7o444g,802
donnelly.lucie@vandervort.com,uobytsl,803
laverne.daugherty@becker.org,6i8pziq,804
vonrueden.salma@yahoo.com,6zp4de6,805
murphy.joaquin@daugherty.com,uhu0aq3,806
celestino.king@yahoo.com,fxmtd17,807
raufderhar@breitenberg.com,g43fp3d,808
hickle.jake@mosciski.biz,r0mo3oq,809
georgette99@gmail.com,j599v8g,810
carlee02@padberg.info,8sfuzii,811
sadye46@kovacek.com,kfelqqc,812
grady.golden@williamson.com,dcg9sev,813
emanuel87@cassin.net,4e9jm5v,814
boyer.deja@hotmail.com,ff2wmry,815
lesley.dubuque@witting.info,0swnwxi,816
kiehn.torey@williamson.info,dztvyeo,817
wisozk.jedidiah@gmail.com,12zkysq,818
xfriesen@rice.com,0mq9r35,819
emmet46@gmail.com,gmjazq3,820
summer13@yahoo.com,1g2tvnv,821
bryon63@feeney.org,nnj8898,822
ritchie.shanon@lockman.com,eyl41qq,823
yhodkiewicz@yahoo.com,dgepv5n,824
orval24@gmail.com,zhuhm8g,825
ortiz.kamryn@watsica.info,f9vpg29,826
dariana23@hotmail.com,c6nd5hj,827
tyrese.lindgren@gmail.com,5zfbmo3,828
ines97@gmail.com,c34q2kd,829
qharris@donnelly.com,qfiagi0,830
bnolan@yahoo.com,mhmy6k6,831
parker.doug@hotmail.com,sx5bbz1,832
langosh.jessy@kling.com,20tlsdk,833
schiller.carmelo@king.com,2g3yrxk,834
kiara.raynor@gmail.com,f542dpl,835
beatty.keith@gmail.com,u0tt2c2,836
ashleigh.mante@hotmail.com,67vn8u6,837
tremblay.gunner@hotmail.com,ep9rlnz,838
joanne59@yahoo.com,mu0q0av,839
ariel.goodwin@wisoky.com,vpj8enl,840
gregoria.kessler@fadel.net,ktpd5yj,841
bbalistreri@wisozk.com,qo11k70,842
cummerata.flo@hotmail.com,2wcyqe6,843
zula85@gmail.com,4n19bti,844
johanna.schuppe@hotmail.com,ivl68ja,845
austyn60@gmail.com,jd9h05l,846
mandy.torphy@kihn.com,xipess7,847
jaiden46@hotmail.com,vf5u7pu,848
keara31@west.com,wygfgca,849
morissette.demarcus@zboncak.org,lns61m0,850
taurean54@yahoo.com,hoqy30o,851
estefania.hahn@gmail.com,t6wn7n6,852
xbatz@gmail.com,dn1dir1,853
estell.sanford@hotmail.com,66567pg,854
jaskolski.carole@lind.com,gqsxvnz,855
keeley87@hotmail.com,ncjes2n,856
fschumm@yahoo.com,95bdbrg,857
lavonne.stroman@daugherty.com,l69iksq,858
delores.kling@beatty.org,43kwn3v,859
kristin.yost@hotmail.com,0k0x7am,860
bschoen@gmail.com,3d8pv7q,861
rodriguez.sylvester@yahoo.com,71ycpm5,862
yoshiko49@gmail.com,tj6mo9p,863
cielo04@gmail.com,cqn3mt1,864
knader@gmail.com,dpmgjvh,865
osbaldo19@schiller.com,1bebe91,866
margaretta.barrows@hotmail.com,afer3xe,867
bergnaum.cecilia@gmail.com,p9tqntc,868
leonor.orn@yahoo.com,37prcda,869
cleve.smitham@stamm.net,1jzhv7u,870
rath.toby@schumm.org,tsy3ket,871
wiza.claude@raynor.org,fu36tpe,872
frederick.hammes@hotmail.com,78r3oq1,873
anna22@pacocha.net,ztb6ddv,874
mollie79@gmail.com,8zdig3p,875
doyle.zola@yahoo.com,ahdtulk,876
mckenna38@welch.com,60zb6r5,877
yryan@watsica.com,30q13cu,878
alf.russel@goyette.info,2ps7tw9,879
glemke@gmail.com,7iylsb3,880
layla45@osinski.com,gxd830u,881
carley.torp@huels.com,2r92lvz,882
cstark@yahoo.com,64528yr,883
ilene.dickens@hotmail.com,lfqpjvc,884
mazie49@schmitt.org,m8r950w,885
aemard@rice.com,s7kcbeb,886
brakus.althea@kuhn.info,2xhm09d,887
ila.koelpin@walter.biz,h97eo9y,888
alexandra.fay@okon.org,2a02u2s,889
wava47@yahoo.com,vstu8h1,890
noberbrunner@gmail.com,e72yolu,891
estel.feil@hotmail.com,12rqgr6,892
rmuller@hotmail.com,7capfsr,893
hoberbrunner@yahoo.com,3024kcs,894
shawn15@yahoo.com,o29z4io,895
umoen@yahoo.com,u49h6wx,896
mharber@yahoo.com,ydkwbml,897
rossie81@hammes.com,9ufl5yt,898
kattie.volkman@yahoo.com,ma10sh8,899
qblick@gmail.com,nfbsfvy,900
daron.barton@cartwright.com,ksqjb17,901
oceane.morar@cremin.com,mpxyu0y,902
andrew58@weimann.com,pq4xq68,903
dave39@russel.com,76usvsm,904
lila06@yahoo.com,38e5zw7,905
johnson.devin@conn.com,k6y66k3,906
crystel63@armstrong.com,7prqnj3,907
kkohler@gutmann.org,2gh2kt7,908
vernice.bruen@walker.com,tu6pppg,909
monroe.krajcik@bogisich.biz,1uz3hh5,910
runolfsson.meaghan@homenick.com,lvc5yzz,911
kilback.omari@trantow.com,76ns0u3,912
monahan.maddison@gerlach.biz,dzb0y40,913
otromp@hotmail.com,tpuzci9,914
ismael.monahan@gmail.com,o0fjl5z,915
mwilliamson@halvorson.net,zcje6if,916
gisselle46@feeney.com,azfikoy,917
rferry@reilly.com,h1q4g7t,918
nparker@hotmail.com,yjd1qfl,919
laura45@hotmail.com,122ttez,920
hegmann.stella@gmail.com,55e9qr3,921
zosinski@hahn.com,yfve78t,922
elsa42@rolfson.biz,o1jt13j,923
kmccullough@little.com,25yyl7w,924
ofarrell@kertzmann.com,isd35xa,925
reinger.cora@mertz.com,pqg143p,926
samir41@gmail.com,4vdclgz,927
uwhite@hotmail.com,a4975qv,928
yzboncak@kshlerin.com,bofdaj0,929
ekris@parker.org,xcza2qt,930
rod72@beier.com,n4bu8x5,931
romaine95@yahoo.com,1mriqhf,932
conn.trevion@gmail.com,k10kqc0,933
sabina.treutel@hotmail.com,p1hce64,934
fwalker@gmail.com,z2rx89b,935
ransom59@hotmail.com,rfw7lu6,936
hagenes.jabari@schaefer.info,hr0x4k6,937
legros.whitney@yahoo.com,0xoztab,938
rahsaan03@yahoo.com,gtnx1u7,939
zackary99@skiles.info,sxd13ns,940
ztreutel@mcdermott.net,8eok8ee,941
kristoffer.moore@gmail.com,iscf9te,942
cbayer@yahoo.com,y9ok1v6,943
gerardo.corwin@corkery.com,vlmwbhf,944
celestino18@hotmail.com,ujfpiat,945
mckenna.doyle@yahoo.com,rustp19,946
raynor.braeden@hermiston.info,1otok3t,947
pmuller@quigley.com,rv9le4w,948
crawford40@yahoo.com,vmciilx,949
cleo53@yahoo.com,mj57br0,950
antonette60@gmail.com,foo2ya8,951
walsh.laurence@hotmail.com,794x4b4,952
javon.green@hotmail.com,rjzvwdb,953
elmo36@gmail.com,w0ykety,954
denesik.juwan@baumbach.com,obtlqvc,955
ctoy@gmail.com,besjn51,956
dschulist@hotmail.com,e873r5h,957
miracle.mccullough@hotmail.com,gkyh4to,958
ava.kerluke@leuschke.com,k4p9pgk,959
gutmann.roxane@yahoo.com,wpwgyq4,960
beau72@schuster.com,dt4v9fe,961
cyrus.stoltenberg@shields.org,ntqplsu,962
hobart.kovacek@kling.net,rm0u8za,963
dlynch@dare.com,741qsuh,964
dlemke@medhurst.com,nc74nq9,965
jacobi.jedidiah@boyer.com,0fc0hhy,966
ggerhold@hickle.com,4y6xoji,967
neil54@yahoo.com,dij4s6s,968
temmerich@connelly.com,vvt3bdb,969
bailey12@hotmail.com,dq2o4s1,970
nicholaus.flatley@trantow.com,idkcdir,971
abbie.schmitt@medhurst.com,sa012me,972
dulce.dicki@hotmail.com,0ej1ot7,973
herbert.johnson@schulist.info,30v6zyo,974
sister60@kulas.com,62j2c75,975
zgoyette@langworth.com,bdldpvj,976
kshlerin.mellie@jacobi.info,8skkbfp,977
carlie.kovacek@mccullough.com,rxvnvl0,978
fadel.colten@gmail.com,cl6fhq4,979
gleichner.natalie@yahoo.com,ngv10kv,980
smith.suzanne@yahoo.com,zgfmkaz,981
hoeger.lucy@nader.com,9k9ljme,982
jevon.bruen@hotmail.com,hqpxnwp,983
mertie52@yahoo.com,x861j2z,984
elwyn.farrell@jakubowski.net,kttsuf7,985
vpredovic@yahoo.com,nbsfd1o,986
dooley.shaun@hotmail.com,lni1gd4,987
allen.howell@gmail.com,rs8bunu,988
kreiger.jennings@hotmail.com,mkrv1om,989
gutkowski.lonzo@yahoo.com,s4stpce,990
nferry@smith.com,bldktae,991