Mary,SMITH,5/25/1999,19uua96529a004646,KUUX 856168945,840.188
Annie,JOHNSON,11/7/1998,19xfb2f81fe252000,ITHO 277796232,394.383
Anna,WILLIAMS,10/9/1987,1b7hc16x01s213315,QJNY 529657346,783.099
Margaret,JONES,6/20/1992,1b7hg38n62s587845,QSDP 924575560,798.44
Helen,BROWN,7/30/1988,1c3bc1fg1bn519076,GDUE 114670514,911.647
Elsie,DAVIS,8/23/2001,1c3cccab7fn613884,DCZF 460849954,197.551
Lucy,MILLER,8/1/1983,1c3cdfaa2fd144750,VPHQ 561639154,335.223
Dorothy,WILSON,2/25/1985,1c3cdfbaxed815126,MZHU 571858470,768.23
Mary,MOORE,5/5/1983,1c3cdfbb3fd213551,UKXH 574070481,277.775
Margaret,TAYLOR,12/7/1982,1c3cdfbb5fd213552,VXBY 417212512,553.97
Ruth,ANDERSON,11/19/1991,1c3cdfbb6gd515496,CERX 573395814,477.397
Annie,THOMAS,8/17/1986,1c3cdfbb8gd766472,BALB 414003641,628.871
Elizabeth,JACKSON,12/10/1991,1c3cdfcb9dd329946,ZXWG 314451958,364.784
Helen,WHITE,7/24/1997,1c3cdfcb9fd102064,JTNR 585784306,513.401
Mary,HARRIS,11/9/1989,1c3cdffh0gd823262,BLYY 578445790,952.23
Elsie,MARTIN,10/29/1988,1c3cdzab0en111068,HTQJ 748857108,916.195
Agnes,THOMPSON,12/17/1981,1c3cdzag7cn309641,ELWV 719075250,635.712
Anna,GARCIA,3/21/1981,1c3cdzcb5dn552741,FXJR 397303416,717.297
Helen,MARTINEZ,5/2/2000,1c3cdzcb6dn599101,PRWL 960821427,141.603
Louise,ROBINSON,6/2/1980,1c3lc66m77n591138,KVRX 931572809,606.969
Jean,CLARK,12/28/1985,1c4hjxeg0kw596497,FYXD 534241590,16.3006
Ruth,RODRIGUEZ,4/17/1999,1c4hjxeg1kw608401,QLQH 892955952,242.887
Alice,LEWIS,10/16/1988,1c4hjxeg1kw609998,HLFE 807401887,137.232
Esther,LEE,7/2/1995,1c4hjxeg2kw600727,OKEX 348611204,804.177
Ethel,WALKER,12/29/1990,1c4hjxeg5kw608448,DMTZ 192854069,156.679
Margaret,HALL,4/23/1996,1c4hjxeg7kw589272,RJTJ 941503587,400.944
Marie,ALLEN,5/22/1994,1c4hjxeg7kw590115,GPGD 364744325,129.79
Mary,YOUNG,6/28/1983,1c4hjxeg8kw651309,DUET 758933663,108.809
Elizabeth,HERNANDEZ,4/8/1999,1c4hjxegxkw589301,YBNE 167076820,998.925
Margaret,KING,5/22/2000,1c4hjxegxkw600703,UTRZ 316056135,218.257
Helen,WRIGHT,8/21/2001,1c4njrfb0ed707552,TCDN 675512510,512.932
Alice,LOPEZ,6/29/1999,1c4pjldb3kd419559,BFLV 170408927,839.112
Annie,HILL,10/22/1989,1c4pjldbxkd300679,TBEZ 615986765,612.64
Louise,SCOTT,6/7/2000,1c4pjllb6kd184477,XDZB 283895749,296.032
Mary,GREEN,12/5/2001,1c4pjmbx2kd360704,BAXP 883485878,637.552
Margaret,ADAMS,8/14/2000,1c4pjmbx6kd298174,EKXV 262335039,524.287
Alice,BAKER,4/25/1994,1c4pjmbx6kd298806,OPLR 423185831,493.583
Annie,GONZALEZ,6/8/1987,1c4pjmdx4kd197521,NTHZ 189676057,972.775
Elizabeth,NELSON,4/18/1984,1c4rdhdg0kc557042,WTQA 619274001,292.517
Helen,CARTER,3/29/1989,1c4rdhdg1kc557017,VYWV 773022579,771.358
Clara,MITCHELL,2/16/1982,1c4rdhdg3kc675893,TXZR 981490715,526.745
Dorothy,PEREZ,12/29/1997,1c4rdhdg3kc769255,EVXC 547532666,769.914
Martha,ROBERTS,5/24/1995,1c4rdhdg4kc769457,GQFS 684736287,400.229
Agnes,TURNER,4/8/1988,1c4rdhdg6kc557000,IGBQ 385180423,891.529
Esther,PHILLIPS,3/5/1993,1c4rdhdg7kc675959,QNZH 301290771,283.315
Frances,CAMPBELL,2/25/1996,1c4rdjag5gc486469,SCMP 591496189,352.458
Julia,PARKER,9/3/1983,1c4rdjdg2jc329601,LIWL 949886286,807.725
Lillian,EVANS,1/17/2001,1c4rdjdg2kc780335,IPVG 102908313,919.026
Mildred,EDWARDS,3/25/1984,1c4rdjdg3dc674852,MMHS 707928382,69.7553
Pauline,COLLINS,8/30/1996,1c4rdjdg5kc733915,QBKS 264300208,949.327
Mary,STEWART,10/3/1994,1c4rdjdg5kc744770,QJEP 706542846,525.995
Alice,SANCHEZ,7/3/1983,1c4rdjdg6kc684983,SITF 664442097,86.0558
Helen,MORRIS,3/15/1981,1c4rdjdg6kc701149,RQGN 928822920,192.214
Anna,ROGERS,7/24/1998,1c4rdjdg6kc770276,GWRC 178879265,663.227
Dorothy,REED,10/14/1999,1c4rdjdg7kc780041,JOPR 200148068,890.233
Margaret,COOK,11/4/1984,1c4rdjdgxkc744523,UHIE 359899997,348.893
Ruth,MORGAN,1/27/2002,1c4rdjdgxkc770197,AVIE 985926882,64.1713
Elizabeth,BELL,1/29/1981,1c4rdjeg3ec591566,YXTS 492847297,20.023
Frances,MURPHY,3/6/1993,1c4rdjeg3fc112029,RJUY 209028845,457.702
Katherine,BAILEY,11/26/1989,1c4rjebg1kc776053,WFUO 924645620,63.0958
Martha,RIVERA,7/18/1988,1c4rjfbg4ec441069,XXWM 367559607,238.28
Annie,COOPER,9/4/1990,1c4sdhct3kc769532,EHWM 618579593,970.634
Clara,RICHARDSON,10/10/1992,1c4sdhctxhc936557,WMHE 517295935,902.208
Emma,COX,7/28/2002,1c4sdjct1jc174166,SDPM 715760594,850.92
Hazel,HOWARD,8/2/1997,1c4sdjct2kc576022,SEFM 854320242,266.666
Julia,WARD,10/29/1997,1c4sdjct5kc738497,DJIY 209132905,539.76
Marie,TORRES,10/31/2000,1c4sdjct5kc744865,QVVM 917636188,375.207
Minnie,PETERSON,10/14/1999,1c4sdjct6kc717612,KRPG 401474521,760.249
Pauline,GRAY,6/6/1995,1c4sdjctxkc691872,BCQJ 236106986,512.535
Mary,RAMIREZ,11/3/1999,1c4sdjet3kc625404,ICLY 359442568,667.724
Helen,JAMES,3/20/1994,1c6rd7ft0cs326533,GRTM 625213268,531.606
Dorothy,WATSON,9/10/1985,1c6rd7ft6cs238912,WQNF 241544905,39.2803
Frances,BROOKS,3/3/1987,1c6rd7ht8cs279667,LVKG 601804551,437.638
Ruth,KELLY,3/21/1994,1c6rd7lt4cs187334,SQZI 393412116,931.835
Alice,SANDERS,12/9/1991,1c6rr7pt3hs659994,DKAU 907804239,930.81
Anna,PRICE,9/4/1992,1d7ks28c96j246101,HCWS 796947611,720.952
Agnes,BENNETT,8/30/1990,1d7rw3gp7bs614101,LZSF 144246214,284.293
Annie,WOOD,5/27/1990,1fadp3e24hl348263,WCCJ 526504579,738.534
Julia,BARNES,1/11/1989,1fadp3f20el320177,RVDB 371586791,639.979
Lillian,ROSS,10/8/1993,1fadp3j2xjl279400,LURL 148080065,354.049
Margaret,HENDERSON,6/15/1995,1fadp3k23jl219764,PPNP 207200152,687.861
Daisy,COLEMAN,9/6/1987,1fadp3k26el249167,HXME 425725156,165.974
Edna,JENKINS,1/13/1994,1fadp3m26jl307477,NQPG 648756203,440.105
Esther,PERRY,9/20/1996,1fadp5au3fl108248,BCYE 846827469,880.075
Evelyn,POWELL,3/19/1987,1fadp5auxhl109013,FVHJ 533560018,829.201
Florence,LONG,9/11/1994,1fafp34p7yw270338,IVRA 890449926,330.337
Katherine,PATTERSON,3/29/1997,1fafp36n06w137851,UQVI 331722010,228.968
Louise,HUGHES,8/8/1995,1fafp55u03a242094,FPCR 298908427,893.372
Lucy,FLORES,2/9/1992,1fahp35n09w109143,SFKI 804036044,350.36
Marie,WASHINGTON,9/3/2000,1fahp60a63y107799,GKNE 490607711,686.67
Sally,BUTLER,5/18/1982,1falp62w5th144314,AJJH 599857962,956.468
Mary,SIMMONS,8/9/1993,1fatp8uh2k5188622,GQOX 763666957,588.64
Margaret,FOSTER,4/11/1997,1fatp8uh4k5177265,VSIQ 717387727,657.304
Helen,GONZALES,12/1/1984,1fatp8uh7k5172626,NVQQ 105404295,858.676
Frances,THOMAS,4/6/1999,1fatp8uhxg5296168,KJSU 566663387,439.56
Alice,JACKSON,12/29/1990,1fbax2cv0hkb32599,DABR 710031125,923.97
Olga,WHITE,9/4/1997,1fd8w3gt0beb32874,QSOA 268854770,398.437
Ruth,HARRIS,5/25/1995,1fd8w3ht1kee23298,HGRW 105138227,814.767
Clara,MARTIN,11/27/2001,1fd8w3ht4hed36245,IRWQ 263045091,684.219
Dorothy,THOMPSON,10/17/1984,1fdee14n7rha47894,XEEN 381906596,910.972
Anna,GARCIA,11/29/1986,1fdfe4fs7eda23699,RXEK 846061576,482.491
Edith,MARTINEZ,6/18/2000,1fduf5gt8bea80212,WOTY 735460058,215.825
Florence,ROBINSON,4/27/1983,1fdwf37r28eb95687,YOYM 309806997,950.252
Maggie,CLARK,6/27/1991,1fdxf46p35ea79064,YUVP 597311569,920.128
Rose,RODRIGUEZ,4/6/1991,1fdxf46r08ea18180,ZYIW 691480817,147.66
Sophie,LEWIS,9/5/1995,1fm5k7b86hga87008,QTUU 630241016,881.062
Mary,LEE,6/26/1993,1fm5k7d82hgb21314,PMEU 336506117,641.081
Margaret,WALKER,3/7/1996,1fm5k7d82hgb39148,WRKP 878576951,431.953
Helen,HALL,2/5/1991,1fm5k7d84hgc31359,QODP 637209106,619.596
Marie,ALLEN,4/29/1988,1fm5k7d88fga24308,SNVN 129667056,281.059
Martha,YOUNG,8/26/2000,1fm5k7d8xhga68751,MNBV 201383146,786.002
Ruth,HERNANDEZ,6/11/1998,1fm5k7dh9hgb05630,QLDK 446192567,307.458
Anna,KING,8/19/1989,1fm5k7f80hga03159,KASO 322329285,447.034
Gertrude,WRIGHT,2/3/1985,1fm5k8f80hgc67231,PLMZ 831652311,226.107
Julia,LOPEZ,8/12/1982,1fm5k8f81egb23411,BQPF 152850919,187.533
Virginia,GIBSON,4/3/1986,1fm5k8f8xggc51519,QYTM 297809052,276.235
Alice,MCDONALD,12/19/1989,1fm5k8fh9ggc37790,WYYX 494705617,556.444
Elizabeth,CRUZ,8/24/1986,1fm5k8gt9ega74266,INFM 790312302,416.501
Annie,MARSHALL,2/28/1991,1fm5k8ht0hga07252,MWZE 954838293,169.607
Clara,ORTIZ,7/7/1994,1fmcu03128kc80487,UTXG 512235087,906.804
Elsie,GOMEZ,6/26/1992,1fmcu0f78gub36672,ZIKO 785451199,103.171
Emma,MURRAY,3/11/1989,1fmcu0g95huc13712,QEMJ 599003346,126.075
Sarah,FREEMAN,8/31/1996,1fmcu0g9xeud52262,XFPW 688491925,495.444
Stella,WELLS,11/5/1987,1fmcu0gd5huc78080,JFQP 198799919,760.475
Vera,WEBB,1/25/1989,1fmcu0gd5hud08310,PBOO 708898567,984.752
Mary,SIMPSON,4/4/1997,1fmcu0gd7huc86259,AIAY 318363254,935.004
Margaret,STEVENS,9/2/1999,1fmcu0gd8huc93883,UXYE 641284069,684.445
Dorothy,TUCKER,12/22/1990,1fmcu0gd9huc37922,MUQZ 503183373,383.188
Betty,PORTER,6/27/1984,1fmcu4k37akb80224,HWJX 239802742,749.771
Helen,HUNTER,2/12/1982,1fmcu9gd2huc27625,MHYD 772873983,368.664
Martha,HICKS,8/26/1986,1fmcu9gx9gua57286,QSYE 879111116,294.16
Virginia,CRAWFORD,1/2/1983,1fmcu9hd6juc54783,EFQE 354055384,232.262
Irene,HENRY,10/22/1990,1fmdu35p7vub38059,FYAE 214002318,584.489
Elizabeth,BOYD,2/19/1990,1fmeu7de5aua53694,MQXC 207990388,244.413
Emma,MASON,7/19/1993,1fmfu16lx4la45470,BKML 652804034,152.39
Marie,MORALES,4/28/1988,1fmfu18l84lb61201,GXOE 363859635,732.149
Agnes,KENNEDY,3/19/1990,1fmjk1ht3gef52975,LVTJ 131244719,125.475
Annie,WARREN,8/19/1992,1fmzk04136ga07119,ANFR 998172905,793.47
Barbara,DIXON,10/3/1985,1fmzk1cm1hkb51026,IXQI 729808445,164.102
Frances,RAMOS,12/6/1982,1fmzk1cm7hkb51015,TUSR 145151096,745.071
Gladys,REYES,3/26/1991,1fmzk1cmxhkb51025,ITHV 913768421,74.5298
Jean,BURNS,5/28/1986,1ft7w2b60geb96643,PBCE 270157251,950.104
Louise,GORDON,10/21/1987,1ft7w2b60hec03964,DPBX 319733751,52.5293
Ann,SHAW,4/25/1980,1ft7w2bt0hef21363,BYMG 950951467,521.563
Anna,HOLMES,11/10/1994,1ft7w2bt3heb19966,EPMV 628310084,176.211
Evelyn,RICE,3/19/1985,1ft7w2bt3hed62547,NPSF 933460788,240.062
Josephine,ROBERTSON,9/25/1982,1ft7w2bt3hef41039,QNAY 337754690,797.798
Katherine,HUNT,3/13/1996,1ft7w2bt6heb60592,FNKH 412791357,732.654
Kathryn,BLACK,6/8/1987,1ft7w2bt7hec41164,QLGS 711913379,656.564
Minnie,DANIELS,7/5/1988,1ft7w2bt7hec67263,FTGR 399602841,967.405
Ruth,PALMER,1/12/1992,1ft7w2bt8hec67434,VWPI 114559728,639.458
Vera,MILLS,4/23/1988,1ft7w2btxgeb64448,NWGG 701164142,759.735
Mary,NICHOLS,8/18/1985,1ft7w3bt0hef02785,NXPN 165912092,93.4805
Margaret,GRANT,9/26/2001,1ft7w3bt5hee88155,YTIJ 839197705,134.902
Helen,KNIGHT,4/21/1996,1ft7x2b62eea29551,AAMH 139523773,520.21
Ruth,FERGUSON,7/27/1980,1ft8w3b61fec52078,VNMC 737436205,78.2321
Martha,ROSE,8/17/1994,1ft8w3bt3kee15023,MYBC 271885193,69.9064
Elizabeth,STONE,5/23/1989,1ft8w3dt5deb68569,SPCZ 320372473,204.655
Virginia,HAWKINS,9/5/1998,1ft8w3dt8hec12120,EMTU 880722161,461.42
Florence,DUNN,1/22/1980,1ft8w4dtxhed96692,PTTX 106282103,819.677
Agnes,PERKINS,8/22/1984,1ftdf15y2rnb12612,UYCH 186763708,573.319
Dorothy,HUDSON,1/1/1993,1ftdf18w8vna61251,VCTH 315388700,755.581
Alice,SPENCER,4/21/1987,1ftef15n0tlc14455,YTCZ 255970566,51.9388
Anna,GARDNER,3/11/1999,1ftew1cf3fke12825,ISLL 860745694,157.807
Edith,STEPHENS,11/21/1995,1ftew1cf3hfb78746,IPDC 688625770,999.994
Annie,PAYNE,11/6/1987,1ftew1cf6ffc68843,DRCW 440197434,204.329
Betty,PIERCE,7/26/1983,1ftew1cf8gkd34592,FRNI 624204665,889.956
Elsie,BERRY,11/6/1995,1ftew1cg0ffa89853,TDAN 948899879,125.468
Ethel,MATTHEWS,9/27/1989,1ftew1cg4ffa66589,FLEI 459369907,997.799
Irene,ARNOLD,9/29/1992,1ftew1cm0bfc14625,AQDM 490382577,54.0576
Katie,WAGNER,12/18/1985,1ftew1cp2gke43168,UURX 175766179,870.54
Rose,WILLIS,6/18/2001,1ftew1e41kfb69644,BBNE 880477612,72.3288
Frances,RAY,10/26/2001,1ftew1e41kfb70194,CKPQ 935079201,4.16161
Hazel,WATKINS,8/31/1993,1ftew1e42kfb37902,OKVP 730305647,923.069
Katherine,OLSON,4/28/2001,1ftew1e45kfb69856,FUJJ 929395906,593.892
Lorraine,CARROLL,8/24/1993,1ftew1e47kfb69647,VKTY 187741517,180.372
Patricia,DUNCAN,10/9/1997,1ftew1e48kfb37676,VSQN 864344447,163.131
Mary,SNYDER,6/6/1993,1ftew1e48kfb37905,NPRA 662192342,391.69
Dorothy,HART,11/28/1998,1ftew1e49kfb96784,PDDF 780350947,913.027
Alice,CUNNINGHAM,5/19/1995,1ftew1e50kfb51192,VTER 799669215,819.695
Margaret,BRADLEY,8/17/1993,1ftew1e53kfb37982,CXCM 381690591,359.095
Annie,LANE,7/2/1983,1ftew1e54kfa00453,FHRY 343288452,552.485
Helen,ANDREWS,7/26/1996,1ftew1e55kfb51169,NUYD 299725784,579.43
Elizabeth,RUIZ,2/16/1991,1ftew1e55kfb69820,OQWG 365141170,452.576
Virginia,HARPER,1/26/1991,1ftew1e55kfb96628,QVVU 706596458,687.387
Katherine,FOX,8/15/1988,1ftew1e59kfb37727,PQTU 125607284,99.6401
Mildred,RILEY,5/8/1983,1ftew1e59kfb37761,BWEE 355860352,530.808
Anna,ARMSTRONG,1/23/1989,1ftew1e59kfb37887,LJQC 423807263,757.294
Agnes,CARPENTER,10/19/1993,1ftew1e59kfb69755,WPCU 393140302,304.295
Bessie,WEAVER,10/14/1999,1ftew1ef1hke25038,KJKH 774747017,992.228
Betty,DELANEY,1/20/1981,1ftew1ef2hfb83224,BXLW 639680005,576.971
Elsie,PATE,3/7/1993,1ftew1ef3hfb27101,LMHF 707364605,877.614
Emma,LANCASTER,12/23/1994,1ftew1ef3hfc22483,OHDT 321464084,747.809
Esther,SWEET,6/27/1990,1ftew1ef4hfa16802,MFWD 532139950,628.91
Jean,JUSTICE,12/28/2001,1ftew1efxhkc69002,EAXH 363854328,35.4209
Joan,AUSTIN,5/17/1997,1ftew1eg0ffb32472,QREB 827755095,747.803
Lillian,PETERS,6/30/1985,1ftew1eg0hfb93193,UCWF 963744755,833.239
Ruth,KELLEY,11/30/1990,1ftew1ep1gfc64335,NRMV 994776374,925.377
Thelma,FRANKLIN,6/25/1984,1ftew1ep1kfb50960,SKFV 903091422,873.271
Mary,LAWSON,11/8/1997,1ftew1ep2hkd15978,RIJN 239239455,831.038
Helen,FIELDS,12/11/1997,1ftew1ep2kfb70022,QSLO 511515693,979.434
Alice,GUTIERREZ,7/18/1989,1ftew1ep3hfb25518,GESL 105258872,743.811
Anna,RYAN,3/15/1994,1ftew1ep4hfb44546,QFJN 312723801,903.366
Margaret,SCHMIDT,8/29/1988,1ftew1ep4hkc08477,IBCV 483770402,983.596
Martha,CARR,8/27/1984,1ftew1ep6kfb85302,ZNHE 891111327,666.88
Louise,VASQUEZ,5/7/1982,1ftew1ep8hfa10123,LWRU 423322009,497.259
Katherine,CASTILLO,8/21/1994,1ftew1epxhfb71427,DLCP 447668786,163.968
Annie,WHEELER,1/18/1993,1ftex1e83hfb13813,CWEU 970924700,830.012
Dorothy,CHAPMAN,3/1/1992,1ftex1ep1gfd60365,KLNT 381868303,888.949
Elizabeth,OLIVER,1/29/1987,1ftfw1e40kfb69655,YCAB 973037877,76.9947
Emma,MONTGOMERY,10/28/1993,1ftfw1e43kfb97031,XBKE 908094800,649.707
Esther,RICHARDS,3/14/2001,1ftfw1e51kfb70029,UQBL 297868021,248.044
Marie,WILLIAMSON,10/20/1991,1ftfw1e51kfc13333,LPVO 468080246,629.48
Ruth,JOHNSTON,2/10/2002,1ftfw1e52kfb51151,URBZ 282009102,229.137
Betty,BANKS,5/28/2000,1ftfw1e53kfc33535,JJYX 527647486,700.62
Clara,MEYER,6/9/1997,1ftfw1e55kfb37583,XWEX 192919216,316.867
Evelyn,BISHOP,2/27/2001,1ftfw1e58kfb37772,CVZN 935809920,328.777
Frances,MCCOY,9/29/1994,1ftfw1e58kfb69878,EHQG 104253861,231.428
Sarah,HOWELL,4/6/1984,1ftfw1e5xkfc33564,ASJW 773810529,74.161
Mary,ALVAREZ,8/6/1984,1ftfw1ef1bfa03548,ORYQ 356634260,633.072
Elizabeth,MORRISON,3/30/1982,1ftfw1ef1gfb13670,LAZJ 674025614,223.656
Anna,HANSEN,2/4/1980,1ftfw1ef4hkc50286,CGUH 932877567,651.132
Dorothy,FERNANDEZ,8/29/1990,1ftfw1ef5hfb70262,SJAS 267425684,510.686
Helen,GARZA,8/3/1982,1ftfw1ef5hkc50264,AXEQ 900559783,971.466
Ruth,HARVEY,6/14/1989,1ftfw1ef9gkf57726,YRWH 233407226,280.042
Annie,LITTLE,3/29/1986,1ftfw1efxdfa01008,EVFC 592950556,546.107
Margaret,BURTON,3/2/1993,1ftfw1eg1hfb38806,WOLW 507413041,719.269
Frances,STANLEY,10/24/1989,1ftfw1eg1hfb78397,KYEE 918560719,113.281
Marie,NGUYEN,12/2/1988,1ftfw1eg1hke28907,JXQJ 322451086,471.483
Florence,GEORGE,3/21/1992,1ftfw1eg3hfc66707,NJNS 653941904,592.54
Agnes,JACOBS,4/28/1996,1ftfw1et3cfb01665,QQSN 116197909,944.318
Alice,REID,5/2/1994,1ftfw1et4efc23745,GRSM 905818347,450.918
Betty,KIM,10/22/1997,1ftfw1et7dfa47790,EIIQ 809408214,336.351
Edna,FULLER,11/10/1995,1ftfw1et9efb99877,GADK 263802568,847.684
Elsie,LYNCH,4/26/1997,1ftfx1ef0gkf25969,KUDA 291041797,434.513
Ethel,THOMAS,8/2/1984,1ftfx1ef5hke41700,TNNG 230451565,3.23146
Virginia,JACKSON,2/8/1982,1ftfx1ef7gkd59790,OXVG 302178930,344.943
Jean,WHITE,8/2/1983,1ftfx1ev7akc32939,TMCM 475456238,598.481
Jessie,HARRIS,12/2/2000,1ftmf1c85fkd31564,WQGF 947118598,833.243
Julia,MARTIN,6/8/2001,1ftmf1ef2hfb83980,LLHP 350204181,233.892
Nellie,THOMPSON,3/19/1993,1ftne24293hb19928,NZQQ 888338785,675.476
Olga,GARCIA,10/29/1990,1ftne2ew6bda76057,UKNI 986481674,482.95
Pauline,MARTINEZ,7/23/1992,1ftnx20p73ed69682,TWNP 672990712,481.936
Sarah,ROBINSON,4/20/1985,1ftpw14v66fa82105,YIOB 189666409,304.956
Mary,CLARK,1/29/1992,1ftrf18l7wka62471,NYLU 808477169,712.087
Elizabeth,RODRIGUEZ,3/17/1987,1ftrw08l61kc05834,SGPA 224960463,182.556
Margaret,LEWIS,4/22/1989,1ftrx17w41nb80705,MNUD 837191459,621.823
Betty,LEE,6/9/1994,1ftss3el7eda50076,UYOH 250516984,40.8643
Anna,WALKER,4/7/1996,1ftxw43r18eb10682,FACS 323166081,413.984
Dorothy,HALL,4/22/1997,1ftyr10d19pa60391,FRYU 654305016,695.984
Marie,ALLEN,11/27/1980,1ftzx0766wka18481,SHQE 749386001,673.936
Ruth,YOUNG,4/21/1993,1g1105s31lu100901,UWIJ 181116732,637.64
Alice,HERNANDEZ,11/8/1992,1g1105sa9hu160835,DWKY 880589335,347.116
Patricia,KING,1/16/1985,1g11b5sl5ff135735,OSXC 983307930,184.622
Irene,WRIGHT,8/17/2000,1g11c5saxdf350889,EIAG 100042189,609.106
Mildred,LOPEZ,12/23/1998,1g11c5sl0ff208474,QMSP 131535050,627.158
Esther,DOUGLAS,5/2/1987,1g11c5sl8ff311156,LIOC 340420938,730.729
Ida,FLEMING,1/16/1980,1g11z5s37ku129047,RWIZ 521366158,328.374
Olga,JENSEN,9/26/1986,1g11z5sa4ku113760,FDCP 321828091,740.438
Annie,VARGAS,6/3/1991,1g11z5sa7ku117222,CDTZ 154412988,202.213
Clara,BYRD,6/29/1984,1g1al18f187245041,TDOU 330839666,920.914
Marjorie,DAVIDSON,2/8/1980,1g1al18f587145539,PLXI 470396060,684.757
Pauline,HOPKINS,8/3/1996,1g1al58f787158241,ETJS 131967366,653.13
Vera,MAY,11/6/2002,1g1al58f787159241,VKSD 844853139,257.265
Mary,TERRY,10/25/1990,1g1bc5sm8h7200200,YINB 441886985,532.441
Margaret,HERRERA,7/23/1980,1g1be5sm4h7275597,ODBI 932786634,87.6436
Agnes,WADE,12/3/1997,1g1bg5sm5g7250863,ICGX 200984815,260.497
Betty,SOTO,12/4/1998,1g1fb1rsxh0104806,RMJO 916341806,877.384
Lillian,WALTERS,3/26/1986,1g1fb1rsxh0185712,KSOT 820116459,686.125
Mildred,CURTIS,9/9/1982,1g1fb1rx5j0103693,JOVB 502188409,93.7402
Esther,NEAL,12/24/1983,1g1fb1rx6l0109117,FABS 733213610,111.276
Helen,CALDWELL,12/27/1982,1g1fb3dx5h0143964,ZHEA 141861402,361.601
Ruth,LOWE,9/15/1987,1g1fh1r79g0149647,HJTN 670169952,576.691
Anna,JENNINGS,8/11/1989,1g1fh1r7xk0140397,QFTA 324335830,593.211
Dorothy,BARNETT,2/3/1993,1g1jc5sh7c4114661,NKMC 788432193,666.557
Emma,GRAVES,2/21/1988,1g1jc6sh6d4127084,YLRT 220192984,288.778
Evelyn,JIMENEZ,11/19/1982,1g1jf5sb0k4122201,KZNL 574144290,775.767
Norma,HORTON,9/17/1984,1g1jg6sb3d4251006,PKAT 746000628,288.379
Sarah,SHELTON,12/24/1987,1g1p75sz3e7332279,QAUK 500711196,329.642
Florence,BARRETT,1/16/1982,1g1pa5sgxd7225194,BAUU 611541461,189.751
Louise,OBRIEN,3/15/1989,1g1pc5sb0f7185936,OILA 132864437,984.363
Marie,CASTRO,4/14/1983,1g1pe5sb1g7193233,OYWG 472358646,3.57857
Pauline,SUTTON,8/4/1980,1g1pe5sb4g7168780,KQSY 745761210,827.391
Alice,GREGORY,2/25/1990,1g1pg5sbxf7249436,LNML 180486747,331.479
Annie,MCKINNEY,9/29/1998,1g1pl5sc7c7367895,YCHT 335695043,188.201
Beatrice,LUCAS,1/2/1999,1g1rc6s56hu177143,WUNQ 526656304,436.497
Elena,MILES,3/29/1992,1g1rd6s59hu201853,OEYZ 637256933,958.637
Elsie,CRAIG,5/19/1982,1g1yj2d70g5122320,INDF 275984259,918.93
Irene,RODRIQUEZ,9/17/1994,1g1yj2d7xf5106236,WPLO 813309573,764.871
Jean,CHAMBERS,10/18/1989,1g1ys2d6xg5609979,NZBA 591599713,699.075
Katherine,HOLT,3/25/2001,1g1yt2d6xg5612796,IZNP 489206444,121.143
Virginia,THOMPSON,5/4/1988,1g1zb5st8jf226848,ZMNN 750138960,685.786
Mary,GARCIA,5/24/1998,1g1zd5st0kf187281,DBHB 198178299,383.832
Margaret,MARTINEZ,11/26/2001,1g1zd5st4kf126371,MKOQ 118777524,774.273
Alice,ROBINSON,8/17/1996,1g1zd5st5jf191860,JMFU 643069999,943.051
Anna,HALE,7/18/1994,1g1zd5st5jf249837,TIBV 148792637,916.273
Lucy,RHODES,1/24/1995,1g1zd5st5kf112138,MDIZ 420545765,861.917
Martha,PENA,2/5/1993,1g1zd5st8jf242655,BZFP 780528598,203.548
Esther,BECK,10/27/1984,1g1zd5stxjf140841,ISOQ 544448192,793.657
Helen,NEWMAN,3/21/1996,1g1zd5stxjf175198,OCDD 777641695,548.042
Elizabeth,HAYNES,2/28/1987,1g1ze5st0hf155999,TMFZ 753529804,297.288
Florence,MCDANIEL,6/9/1982,1g1ze5st5gf315602,GSPI 338097293,904.932
Gladys,MENDEZ,4/21/1984,1g1ze5st9hf229260,YURH 592851663,909.643
Irene,BUSH,3/16/2001,1g1ze5stxhf257679,LIUR 813695167,873.979
Ruth,VAUGHN,12/5/1997,1g1zh5sx7hf141060,HAPV 915856756,498.144
Grace,PARKS,7/20/1986,1g1zh5sx9hf118136,JJTN 674818347,576.2
Hazel,DAWSON,3/21/2000,1g1zj5su8gf337274,MGZR 550016738,162.757
Jessie,SANTIAGO,10/26/1994,1g1zt53f46f254868,GYYV 293559523,273.911
Julia,NORRIS,1/19/1997,1g4ps5sk1e4188639,MUBE 332431184,864.579
Mildred,HARDY,10/25/1994,1g4zp5ss5hu137398,VQJQ 143943231,492.399
Patricia,LOVE,1/28/1986,1g4zp5ss6hu125437,HXIX 372002298,463.662
Pauline,STEELE,3/12/1983,1g4zp5ss8hu149142,YGCS 756012424,848.942
Clara,CURRY,5/21/1990,1g6ah1rx1g0193887,PEAP 783794137,495.977
Laura,POWERS,4/27/1982,1g6el12y9yu148063,FVUE 859504269,291.053
Marian,SCHULTZ,2/25/1993,1gazgpfg0h1169059,BRKC 677069332,180.421
Marie,BARKER,5/12/1997,1gazgpfg7j1254194,MYLV 851545120,684.178
Sophie,GUZMAN,4/19/1989,1gazgpfgxk1197071,TDMC 616792335,727.55
Mary,PAGE,11/14/1981,1gb3czcg3df161404,FAHI 113326205,139.058
Dorothy,MUNOZ,9/15/2000,1gb3gtcgxh1118909,AYXB 761632612,603.109
Helen,THOMPSON,4/7/1990,1gbhg31u661113654,TGIN 560247722,492.422
Alice,GARCIA,7/10/1985,1gbhg396191112177,ZPCJ 491694228,838.134
Betty,MARTINEZ,9/15/1982,1gc1ksey8kf114255,YVQK 710516325,724.252
Elizabeth,ROBINSON,3/27/1991,1gc1kve82gf207345,FDUR 715449503,178.208
Florence,LEONARD,4/6/1983,1gc1kveg3hf189737,VXGC 307609625,221.966
Barbara,WALSH,11/9/1980,1gc1kvey2jf198038,ADDX 293317649,498.525
Anna,LYONS,8/22/1998,1gc1kvey3jf197819,RQLZ 244121220,121.259
Annie,RAMSEY,1/30/1984,1gc1kweg8ff170135,WYTY 262086674,138.238
Margaret,WOLFE,2/27/1997,1gc1kwegxff145382,LWEB 400448690,360.443
Ruth,SCHNEIDER,12/17/1984,1gc1kwey3jf123662,WGKR 340846565,324.807
Agnes,MULLINS,6/26/1995,1gc1kwey6jf259008,QMVX 943078173,931.895
Elsie,BENSON,9/13/2000,1gc1kxc86bf208814,BXSE 621968930,908.485
Emma,SHARP,11/5/1984,1gc1kyc87bf185906,WWMH 840587560,622.095
June,BOWEN,4/11/1995,1gc2kvcg8dz256073,QDUK 849002327,836.828
Katherine,DANIEL,6/20/1992,1gc2kveg1hz262672,DWZH 193897841,818.128
Lena,BARBER,6/17/1996,1gc2kveg3hz159933,GEER 917297730,496.074
Esther,CUMMINGS,4/6/1980,1gc3czcg1ef176545,CIIY 844350054,334.972
Evelyn,HINES,6/8/1995,1gc4k0c84gf121926,XZEP 310997142,394.327
Irene,BALDWIN,3/11/1995,1gc4k0cgxdf194396,ZLAL 249293585,658.831
Laura,GRIFFITH,6/11/1991,1gc4k1e88gf118806,VCXQ 768360337,608.883
Lillian,VALDEZ,2/26/1981,1gc4k1ey0jf149152,ZTJZ 556799501,258.906
Louise,HUBBARD,12/17/2000,1gccs1445wk226994,GGFL 140491908,151.23
Olga,SALAZAR,3/12/1986,1gccsbf92c8121126,ANFJ 914084671,72.545
Sophie,REEVES,11/22/1990,1gccsbf97b8118236,LGLP 514691447,107.848
Mary,WARNER,5/5/1998,1gcgc24u53z128586,PPHQ 855880973,647.207
Margaret,STEVENSON,2/19/1989,1gcgtben3h1180134,AMDY 131512457,363.598
Annie,BURGESS,2/27/2002,1gcgtce36g1387412,QYVZ 183240346,288.27
Dorothy,SANTOS,10/10/1983,1gcgtcen1h1148658,XGDC 918716987,331.386
Alice,TATE,6/17/1989,1gcgtcen4h1158648,BDFH 718790953,91.1486
Anna,CROSS,12/30/1997,1gcgtcen5j1157983,RSSC 520776367,427.328
Helen,GARNER,1/2/1982,1gcgtcen7l1101496,OSYW 405758674,934.495
Elizabeth,MANN,11/2/2000,1gcgtcen9h1202076,ZWUC 398963841,583.57
Irene,MACK,3/7/1989,1gchk23204f232462,XTTS 833677146,265.461
Marie,MOSS,8/3/1997,1gchk23648f125262,QPZU 757834797,658.747
Betty,THORNTON,5/15/1990,1gchsaea3f1218425,RVVX 733074621,761.778
Emma,DENNIS,11/18/1993,1gchsaea7f1213972,HOVA 205295069,487.427
Elsie,MCGEE,10/21/1984,1gchsbea7k1232845,EOKC 718564454,157.272
Shirley,FARMER,12/15/1981,1gchtde32g1339478,TBHN 460482543,883.037
Sophie,DELGADO,5/29/1988,1gcjc33204f177273,CKXV 253737407,625.665
Agnes,AGUILAR,2/28/2001,1gcncneh5jz302471,QMTQ 230034085,517.715
Barbara,VEGA,3/29/2000,1gcncpex7dz328593,MHDH 363299783,207.844
Clara,GLOVER,2/26/2001,1gcpcrec9hf242498,GOUC 279944341,557.561
Edna,MANNING,7/1/2002,1gcptce16h1176629,LHDW 621257961,426.199
Florence,COHEN,4/20/1984,1gcrcpehxfz272176,NPMV 459156067,829.939
Frances,HARMON,9/2/1986,1gcrcrea5dz179299,QXOO 216588148,394.388
Julia,RODGERS,5/28/1996,1gcsgafx9e1173192,REGL 785954258,244.327
Katherine,ROBBINS,7/21/1986,1gcsksea1az121133,OXDR 834314824,326.013
Lillian,NEWTON,8/20/2002,1gcukrecxhf153500,IYUC 276481739,729.36
Mabel,TODD,1/31/1989,1gcuwded5kz124282,JOIM 139925668,638.654
Martha,THOMPSON,12/4/1988,1gcuyged0kz114660,SAAF 476152392,984.845
Ruth,GARCIA,10/10/1986,1gcuyhel9kz240206,DWTS 853544602,338.243
Mary,MARTINEZ,9/12/1984,1gcvknec1gz396932,NJPU 461192547,897.56
Margaret,ROBINSON,9/28/1980,1gcvkneh1gz235878,KITN 849755471,136.075
Betty,CANNON,11/6/1980,1gcvkneh3gz336629,YWYS 113899482,410.788
Dorothy,STRICKLAND,10/14/1999,1gcvkneh7gz158854,ABMI 947179827,5.40855
Agnes,TOWNSEND,11/9/1995,1gcvkpec7gz283370,XBOY 594334946,783.282
Eva,POTTER,2/26/1992,1gcvkrec0gz118434,KCDE 340820624,774.386
Julia,GOODWIN,2/15/1985,1gcvkrec1hz135955,NREC 794122880,293.678
Elizabeth,WALTON,7/15/1999,1gcvkrec7gz392164,ZNUT 510546239,114.668
Helen,ROWE,11/12/1999,1gcvkrec8gz393856,URXT 137148441,865.535
Martha,HAMPTON,3/6/2001,1gcvkrec8hz169908,VTLI 446085300,721.006
Alice,ORTEGA,5/29/1985,1gcvkreh3jz272445,ZGEO 185430670,49.1625
Esther,PATTON,5/20/1994,1gcvkreh7jz295386,LZGO 252773383,449.105
Frances,SWANSON,5/16/1991,1gcwgaff8h1120366,ABVE 219160198,986.467
Irene,JOSEPH,1/21/1995,1gcwgaff9g1216490,GERB 253331329,707.909
Mabel,FRANCIS,9/17/1994,1gcwgafg1k1229638,SWOP 905239767,210.883
Nancy,GOODMAN,3/21/2000,1gcwgafg2k1222357,YLJK 646683880,473.894
Pauline,MALDONADO,6/25/1996,1gcwgafg3k1232427,MKAQ 793537129,865.181
Bertha,YATES,4/11/1984,1gcwgafg4k1252945,EBYL 967823552,93.9195
Evelyn,BECKER,3/8/1994,1gcwgafg5k1221297,BLQW 631677762,99.5593
Florence,ERICKSON,2/13/1980,1gcwgafg5k1229335,VDUN 658052537,382.896
Josephine,HODGES,5/25/1984,1gcwgafg7k1222516,RGBG 279655525,301.763
Ruth,RIOS,1/5/1982,1gcwgafg9k1240337,RFHA 864020957,657.12
Virginia,CONNER,7/17/1997,1gcwgafgxk1242467,BMZB 635935839,809.095
Mary,ADKINS,3/17/1985,1gcwgafgxk1243764,YGEX 199384348,131.702
Alice,WEBSTER,11/8/2000,1gkdt13s332100344,TYDK 712161670,51.5083
Helen,NORMAN,9/15/1989,1gket16s646227597,TFZN 856808851,53.4223
Anna,MALONE,6/30/1982,1gkfk03219r252659,EFZG 758744631,457.716
Marie,HAMMOND,8/9/2000,1gkfk16k5pj701631,VXQC 505104931,780.868
Doris,FLOWERS,4/14/1984,1gkknmls5jz177336,GEKG 928431549,692.076
Elizabeth,COBB,4/19/1990,1gkknwls6jz133440,NFNR 322687459,442.56
Martha,MOODY,7/31/2000,1gkknxls2hz262405,ELBH 177446495,119.111
Esther,QUINN,8/31/1995,1gkknxls3hz174527,XBBW 844934652,589.637
Agnes,BLAKE,5/16/1998,1gkknxls7hz295013,UBUT 623513968,578.635
Barbara,MAXWELL,8/23/1987,1gkkrpedxcj207971,GOFW 373667867,529.899
Betty,POPE,7/19/1999,1gks2bkc6hr134450,DDWN 705942425,595.045
Dolly,FLOYD,12/11/1982,1gks2bkc6hr136280,CBOP 423052769,361.917
Evelyn,OSBORNE,1/25/1993,1gks2bkc7hr133811,QUDR 753567982,304.285
Jean,PAUL,12/14/1991,1gks2gkc0hr323625,ZODA 174310957,888.723
Katherine,MCCARTHY,2/22/1998,1gks2gkc2hr327918,SVNN 504875746,476.585
Margaret,GUERRERO,8/1/1985,1gks2gkc2hr328793,VTDA 609112843,169.82
Nancy,LINDSEY,6/17/1998,1gks2gkc3hr326762,UDTQ 663490757,609.729
Pauline,ESTRADA,2/6/1998,1gks2gkc5hr326410,CTSR 700803502,525.747
Virginia,SANDOVAL,12/18/1997,1gks2gkc6hr325461,LHCP 405035656,618.925
Carrie,GIBBS,3/7/1986,1gks2gkc6hr326335,FOOI 985147281,596.196
Clara,TYLER,2/23/1980,1gks2gkc6hr327937,ABLN 646648006,233.656
Dorothy,GROSS,3/22/1994,1gks2gkc6hr328389,ZIHD 599400054,829.808
Florence,FITZGERALD,10/23/2001,1gks2gkc7hr321306,YXMR 424549230,70.0902
Jane,STOKES,4/21/1996,1gks2gkcxhr323969,EUIW 615461485,98.8374
Joan,DOYLE,2/25/1983,1gks2gkcxhr324555,RITU 499941245,923.728
Lillian,SHERMAN,4/12/1999,1gks2gkcxhr328380,SZMH 928084417,169.65
Patricia,SAUNDERS,2/27/1999,1gks2gkcxhr328718,CHJN 370247094,481.733
Sophie,WISE,12/31/1988,1gndt13s632267444,XNDF 829711914,225.491
Mary,COLON,9/29/1992,1gndt13s632267445,NDOA 670909625,826.769
Alice,GILL,1/5/1982,1gndu23l46d143789,DEPL 820636997,290.829
Annie,ALVARADO,1/9/1987,1gnerhkw7lj115518,ACKU 155859926,357.193
Ruth,GREER,8/15/1980,1gnet16s156132062,HMVU 885557008,878.278
Dorothy,PADILLA,8/9/1996,1gnevhkw8jj148388,DXBM 802888489,344.251
Elizabeth,SIMON,4/18/1989,1gnevhkw9kj129253,WKYA 488266676,814.909
Agnes,WATERS,6/21/1981,1gnfc13j88r167278,POSD 638897685,659.146
Helen,NUNEZ,10/14/1999,1gnkrfed3hj217603,NGTC 602625767,36.3274
Betty,BALLARD,3/4/1985,1gnkrfed7hj307708,UDVE 742809691,257.469
Christine,SCHWARTZ,8/2/1982,1gnkrgkd3ej285342,RMKN 919235397,778.257
Evelyn,MCBRIDE,2/24/1981,1gnkrgkd8fj279098,ERFG 367282140,625.964
Grace,HOUSTON,4/24/2002,1gnkvgkd0hj145877,QDOP 245344175,836.104
Margaret,CHRISTENSEN,7/25/1983,1gnkvgkd3ej113338,EESW 255905290,308.157
Anna,KLEIN,8/14/1989,1gnkvgkd4hj314704,HKOA 369106076,221.009
Clara,PRATT,4/2/2000,1gnkvjedxcj172991,HVRC 566070359,198.021
Irene,BRIGGS,9/11/1983,1gnkvjkd3gj171692,OUMZ 101901743,612.442
Lena,PARSONS,10/26/1996,1gnscakc0fr161697,UEZZ 385250537,109.733
Martha,MCLAUGHLIN,9/5/1989,1gnscbkc0fr109217,DQOS 481565546,674.605
Mary,ZIMMERMAN,12/11/1988,1gnscbkc4lr164829,TWJL 288758673,782.262
Margaret,FRENCH,1/29/1991,1gnscbkc6gr432916,RTDG 769950601,719.462
Alice,BUCHANAN,2/3/1993,1gnscbkc6lr159535,RNOI 775024336,200.352
Martha,MORAN,2/11/1987,1gnscbkcxlr162857,OXKB 653373174,401.188
Anna,COPELAND,4/28/1982,1gnscckc9fr715640,SWAS 881626670,315.658
Clara,ROY,9/16/2000,1gnschkc1jr235923,LWMA 867591763,434.009
Elizabeth,PITTMAN,7/25/1988,1gnschkc1jr387653,RTLB 605746797,230.996
Louise,BRADY,9/17/1988,1gnschkc2kr124931,ETYI 293530084,385.748
Annie,MCCORMICK,6/12/1997,1gnschkc3hr133923,SZMG 972376999,532.846
Dorothy,HOLLOWAY,11/3/1992,1gnschkc4hr206149,CVFN 385792845,154.724
Frances,BROCK,3/1/1996,1gnschkc5jr280816,CFTC 906244903,555.398
Nancy,POOLE,9/2/1981,1gnschkc6jr106222,POUC 935742655,14.5793
Ruth,FRANK,4/6/2002,1gnschkc6jr269601,IUJU 631465844,380.215
Carrie,LOGAN,8/9/1980,1gnschkc9kr201844,OYON 858906714,382.167
Eleanor,OWEN,9/17/1988,1gnschkc9kr204131,OFGA 334866643,305.408
Helen,BASS,8/7/1985,1gnskbe03br198151,ODIU 530097877,737.408
Marjorie,MARSH,1/24/1996,1gnskbkc0kr335691,FWWY 673214592,260.445
Cecelia,DRAKE,5/15/1992,1gnskbkc1kr164515,UOOO 974852713,649.659
Katherine,WONG,10/14/1999,1gnskbkc6hr132085,DXLM 687547892,552.316
Marie,JEFFERSON,9/24/1990,1gnskbkc9jr370082,HBQW 719559539,919.591
Virginia,PARK,5/31/1992,1gnskbkc9kr143993,XKUD 602458125,685.986
Elena,MORTON,6/23/1992,1gnskckc5fr181703,GSOO 486776154,809.785
Esther,ABBOTT,5/1/1993,1gnskckc9gr424401,FTJB 542092382,697.848
Ethel,SPARKS,6/21/1997,1gnskhkc1kr203879,IWHW 751454174,311.95
Evelyn,PATRICK,10/13/1980,1gnskhkc2kr158368,YZIJ 476906570,645.889
Jean,NORTON,1/2/1993,1gnskhkc5jr243896,AQNQ 529590463,6.00477
Laura,HUFF,10/2/1997,1gnskhkcxkr139079,COXW 552833286,532.96
Shirley,CLAYTON,4/14/1992,1gnskhkcxkr288236,ICKX 715107843,843.91
Mary,MASSEY,5/18/1980,1gnskhkcxkr306962,XCLG 694272220,618.447
Martha,LLOYD,11/8/2001,1gt120c83bf236190,DOAL 238037560,642.693
Agnes,FIGUEROA,5/21/1996,1gt120cg5bf167316,KJKT 481398869,518.515
Margaret,CARSON,12/3/1996,1gt12seg2jf255666,XUKK 778041227,400.709
Betty,BOWERS,7/16/1989,1gtgg25k391106224,XNZV 490318709,362.154
Elizabeth,ROBERSON,4/30/1990,1gtr2uea3bz242502,RDLB 416666148,718.867
Marie,BARTON,4/24/1981,1gtr2ve74cz121991,CYDO 129461605,801.897
Alice,TRAN,11/25/1990,1gtu9fel6kz311976,HRTH 257946511,677.812
Helen,LAMB,8/19/1991,1gyknbrs8hz257399,ESNP 212889885,152.876
Louise,HARRINGTON,3/29/1992,1gyknbrsxhz114969,GMGR 509929055,32.8927
Lucy,CASEY,3/11/2002,1gykndrs1hz125239,ROKQ 906423259,63.5606
Patricia,BOONE,2/7/1992,1gyknfrs3kz252626,THNF 439639456,685.722
Shirley,CORTEZ,11/20/1998,1gys4ckj7hr359884,OIHR 422854668,187.616
Irene,CLARKE,7/17/1990,1gys4tkj0fr538846,MYOF 867360008,618.958
Lillian,MATHIS,12/2/1992,1hd1krm1xgb609213,RJYE 312877939,700.301
Barbara,SINGLETON,6/10/1980,1hgcm56363a030975,KLKQ 951047419,567.831
Dorothy,WILKINS,7/20/2002,1hgcr2f55ha080596,IHRS 180922291,1.12548
Evelyn,CAIN,12/15/1996,1hgct1b89ha002933,AMGO 948983408,5.70914
Frances,BRYAN,7/4/1992,1j4ft48s01l590080,PCZX 696592336,305.239
Ruth,UNDERWOOD,1/9/1982,1j4gw58s4xc558310,VJTJ 799642195,261.57
Thelma,HOGAN,1/15/1981,1lnhm87a25y619997,ZAYX 627842024,655.368
Ann,MCKENZIE,7/20/1988,1n4al3ap6fc102604,XHQI 285389700,857.555
Anna,COLLIER,5/16/1993,1n6aa1ej3jn519666,SQFJ 933236711,181.161
Bertha,LUNA,10/2/1984,1q87t3n166389,EKVK 417653544,341.354
Clara,PHELPS,4/2/1997,1xp4d49x1cd144875,MABL 974974597,667.341
Joan,MCGUIRE,5/15/1998,1xp4d49x9cd123630,WHHP 934519480,879.009
Lena,ALLISON,10/14/1999,1xp7d49x09d784257,XORV 688869441,653.305
Lois,BRIDGES,1/31/1997,1xp7d49x0ad793710,XTTN 514481847,313.23
Mildred,WILKERSON,7/16/1985,2a8hr54px8r787529,RGSX 158557163,885.014
Pauline,NASH,9/17/1987,2b3ka43g67h630568,BBBW 673262687,186.265
Rose,SUMMERS,10/18/1994,2b3ka43g87h836300,AJNC 540690293,157.139
Sally,ATKINS,2/4/1982,2b3lj54t49h509675,LYCT 824058788,503.461
Virginia,WILCOX,9/15/1996,2c3ccabg5hh538726,TQCL 584384213,828.957
Mary,PITTS,12/9/1984,2c3ccabgxkh559658,OIFI 533896687,675.654
Helen,CONLEY,9/19/1986,2c3ccaeg0kh555632,HZCZ 873395724,904.17
Elizabeth,MARQUEZ,7/30/1987,2c3ccaeg5kh585628,TBZU 913295718,191.112
Irene,BURNETT,9/9/1998,2c3ccakg4kh594972,MVHZ 931616377,394.521
Betty,RICHARD,6/11/1998,2c3ccakg6kh578112,CKXE 944043755,706.067
Margaret,COCHRAN,9/29/1998,2c3ccakg8jh168457,LXUN 247291098,868.924
Martha,CHASE,1/19/1986,2c3cdxbg0jh187083,HBRN 409147413,547.397
Pauline,DAVENPORT,8/12/1998,2c3cdxbg0kh753132,NUJQ 448303112,738.959
Josephine,HOOD,9/16/1988,2c3cdxbg1eh268115,HKWG 815983616,932.485
Marie,GATES,6/8/1991,2c3cdxbg3eh170784,UTAB 282078933,233.119
Agnes,CLAY,9/7/2002,2c3cdxbg5eh300547,ZDDW 741087840,926.576
Janet,AYALA,12/30/1985,2c3cdxbg5hh642083,HHFC 361719455,551.443
Joan,SAWYER,4/16/1998,2c3cdxbg8kh658222,OJXF 837096716,933.42
Louise,ROMAN,1/6/1997,2c3cdxbg9eh266032,HTRR 898074189,494.407
Lucy,VAZQUEZ,11/20/1981,2c3cdxbgxjh273288,MYUI 455357438,552.568
Alice,DICKERSON,8/10/1988,2c3cdxbgxkh707467,ZCYA 294074279,939.129
Lillian,HODGE,11/10/1986,2c3cdxct1jh233225,RAHU 232666498,799.646
Mildred,ACOSTA,9/30/2000,2c3cdxct3eh230364,OCET 885613077,814.139
Bertha,FLYNN,2/22/1985,2c3cdxct3gh355660,ZHOW 263810997,594.497
Edith,ESPINOZA,8/6/1997,2c3cdxct7kh608441,LEHD 572390544,657.201
Esther,NICHOLSON,7/27/1980,2c3cdxct8jh197730,RQUL 845848931,995.3
Evelyn,MONROE,10/25/1985,2c3cdxctxhh618731,ZLBY 951753574,935.852
Florence,WOLF,8/2/1983,2c3cdxej6ch170654,FPMM 534546999,324.541
Maria,MORROW,5/4/1995,2c3cdxhg0kh608762,JAMN 456179012,874.309
Ruth,KIRK,6/30/1999,2c3cdxhg2kh608648,RNCF 812552787,589.157
Mary,RANDALL,11/18/1990,2c3cdxhg4gh237287,QROX 462577816,637.771
Elizabeth,ANTHONY,2/15/1997,2c3cdxhg6kh598321,KOKE 824162113,759.324
Margaret,WHITAKER,1/7/1981,2c3cdxhg6kh611276,JEMK 124555388,775.421
Anna,OCONNOR,4/10/1980,2c3cdxhgxjh125388,ZPSL 202884167,794.91
Shirley,SKINNER,1/29/1996,2c3cdxhgxkh527140,CVCP 170321266,262.785
Alice,WARE,1/16/2000,2c3cdxjg0gh303988,XGWZ 409739987,604.379
Barbara,MOLINA,4/11/1997,2c3cdxjg0kh682158,GQEV 536730905,470.564
Betty,KIRBY,10/14/1999,2c3cdxjg1jh292507,YFCJ 568433651,166.955
Helen,HUFFMAN,2/12/1993,2c3cdxjg1kh630912,DTOP 465169447,795.49
Irene,BRADFORD,12/27/1995,2c3cdxjg1kh658953,ROUK 247925722,865.086
Nancy,CHARLES,5/22/1994,2c3cdxjg2kh630921,WNVY 107989348,873.021
Martha,GILMORE,2/25/1984,2c3cdxjg2kh658962,EWJA 207776449,664.414
Virginia,DOMINGUEZ,3/26/1995,2c3cdxjg4jh292503,WHMA 871443406,412.483
Dorothy,ONEAL,4/3/2000,2c3cdxjg6jh182178,ZZJC 217881482,611.981
Lillian,BRUCE,1/4/1984,2c3cdxjg6jh224431,TFCI 428225160,596.899
Patricia,LANG,11/5/1983,2c3cdxjg6kh630954,HAJB 818467543,645.601
Agnes,COMBS,8/14/1995,2c3cdxjg7jh189253,JXZE 499237401,538.557
Arlene,KRAMER,3/27/2002,2c3cdxjg8kh527857,CJSM 881179560,148.342
Carol,HEATH,10/30/2001,2c3cdxjgxjh222262,PIRB 444210942,579.022
Charlotte,HANCOCK,6/28/1987,2c3cdxl92gh285329,VBIE 419848369,32.9634
Edith,GALLAGHER,1/9/1984,2c3cdyag1eh311262,SYJV 235922291,700.91
Evelyn,GAINES,4/13/1999,2c3cdyag3eh213138,DCIN 353539876,518.151
Flora,SHAFFER,12/21/1995,2c3cdyag3eh251064,TWBS 233269281,832.609
Marie,SHORT,10/29/1991,2c3cdyag6eh133624,YVKQ 153819830,515.049
Rose,WIGGINS,1/29/1993,2c3cdyag9dh607919,UGPM 352420130,112.648
Ruth,MATHEWS,3/26/1996,2c3cdyag9eh126828,ZHJH 368774666,489.81
Sally,MCCLAIN,11/15/1999,2c3cdyag9eh313809,NAKW 510130887,510.349
Wilma,FISCHER,10/21/1986,2c3cdybt1eh270465,RAXZ 844541355,48.4997
Mary,WALL,10/13/1983,2c3cdybt2eh298212,BTKD 575270842,814.351
Elizabeth,SMALL,2/27/1982,2c3cdybt3eh115268,LBHW 530196293,384.658
Anna,MELTON,4/29/2002,2c3cdybt3eh136783,ORYE 729338359,637.656
Dorothy,HENSLEY,2/6/1985,2c3cdybt5eh217218,GELP 228002521,452.122
Patricia,BOND,10/4/1995,2c3cdybt6eh111229,WCMH 515700908,143.982
Agnes,DYER,4/29/1987,2c3cdybt9eh143592,HYZF 977378542,413.078
Alice,CAMERON,10/14/1999,2c3cdybt9eh247614,NHSY 949240513,247.033
Margaret,GRIMES,8/6/1983,2c3cdzag1jh288453,EKMM 475075364,406.767
Nancy,CONTRERAS,6/1/2002,2c3cdzag1kh656275,EAYC 332571894,17.4566
Shirley,CHRISTIAN,9/27/1990,2c3cdzag2kh656320,BIJM 299053541,717.597
Virginia,WYATT,11/20/1982,2c3cdzag3jh242672,VJAI 934074148,573.721
Carol,BAXTER,12/24/1991,2c3cdzag4gh309689,APPA 688408391,812.947
Evelyn,SNOW,12/2/1988,2c3cdzag4jh302832,ONDG 848190586,582.682
Joan,MOSLEY,3/7/1986,2c3cdzag4kh686869,OKVA 505310423,446.743
Katherine,SHEPHERD,11/1/1989,2c3cdzag5jh245542,CEXA 893368877,477.361
Marjorie,LARSEN,3/11/1992,2c3cdzag6kh668955,DCPN 341702614,995.165
Nellie,HOOVER,6/8/1990,2c3cdzag7jh321665,NJZO 626063990,58.7232
Helen,BEASLEY,8/27/1990,2c3cdzag8jh321934,QOHF 695366288,74.2604
Jacqueline,GLENN,8/10/1993,2c3cdzag9kh617109,CUCF 617433614,640.766
Julia,PETERSEN,1/2/1994,2c3cdzag9kh642088,OTLK 113545920,597.28
Lucy,WHITEHEAD,10/14/1999,2c3cdzagxkh583746,IMYG 792875603,222.602
Martha,MEYERS,8/29/1982,2c3cdzbt4gh325869,FJPV 551056152,219.788
Nora,KEITH,12/29/1999,2c3cdzbt4kh578392,EIGD 895506383,630.243
Ruth,GARRISON,4/5/2000,2c3cdzbt8kh705158,XTME 907681710,923.513
Theresa,VINCENT,9/2/1982,2c3cdzc90fh834388,BHTD 976957942,737.939
Amelia,SHIELDS,3/9/1982,2c3cdzc95fh757310,TSGF 546560041,462.852
Christine,HORN,9/23/1990,2c3cdzc98hh553913,ANOZ 175221735,438.562
Dolores,SAVAGE,2/11/1996,2c3cdzc99fh713682,BECR 763952061,850.586
Elsie,OLSEN,9/29/1992,2c3cdzfj5hh650508,ZVIF 988225796,952.662
Esther,SCHROEDER,4/30/1999,2c3cdzfj8fh877821,FDSR 970953339,948.911
Geraldine,HARTMAN,10/3/2000,2c3cdzfj8gh351982,STOL 362856779,899.086
Lydia,WOODARD,11/23/1998,2c3cdzgg1kh712965,BFOI 889073269,767.014
Marie,MUELLER,9/23/1997,2c3cdzgg2kh594165,RJXF 453668946,333.569
Mary,KEMP,8/31/1995,2c3cdzgg5kh709017,QHMT 389373365,536.742
Margaret,DELEON,9/22/1998,2c3cdzggxkh532268,MTUV 948465230,219.136
Carol,BOOTH,10/28/1999,2c3cdzl97kh518237,TACM 966662079,477.551
Barbara,PATEL,4/18/1982,2c3hd46r3yh208325,JELY 746289446,949.82
Virginia,CALHOUN,1/22/1999,2c3ja43r35h179032,IAUX 637262154,466.169
Betty,WILEY,7/13/1984,2c4rc1cg5hr616095,EORC 388821551,884.318
Anna,EATON,5/23/1982,2c4rc1eg2hr669530,ZSBM 800336365,967.277
Donna,CLINE,4/17/1981,2c4rc1fg5lr143335,AZFU 524420738,183.765
Pauline,NAVARRO,2/13/1983,2c4rc1gg3kr730663,ENVG 810891510,458.039
Shirley,HARRELL,11/5/2000,2c4rc1gg4hr635019,NQDZ 985837609,780.224
Annie,LESTER,6/24/1994,2c4rdgbg2gr345223,TIPN 620205621,766.448
Edith,HUMPHREY,4/15/1994,2c4rdgbg6dr505681,XSUO 293015514,904.782
Irene,PARRISH,2/9/1987,2c4rdgbg8dr566594,OOOP 833861998,257.585
Lucy,DURAN,4/18/1984,2c4rdgbgxkr624069,AQBF 152882821,761.612
Marie,HUTCHINSON,2/18/1997,2c4rdgcg0jr241626,VKYQ 463087488,963.505
Martha,HESS,4/5/1990,2c4rdgcg0kr798456,XEHB 684642378,331.846
Patricia,DORSEY,5/17/1999,2c4rdgcg1kr761805,WUML 256221221,402.379
Sophie,BULLOCK,6/26/1993,2c4rdgcg2jr205677,SIBM 392132233,560.785
Elizabeth,ROBLES,8/29/1982,2c4rdgcg2jr218218,WAMK 922653849,554.448
Gladys,BEARD,7/24/1992,2c4rdgcg3er266428,NKGP 674036779,622.167
Lois,DALTON,3/8/1995,2c4rdgcg3hr864989,RKAP 679052299,191.028
Nancy,AVILA,10/18/1990,2c4rdgcg3jr364854,RMGZ 149207220,477.961
Agnes,VANCE,2/22/2000,2c4rdgcg3kr514530,KVIX 595620212,360.105
Ann,RICH,4/30/1984,2c4rdgcg3kr747548,RPQS 349852342,653.88
Christine,BLACKWELL,2/2/1997,2c4rdgcg3kr753690,NPCA 170612640,916.523
Doris,YORK,7/11/1988,2c4rdgcg4gr384748,TOKZ 989543430,210.692
Florence,JOHNS,6/23/1991,2c4rdgcg5kr518563,BRNC 215761496,606.542
Grace,BLANKENSHIP,1/7/1980,2c4rdgcg8jr208468,PUTV 327187318,865.434
Helen,TREVINO,2/27/1999,2c4rdgcg8jr327542,HGPQ 770873602,109.778
Joan,SALINAS,9/13/1997,2c4rdgcg9er400696,WHTM 231976980,373.556
June,CAMPOS,5/19/1991,2c4rdgcg9hr818437,VAPY 119618497,199.003
Sally,PRUITT,10/13/1997,2c4rdgcg9kr578507,PROA 122777930,646.52
Sylvia,MOSES,9/17/1987,2c4rdgcgxkr747353,SBIG 703689309,592.692
Mary,CALLAHAN,12/27/1980,2c4rdgcgxkr751032,PVXI 229259230,676.554
Alice,GOLDEN,9/30/2002,2c4rdgdg0kr571878,RQXG 693910965,596.341
Carol,MONTOYA,1/16/1980,2c4rdgeg0kr557123,BCPU 354989122,58.8605
Marie,HARDIN,7/29/1987,2c4rdgeg1hr716871,PQPF 621710508,560.872
Patricia,GUERRA,7/29/1981,2c4rdgeg1kr664259,QUGF 607195435,563.617
Betty,MCDOWELL,5/3/1986,2c4rdgeg2kr724727,XXWG 825219503,242.626
Barbara,DELANEY,2/24/1982,2c4rdgeg4kr682965,AVZX 225299154,18.9108
Shirley,PATE,9/5/1991,2c4rdgeg5jr147562,QPUN 247416184,343.841
Annie,LANCASTER,10/14/1999,2c4rdgeg5jr337118,CPYR 846089290,9.07344
Evelyn,SWEET,10/23/1991,2c4rdgeg5kr563175,NHAC 447754398,923.692
Nancy,JUSTICE,10/21/1980,2c4rdgeg6jr205887,PSIV 554316284,601.427
Ruth,BOOKER,10/12/2000,2c4rdgeg6kr578882,DSVZ 921414306,770.686
Virginia,MERRITT,10/14/1999,2c4rdgeg7kr743175,YZUX 965265613,887.197
Beverly,MIRANDA,10/14/1999,2c4rdgeg8hr632871,YOMT 911352332,933.273
Florence,ATKINSON,2/18/1985,2c4rdgeg8jr337145,IVRG 173686130,173.065
Katherine,ORR,10/14/1999,2c4rdgeg9hr852858,BTVB 569424385,447.982
Marjorie,DECKER,7/5/1985,2c4rdgeg9jr237989,IQPQ 873005176,487.721
Rose,HOBBS,1/26/1980,2c4rdgeg9kr529238,MTEH 522472085,795.231
Agnes,PRESTON,3/9/1984,2c4rdgegxjr331914,DGSY 746155625,639.009
Dorothy,TANNER,9/2/1983,2c4rdgegxjr339012,PXSC 255779703,965.682
Elizabeth,KNOX,9/27/2000,2c4rdgegxkr599122,UKMM 681501289,155.336
Gertrude,PACHECO,8/19/1993,2cnaldec6b6382868,ANKV 683216082,292.889
Helen,STEPHENSON,6/12/2001,2cnbj13c316958216,GDGV 633594993,882.204
Jean,GLASS,10/15/1989,2cnfleec9b6313197,SINX 789748070,366.028
Lillian,ROJAS,1/20/1989,2cnflnew5a6355858,FBXY 671074997,899.431
Louise,SERRANO,3/2/2002,2d8hn44h88r669549,BNXU 999470806,747.638
Margaret,MARKS,6/19/2001,2fmda5143wba16791,NPAA 648161460,475.806
Bernice,HICKMAN,6/21/1981,2fmdk3gc0bbb23680,RAPB 150381150,272.987
Grace,ENGLISH,8/26/2000,2fmdk3gc4bbb02217,EIZK 873717677,946.64
Josephine,SWEENEY,10/16/1983,2fmhk6c81kba19848,TDNH 252045690,122.326
Joyce,STRONG,9/8/1984,2fmhk6c85kba19710,DNCA 134405856,865.679
Rosemary,PRINCE,3/27/1981,2fmhk6c88kba19846,CCYZ 482495384,623.194
Sandra,MCCLURE,3/10/1995,2fmhk6c89gba05297,ONLO 880230161,718.666
Sylvia,CONWAY,8/3/1980,2fmhk6d80kba19788,NFPC 594255460,924.54
Mary,WALTER,12/3/1991,2fmhk6dt1kba21554,LGQL 361093611,184.066
Elizabeth,ROTH,12/8/1982,2fmhk6dt1kba21571,UFUH 707306320,282.284
Martha,MAYNARD,11/22/1983,2fmhk6dt2kba19683,VLZY 536803700,167.165
Alice,FARRELL,12/4/1997,2fmhk6dt2kba21630,KBNJ 501996207,202.977
Carol,LOWERY,11/24/1989,2fmhk6dt5kba19693,KXOW 124105822,626.125
Helen,HURST,12/17/1985,2fmhk6dt7kba19548,CJSR 536177219,176.239
Jean,NIXON,3/7/1996,2fmhk6dt9kba19695,ADSQ 502807166,126.669
Ruth,WEISS,3/14/2002,2fmpk3g96gbc42228,JKUE 618287798,227.552
Virginia,TRUJILLO,11/21/1998,2fmpk3j84hbc09276,HADG 723288039,946.925
Patricia,ELLISON,12/8/1982,2fmpk3j85hbb79415,ORAC 976633666,13.8663
Barbara,SLOAN,5/8/1983,2fmpk3j92hbc12542,BMYP 126135559,160.824
Karen,JUAREZ,7/6/1985,2fmpk3j95hbb73607,LRSD 408106016,119.989
Margaret,WINTERS,9/3/1991,2fmpk3j98gbb59781,DDNW 437864467,461.848
Phyllis,MCLEAN,6/2/1984,2fmpk3j9xhbb56401,CGEW 785494892,648.545
Anna,RANDOLPH,10/28/1987,2fmpk3k80gbc65759,WDLZ 481145539,915.221
Dorothy,LEON,1/28/1981,2fmpk3k95gbb76939,LNBL 459477589,100.857
Frances,BOYER,10/3/1993,2fmpk4g97gbc51848,CMDB 667695834,614.227
Josephine,VILLARREAL,9/10/1998,2fmpk4j87hbb21750,MMTE 166344274,70.557
Sally,MCCALL,7/7/1985,2fmpk4k96hbb16692,DITQ 654257567,393.746
Elsie,GENTRY,9/4/2000,2ftcf15y9eca14589,NSKR 255856745,496.431
Emily,CARRILLO,11/17/1982,2g1105s3xj9121918,VOTH 636853675,436.585
Lorraine,KENT,2/2/1988,2g1115s37g9109571,DSBF 569247229,293.177
Marilyn,AYERS,8/23/1992,2g1145s39g9185641,RHQV 244223582,244.069
Natalia,LARA,10/5/1994,2g11z5s30k9137729,SHVM 413080879,912.391
Sarah,SHANNON,1/31/1995,2g11z5s33k9132248,LQTF 498637631,566.164
Bertha,SEXTON,2/1/1993,2g11z5s37k9134455,YSZI 338984969,190.709
Betty,PACE,9/26/1990,2g11z5sa5k9140950,PEYI 463888871,34.7164
Grace,HULL,7/18/1991,2g11z5sa8k9139310,MMEN 518054912,431.844
Irene,LEBLANC,9/5/1998,2g11z5saxk9120208,IFZZ 703136678,813.904
Janet,BROWNING,8/25/1980,2g1fb3ddxb9212618,ISID 128834351,753.383
Judith,VELASQUEZ,10/21/1983,2g1fc3d32d9188287,TPUN 265149654,356.383
Marjorie,LEACH,2/24/1995,2g1ff1e3xf9185411,BLMB 800922524,997.97
Nancy,CHANG,8/11/1996,2g1fk1ejxa9163850,XQZW 808612558,35.6664
Pauline,HOUSE,4/4/1990,2g1wb58kx81220813,LILP 981146581,523.548
Mary,SELLERS,12/7/1993,2g4wc582961163677,CYBC 868599240,200.947
Barbara,HERRING,7/11/1993,2gcec19h8s1195266,CKQK 944110853,661.792
Patricia,NOBLE,1/2/1993,2gcrcpec4k1155751,VEDQ 598411594,699.787
Alice,FOLEY,7/18/1989,2gcvkpec1k1124569,XSDK 708766325,327.616
Annie,BARTLETT,5/10/2002,2gcvkpec4k1105269,XIKW 783071775,889.343
Helen,MERCADO,5/29/1982,2gkfltek2h6218025,KHMV 245756617,646.712
Margaret,LANDRY,6/21/2001,2gkfltek2h6317685,IYWK 918737343,341.482
Dorothy,DURHAM,3/25/1993,2gkfltek3h6256220,UNLL 130623638,50.1679
Marie,WALLS,11/14/1987,2gkfltek8h6226257,ZGCD 941030593,766.701
Sharon,BARR,4/24/1995,2gkfltek8h6338184,UBPX 902904355,803.33
Agnes,MCKEE,12/23/1997,2gkfluek3h6232330,JUUT 512789125,698.713
Betty,BAUER,6/9/2002,2gkfluek6h6317310,YDZK 709070550,681.922
Carol,RIVERS,2/9/1986,2gnalbek5f1140499,XTYT 983473733,904.187
Clara,EVERETT,7/26/1988,2gnalcek6h6288804,ZORK 252264250,312.94
Julia,BRADSHAW,7/5/2000,2gnalcek6h6289807,QKGS 989655812,752.479
Sally,PUGH,8/16/1984,2gnalcek7h1548351,DMPT 582907464,297.933
Anna,VELEZ,7/1/1982,2gnaldek2h1500410,BCFV 457105589,809.371
Carolyn,RUSH,2/6/1998,2gnaldek7g6323080,WTZW 856390143,189.064
Elizabeth,ESTES,6/2/1993,2gnaxhev8k6108774,ZTXX 244883413,591.111
Irene,DODSON,2/13/1980,2gnaxjev9j6276848,CWAU 540368643,53.4394
Judith,MORSE,11/10/1997,2gnaxkev1k6296972,AKRH 339957882,101.454
Lucy,SHEPPARD,11/25/1991,2gnaxkev2k6183550,FLQU 209995264,157.275
Martha,WEEKS,2/27/1979,2gnaxkev6k6186886,AVGF 242154452,244.149
Susan,CAMACHO,6/14/1981,2gnaxkev6l6128374,CCKB 682329706,136.171
Donna,BEAN,5/30/2000,2gnaxkev7k6197637,OBSM 958930874,589.119
Evelyn,BARRON,8/19/1980,2gnaxkevxk6199639,EOUF 944610519,58.0523
Florence,LIVINGSTON,9/5/1992,2gnaxsev1j6218321,BGST 396902376,889.553
Frances,MIDDLETON,7/9/1992,2gnaxsevxj6292207,WYYM 574202809,945.502
Judy,SPEARS,2/23/1996,2gnaxuev0k6196714,CMOJ 759859780,56.0222
Karen,BRANCH,2/26/1998,2gnaxuev3k6169765,FLVP 741019204,925.22
Nancy,BLEVINS,11/22/1984,2gnaxuev8k6190062,TENL 548072376,469.05
Rose,CHEN,5/17/1991,2gnfleek2h6351253,MQEH 664524621,256.969
Virginia,KERR,3/21/1986,2gnflfek3h6341370,NIDG 881627647,587.011
Diane,MCCONNELL,4/6/1984,2gnflfek3h6342356,QCAP 169325983,168.837
Gloria,HATFIELD,2/18/1994,2gnflfek4h6351292,TSBI 607779153,584.585
Janice,HARDING,3/5/1993,2gnflfek5e6237636,TNMP 146485736,476.355
Joanne,ASHLEY,9/28/1983,2gnflfek5h6341662,ZIHN 226030040,815.549
Katherine,SOLIS,4/13/1986,2gnflfek5h6351639,YZLC 826266894,926.068
Lillian,HERMAN,1/17/1993,2gnflfek7h6351433,IQPL 340523853,526.523
Marilyn,FROST,10/21/1986,2gnflfek8h6350288,RCYS 874195626,582.25
Pauline,GILES,1/18/1982,2gnflhe33f6214023,NLJO 708323537,729.398
Sandra,BLACKBURN,6/17/1984,2gtv2mecxk1173011,LIIX 799241803,225.236
Shirley,WILLIAM,10/6/1987,2hgfc2f52hh522914,LXGT 927257967,264.172
Theresa,PENNINGTON,12/14/2002,2hkrm3h45gh513861,BRKN 464587833,633.585
Mary,WOODWARD,8/18/1983,2lmpj6l91kbl31468,RWKH 804279364,538.175
Barbara,FINLEY,3/23/1996,2t2bzmca4hc087456,GYJF 356386490,16.6506
Patricia,MCINTOSH,5/15/1999,3c4njcbbxkt664931,BSDK 696744484,931.518
Judy,KOCH,9/23/1997,3c4njccb0kt676343,XWQF 371258853,347.546
Margaret,BEST,3/24/1983,3c4njccb3kt676336,ORQV 786823004,205.714
Nancy,SOLOMON,7/18/1995,3c4njccb4kt662767,BXCL 467987117,522.629
Alice,MCCULLOUGH,8/18/1987,3c4njccb7kt660088,WDGG 479251806,400.985
Carol,DUDLEY,5/2/2000,3c4njdcb3kt659526,ONJX 452339324,307.168
Helen,NOLAN,9/27/1999,3c4njddb0kt686052,AZMD 770357337,679.904
Karen,BLANCHARD,9/27/1980,3c4njddb7kt682015,UAGK 444956400,645.134
Martha,RIVAS,11/15/1990,3c4pdcab0ht524414,ZZXQ 314600473,443.339
Dorothy,BRENNAN,7/22/1980,3c4pdcab0jt444388,HSSK 821872317,269.022
Julia,MEJIA,6/2/1997,3c4pdcab0jt474412,DGHK 246621112,703.186
Sharon,KANE,3/23/1984,3c4pdcab2ft637813,RYBA 572835259,332.892
Ann,BENTON,4/28/2001,3c4pdcab2jt216649,UAVH 874266613,214.524
Elizabeth,JOYCE,12/16/1996,3c4pdcab6jt273002,FBFL 251899939,759.208
Pauline,BUCKLEY,4/4/1986,3c4pdcab7gt103739,LLLI 521935418,258.112
Marie,HALEY,3/16/1999,3c4pdcab8ht507652,GQUY 181236013,683.574
Agnes,VALENTINE,1/7/2000,3c4pdcab8jt166940,ZBHG 129362515,16.1775
Annie,MADDOX,2/28/1997,3c4pdcab8jt384019,VXKW 509183687,845.123
Evelyn,RUSSO,7/25/1993,3c4pdcabxht695526,GRZC 945364181,852.411
Florence,MCKNIGHT,8/11/1982,3c4pdcabxjt311007,DHZI 953104651,600.763
Judith,BUCK,5/24/1997,3c4pdcbb1jt319818,MUEX 751784492,321.478
Lucy,MOON,7/30/1999,3c4pdcbb9gt181387,GETB 203896286,667.96
Marilyn,MCMILLAN,7/9/1993,3c4pdcbg0ht518476,UAEC 198410229,526.83
Rita,CROSBY,3/8/1992,3c4pdcdg6ct146745,QXEA 331593976,848
Sally,BERG,6/18/1980,3c4pdceg4kt716822,CHLC 789080786,250.21
Anna,DOTSON,4/25/1983,3c4pdcgb7ft597655,KGQK 423985274,256.228
Ethel,MAYS,3/27/1994,3c4pdcgb7ht525941,JWJN 617156385,73.2357
Frances,ROACH,12/31/1999,3c4pdcgg0kt783155,MUYF 791539108,514.382
Janet,CHURCH,7/17/1998,3c4pdcgg0kt809995,BAWF 853675640,889.813
Lois,CHAN,8/5/1993,3c4pdcgg1jt257213,CWZH 187729762,611.411
Lydia,RICHMOND,6/15/2001,3c4pdcgg2jt378879,TKEF 885895190,531.033
Sarah,MEADOWS,4/2/1995,3c4pdcgg2kt803633,NPSE 535210915,821.331
Audrey,FAULKNER,11/18/1994,3c4pdcgg4kt707549,HNVQ 969915808,958.957
Betty,ONEILL,5/24/2000,3c4pdcgg5jt346413,PCVN 151567029,736.747
Ella,KNAPP,6/8/1983,3c4pdcgg9jt216280,ROJN 408461398,343.959
Esther,KLINE,7/18/1996,3c4pdcgg9jt352215,LQQL 798914306,359.942
Joanne,BARRY,3/24/1991,3c4pdcgg9kt700676,MFIQ 930254440,43.9153
Katherine,OCHOA,1/23/1988,3c4pddbg3kt708835,UEZN 462871481,23.8632
Linda,JACOBSON,11/9/1987,3c4pddbg6dt605945,YUWU 393273032,5.0762
Mabel,GAY,6/30/1999,3c4pddbg6ht592197,XJOT 506691422,487.254
Rose,AVERY,5/12/2002,3c4pddeg4ht608652,XLLH 892018386,292.886
Ruth,HENDRICKS,1/21/1990,3c4pddeg4kt738776,FSPV 966107494,708.262
Virginia,HORNE,8/16/1992,3c4pddeg7ht595704,NIKV 260482487,820.146
Mary,SHEPARD,7/28/1981,3c4pddeg9ht565166,UQEU 990332487,507.41
Patricia,HEBERT,9/11/1999,3c4pddfg9dt523590,MSZI 245334215,467.471
Judy,CHERRY,5/28/1982,3c4pddgg1jt523058,KGWZ 546354361,78.2579
Margaret,CARDENAS,11/3/1995,3c4pddgg5ht702827,TXLE 995768808,190.984
Sharon,MCINTYRE,3/5/1989,3c4pddgg6ht556180,KKXZ 250460835,483.648
Barbara,WHITNEY,7/1/1983,3c6jd6dtxcg183219,BNOL 310201515,923.381
Judith,WALLER,6/13/1990,3c6ud5dl9cg338415,OGAS 422942667,43.3947
Carol,HOLMAN,6/24/1988,3d73y4clxbg535425,EFTD 120335335,84.411
Martha,DONALDSON,11/25/1997,3d7ks28c15g771945,GOUC 580013607,244.858
Donna,CANTU,6/14/1989,3fa6p0g73hr140652,UVLF 586967144,711.355
Elizabeth,TERRELL,7/31/2000,3fa6p0h71fr180238,PPKN 110609305,611.241
Anna,MORIN,5/21/1998,3fa6p0h73hr358945,QOCF 620989104,92.8584
Virginia,GILLESPIE,6/2/1983,3fa6p0h74dr270819,LUHL 130764544,961.565
Helen,FUENTES,2/20/1980,3fa6p0h75hr150081,HQRB 537264597,867.469
Janet,TILLMAN,7/6/1982,3fa6p0hd2hr178393,FHIZ 779529906,166.094
Joan,SANFORD,9/23/1986,3fa6p0hd3hr199785,WTFH 455752141,475.947
Karen,BENTLEY,2/5/1986,3fa6p0hd7hr273550,GXOQ 969852319,757.282
Rose,PECK,7/18/1996,3fa6p0hd8hr305132,DHZF 454399566,777.505
Sandra,KEY,4/15/1990,3fa6p0hdxfr241138,ARGH 545701438,6.98012
Christine,SALAS,8/28/1985,3fa6p0hdxfr258523,TPTL 224722096,578.613
Dorothy,ROLLINS,7/13/1995,3fa6p0k93hr257687,NQYV 679814779,736.462
Jane,GAMBLE,5/24/1994,3fa6p0lu4hr246569,IRKO 683659489,743.727
Lois,DICKSON,7/7/1987,3fa6p0luxhr231039,JVWY 965668748,922.572
Sally,BATTLE,7/10/1988,3fa6p0ru0kr211641,GBTF 510536322,96.4041
Alice,SANTANA,9/27/1986,3fa6p0ruxkr244131,GFZN 368121049,787.642
Bertha,CABRERA,12/17/1990,3fadp4bj4km123235,DGCW 554360788,946.435
Betty,CERVANTES,3/21/1984,3fadp4bj7km123231,TKIR 718639533,101.48
Catherine,HOWE,12/6/1988,3fadp4bjxkm123238,ZAXK 296072486,274.897
Florence,HINTON,5/14/2001,3fafp37372r151014,WUKS 624213782,239.321
Frances,HURLEY,8/3/1989,3fahp06z07r118828,WYUP 752306073,809.743
Marie,SPENCE,4/21/1987,3fahp0ga3ar366961,CVKB 256896551,95.0427
Nancy,ZAMORA,12/2/1996,3fahp0ha5cr389742,XEPZ 395735076,746.73
Rosemary,YANG,3/18/1990,3fahp0ha6ar187697,GTMP 161856020,277.214
Sophie,MCNEIL,8/4/1995,3g1be6sm0hs561566,RPLO 474128753,173.301
Annie,SUAREZ,11/25/2002,3gcpcpeh2eg231868,ALUK 102999000,937.714
Arlene,CASE,5/23/1999,3gcpcrec2jg473991,NGCI 221023035,760.862
Bonnie,PETTY,8/31/1988,3gcpcrec6gg235750,GKRR 858080795,96.6814
Carolyn,GOULD,12/29/1980,3gcpcreh4eg204053,ZORP 528077286,981.109
Jean,MCFARLAND,11/10/1984,3gcpcse09dg282246,TWHF 597645073,845.273
Katherine,SAMPSON,4/29/1994,3gcpwaef0kg291601,SWBD 509967450,341.54
Lillian,CARVER,8/7/1996,3gcrkse37af234620,BDWW 504686971,692.463
Lorraine,BRAY,5/6/1988,3gcrkse37ag234620,AJVC 599967059,456.514
Lucy,ROSARIO,10/13/1989,3gcuknec6gg150809,QJCI 707481928,434.398
Molly,MACDONALD,6/1/2002,3gcuknec9gg224336,OIPF 125049455,654.029
Roberta,STOUT,6/29/1981,3gcuknec9gg342967,DYTL 906311014,323.983
Shirley,HESTER,4/10/1999,3gcukrec0gg380000,FDAG 236678373,600.492
Susan,MELENDEZ,8/28/1993,3gcukrec0hg249327,MIKJ 339670734,129.976
Mary,SMALL,9/27/1992,3gcukrec0jg176059,ZJNU 240995591,81.265
Patricia,MELTON,11/24/1990,3gcukrec2eg226031,FLVH 519627979,377.997
Carol,HENSLEY,7/3/1997,3gcukrec2jg216609,WVBL 775611448,136.956
Sharon,BOND,4/22/1995,3gcukrec3hg429109,ZPAS 143513760,659.878
Donna,DYER,8/2/2000,3gcukrec4gg223800,EXDE 112915405,114.459
Dorothy,CAMERON,1/28/1981,3gcukrec4hg196549,KRMV 240663265,880.683
Karen,GRIMES,1/11/1991,3gcukrec4jg204915,QUJD 116009238,582.45
Margaret,CONTRERAS,2/25/1991,3gcukrec5gg277008,WIAR 621640698,210.863
Nancy,CHRISTIAN,12/3/1990,3gcukrec5gg383569,TOLV 651171911,668.326
Helen,WYATT,7/24/1997,3gcukrec6eg373324,MUPM 993757205,528.885
Linda,BAXTER,2/14/1994,3gcukrec6hg356561,PQKT 549892552,312.343
Virginia,SNOW,7/11/1991,3gcukrec7hg170656,ODMA 848205073,943.222
Irene,MOSLEY,4/27/1985,3gcukrecxhg319917,NQUX 980901685,768.206
Martha,SHEPHERD,12/4/1986,3gcukreh0jg303596,JTDJ 810492910,122.086
Marie,SYKES,11/24/2002,3gcukreh2jg284677,TDZE 483287716,38.2648
Barbara,BENJAMIN,12/26/1981,3gcuksec0hg271643,ZRTO 962897503,514.936
Bonnie,TRAVIS,6/26/2001,3gcuksec3gg369662,GDVR 245777296,399.3
Elizabeth,PICKETT,12/30/1986,3gcuksec3hg222744,QFAD 890779526,211.565
Jane,CRANE,6/28/1981,3gcuksec6fg382971,AQXU 318675597,452.65
Judith,SEARS,2/14/1983,3gcuksec6gg284475,RDHU 587871893,160.162
Katherine,MAYO,10/17/2000,3gcuksej3fg195122,SOQR 561572246,308.247
Susan,DUNLAP,4/3/1987,3gcuksej4eg356687,PQKJ 755076998,433.758
Alice,HAYDEN,7/12/1995,3gcuksej6hg353147,OPIJ 270741580,5.43489
Anna,WILDER,10/12/1992,3gcuktec5gg350066,FAMG 335489978,649.787
Kathleen,MCKAY,10/9/1994,3gcuktec6hg222226,SGUP 229675822,126.222
Kathryn,COFFEY,11/9/1989,3gcuktej3hg475034,IHEQ 129114699,461.949
Lois,MCCARTY,10/23/1984,3gnal3ek3ds630172,RIQI 188814450,84.1846
Marilyn,EWING,1/23/1980,3gnaxkev2ll125886,JYRU 110523330,780.251
Roberta,COOLEY,2/5/2002,3gnaxuev8ks588177,WIXE 357774463,785.932
Ann,VAUGHAN,4/10/1999,3gncjksb6hl148082,DJSQ 729764298,684.677
Betty,BONNER,3/3/1986,3gncjksbxll181398,WJWQ 657799595,910.227
Clara,COTTON,7/12/1998,3gncjlsb1ll142267,XZGB 969597935,867.197
Lucy,HOLDER,3/28/2000,3gncjlsb4ll149763,JTYA 637130856,62.6739
Ruth,STARK,9/22/1986,3gncjnsb1gl264970,YJAP 186845776,47.1826
Sally,FERRELL,5/15/1995,3gnek12t74g240524,ILMF 232568940,527.075
Shirley,CANTRELL,10/11/2001,3gnfk12387g179905,EJAX 656370814,177.133
Caroline,FULTON,12/4/1984,3gnfk16307g310044,QTJM 993831252,927.866
Diane,LYNN,1/5/2001,3gntkge3xbg398052,IJJO 445778785,109.525
Edith,LOTT,1/9/1995,3gyfnae36gs538333,YYFX 512582992,387.996
Jean,CALDERON,11/18/1998,3gyfnee39fs587810,IVHJ 937065094,596.191
Kathy,ROSA,3/24/1981,3kpc24a34ke050725,LRWY 477806925,638.409
Loretta,POLLARD,12/10/1984,3kpfk4a77je198723,MCGM 885576746,700.34
Maria,HOOPER,11/17/1992,3kpfl4a79je272611,FCTO 996936366,539.413
Myra,BURCH,2/9/1990,3n1ab7ap0hy260843,DXZM 629560661,406.615
Pauline,MULLEN,10/21/1983,3n1ab7ap0hy315498,LLKQ 513215596,822.426
Mary,FRY,10/15/1994,3n1ab7ap1hl639346,IZDQ 394772293,577.678
Linda,RIDDLE,12/15/2001,3n1ab7ap1hy310259,OBZL 389602011,921.551
Barbara,LEVY,12/15/1981,3n1ab7ap2jy244200,WXDC 107163069,221.726
Sharon,DAVID,8/16/1984,3n1ab7ap5hy411143,CIMW 456440517,789.244
Martha,DUKE,5/12/1990,3n1ab7ap5jy293102,CZUB 905317603,374.201
Susan,ODONNELL,6/17/1980,3n1ab7ap6hy249992,GMXQ 508610720,381.888
Patricia,GUY,8/17/1998,3n1ab7ap7hy223787,FYDJ 228731034,97.4906
Betty,MICHAEL,3/13/1982,3n1ab7apxhy232807,LYQL 611798057,807.959
Elizabeth,BRITT,9/18/1994,3n1ab7apxhy302645,QHHU 442248395,387.323
Kathleen,FREDERICK,10/13/2000,3n1cn7ap5jl872135,RXSE 440114803,747.277
Marie,DAUGHERTY,6/6/1993,3n1cn7ap5jl882275,PHSJ 761971058,934.181
Janet,BERGER,5/6/1980,3n63m0yn5fk720622,EQVB 401368988,849.272
Judith,DILLARD,5/4/1991,3n63m0yn6hk696088,ZHEC 321595252,831.462
Ruth,ALSTON,8/23/2002,4jgda5gb4kb204919,TNPK 689409461,714.432
Nancy,JARVIS,1/4/1990,4jgda5hb2fa567147,ZBFH 950808683,635.204
Pauline,FRYE,2/19/1998,4jgda5jbxjb046383,PZSH 846165190,516.139
Clara,RIGGS,11/9/1987,5fnrl5h65gb151898,LXLE 240653617,624.658
Jean,CHANEY,12/16/1999,5fnrl5h96fb012419,TIXP 347568654,502.401
Judy,ODOM,8/5/1986,5fnyf4h26fb052452,DOQI 436204944,578.813
Margaret,DUFFY,7/30/1999,5fnyf4h99ab034386,ICEX 677999512,671.841
Virginia,FITZPATRICK,2/12/1985,5fryd3h20eb002546,CXOI 547104149,29.4762
Annie,VALENZUELA,2/24/1989,5gaevbkw8kj293388,JYDC 250865040,755.945
Carol,MERRILL,8/6/1993,5gakrckdxhj113512,HODS 326448201,599.707
Edna,MAYER,7/25/1995,5gakvbkd8gj196085,LMAI 733564179,139.001
Helen,ALFORD,1/27/1989,5gakvckd2hj308564,KLQB 173561066,143.942
Joyce,MCPHERSON,10/30/1992,5gakvckd5hj216221,HJWL 809332834,195.898
Karen,ACEVEDO,2/27/1982,5j6rw1h81hl005542,JOEY 339443135,777.41
Katherine,DONOVAN,1/27/1988,5j8tb18578a010979,IIVL 903178794,844.281
Lorraine,BARRERA,4/15/1999,5n1at2mn5gc894272,CTZG 472615899,735.311
Alice,ALBERT,2/22/1980,5n1at2mv4hc773816,RRZR 526597089,184.025
Ann,COTE,5/3/2002,5n1dl0mm1kc552741,BCLR 986478675,666.707
Bonnie,REILLY,10/7/1988,5n1dl0mm2kc556913,FZMC 216233814,312.99
Carolyn,COMPTON,5/25/1982,5n1dl0mm3kc557634,TMZX 474001998,105.576
Christine,RAYMOND,1/12/1986,5n1dl0mm9kc550722,WGTS 475826665,888.433
Diane,MOONEY,6/12/1981,5n1dl0mm9kc556522,DULC 724215214,102.233
Donna,MCGOWAN,12/6/2000,5npd84lf5kh403222,XUSW 127454585,479.777
Grace,CRAFT,2/11/1999,5npd84lf6hh128808,RYOD 515337782,270.321
Marilyn,CLEVELAND,6/12/1996,5npd84lf6kh456317,RJPE 653737031,199.724
Rose,CLEMONS,4/22/1993,5npdh4ae0eh480157,AXYZ 518310192,287.736
Sarah,WYNN,5/26/1981,5npdh4ae3fh644096,JVBC 835970930,657.643
Shirley,NIELSEN,5/6/1981,5npeb4ac2ch437716,TGIE 579755801,947.001
Anna,BAIRD,9/30/1983,5sfbg3524be216811,JCDB 422494077,221.918
Beverly,STANTON,10/9/1988,5sfbg3823ae204868,PTXD 991401443,506.915
Darlene,SNIDER,2/10/1983,5sfgf29269e031344,NVFD 871017357,778.463
Dorothy,ROSALES,2/24/1991,5sfnb2425ce237109,RDWQ 969761524,936.349
Irene,BRIGHT,1/23/2000,5sfpb3326je365727,SZXT 180905276,142.119
Joan,WITT,12/26/1981,5uxwx7c3xh0u44145,LMJU 187866835,294.601
Lucy,STUART,8/9/1989,5uxwx9c51h0t09021,SDUV 711345867,561.007
Mattie,HAYS,3/20/1998,5uxwx9c57d0a24286,ULXS 264525867,644.52
Sophie,HOLDEN,4/30/1995,5xypg4a59lg616029,UGJZ 613231080,873.414
Mary,RUTLEDGE,5/10/1986,5xypgda39hg262132,IRMF 415037753,232.848
Patricia,KINNEY,7/1/1990,5xypgda51hg221253,OXHM 358267762,673.996
Alice,CLEMENTS,11/26/1989,5xypgda59hg292944,JYDS 692758394,629.359
Barbara,CASTANEDA,1/29/1995,5xyphda50hg232046,VLWP 744791350,832.555
Susan,SLATER,7/3/2002,5xypkda50hg299327,AKSY 343636506,812.997
Carol,HAHN,5/4/1997,5ymkt6c37h0x20696,HSIQ 180056014,773.301
Linda,EMERSON,6/2/1990,8btpe7dd4ge127040,RZJD 731840308,28.4525
Shirley,CONRAD,11/22/1986,jhmze2h34es000337,QSDY 298042667,590.407
Elizabeth,BURKS,9/29/1993,jm1dkbd74g0123647,UIDY 262949964,617.582
Janet,DELANEY,2/8/1984,jm3er293590215768,VTMR 135129198,763.764
Marie,PATE,6/19/1983,jn1by1ar7gm271292,TSUL 445161067,774.432
Helen,LANCASTER,11/4/1990,jn8az2ne0k9233910,WSJE 696014732,284.289
Margaret,SWEET,4/30/1995,jn8az2ne8k9236456,CWJL 435700950,76.7534
Nancy,JUSTICE,12/31/1986,jn8az2ne9k9229368,PCSS 994631909,880.009
Phyllis,TYSON,12/17/1985,jn8az2nexk9236037,WNIZ 122381755,172.722
Dorothy,SHARPE,9/29/1986,jn8az2nexk9236071,JVFW 513921475,178.987
Marilyn,WHITFIELD,3/12/1989,jn8az2nf9k9685086,PPFK 560793071,359.786
Sandra,TALLEY,6/9/1990,jtezu11f88k007763,XGTH 131548065,443.043
Annie,MACIAS,1/29/1983,jtjam7bx4l5251250,DJHM 493743920,378.71
Ellen,IRWIN,3/3/1982,kl1td66e39b645208,HCXZ 818378467,647.522
Grace,BURRIS,5/16/1987,kl4cj1sb6jb688844,XWIG 836237087,100.686
Judy,RATLIFF,11/12/2001,kl4cjbsb4gb700424,UQRA 861409090,325.711
Lucy,MCCRAY,4/21/1980,kl4cjcsb1hb024411,EQBK 528427318,869.44
Ruth,MADDEN,8/19/1980,kl7cjpsb3gb750120,CHHW 123051250,607.6
Agnes,KAUFMAN,10/18/1980,kl7cjpsbxjb710284,SZYA 616465466,104.174
Diane,BEACH,2/8/1992,kl7cjrsb9gb542870,SHOQ 534433924,805.789
Donna,GOFF,7/13/1990,kl8cb6sa3jc459211,KNDS 345835673,749.719
Katherine,CASH,1/28/1999,km8j23a44ku882752,ZNKQ 808133419,398.775
Anna,BOLTON,3/29/1982,km8j23a45ku893842,XVEY 596572609,366.796
Darlene,MCFADDEN,4/5/1980,km8j23a4xku846404,FBOM 321372350,394.239
Evelyn,LEVINE,8/16/1982,km8j33a49ku860727,DFXB 921241423,272.189
June,GOOD,7/11/1993,km8jucag9fu984199,JUNY 295586218,599.644
Kathryn,BYERS,7/21/2002,km8k12aa0ku242609,UIYX 453859785,68.2348
Lorraine,KIRKLAND,7/9/1994,kmhd84lf4ku746279,SWPD 167354880,901.549
Martha,KIDD,7/4/1985,kmhd84lf5hu191402,DAJI 576601390,432.199
Virginia,WORKMAN,2/7/1997,knafg525787197602,POAE 980299985,881.232
Bonnie,CARNEY,7/24/1980,knagm4a75d5378293,YHGV 145530197,674.85
Carrie,DALE,5/24/1989,kndjp3a55k7006351,MFCZ 397630787,460.652
Elena,MCLEOD,6/30/1987,kndjx3ae3g7012477,MUNL 256719398,471.639
Francine,HOLCOMB,7/7/1985,kndpn3ac7h7113313,PDOF 715589626,292.432
Ida,ENGLAND,8/26/1988,nm0ls7e76h1312963,CJHL 342726014,224.415
Janice,FINCH,3/11/2000,nm0ls7e79h1312701,GBGH 721517918,246.071
Judith,HEAD,2/28/1985,sajbd4fx6kcy78964,HGNO 301473067,576.721
Karen,BURT,10/15/2000,salcp2rx0jh740860,VAIY 186134014,301.169
Kathleen,HENDRIX,12/2/1983,salcp2rx6jh739311,MLUA 121731908,126.08
Louise,SOSA,9/5/1986,salcp2rx7jh741147,MPAB 881307689,749.443
Pamela,HANEY,10/22/1991,salrr2rk0ja052195,HDDO 820426886,480.156
Pauline,FRANKS,3/3/1986,wa1by74l38d010163,VVRC 643480064,485.866
Rose,SARGENT,7/18/1980,wa1l2afpxha049370,XKKK 227985755,192.486
Sharon,NIEVES,9/3/2002,waudg74f05n113751,MGZU 949411384,858.866
Mary,DOWNS,2/21/1984,wba3b5g54ens10419,AHQU 257377808,133.388
Patricia,RASMUSSEN,12/26/2002,wba3d5c51ekx97650,MHXM 378489905,293.171
Margaret,BIRD,3/30/1987,wba4f9c51hg439932,SUMW 397428146,184.577
Susan,HEWITT,2/23/1985,wba7e2c58hg739412,CSET 405973645,2.82779
Linda,LINDSAY,4/22/1995,wba7f2c55gg415264,IQES 811265181,900.772
Barbara,LE,7/14/1996,wba7f2c57gg419607,DFHC 138659274,288.752
Karen,FOREMAN,1/7/2000,wba7f2c57gg421020,LCIB 111006415,808.617
Carol,VALENCIA,4/13/1993,wba7f2c58gge12300,QOEN 912817319,650.491
Betty,ONEIL,5/28/1995,wba7t2c04lgl17687,NGVZ 140220185,687.527
Helen,DELACRUZ,4/20/1985,wbaam3346yfp77118,EBVI 202162988,175.413
Sharon,VINSON,6/24/1986,wbaja7c31hg905802,PQMU 838730724,44.7295
Jean,DEJESUS,6/23/2001,wbaph7g58bnn05983,NXOU 431258609,959.716
Kathleen,HYDE,10/30/1997,wbawb33548p132854,PGCX 101132038,775.058
Martha,FORBES,1/3/1997,wd4pe7dd1gp253504,ANWE 372775928,112.964
Nancy,GILLIAM,9/12/1990,wdc0g4jb4jv097463,XSHS 146095100,861.265
Alice,GUTHRIE,6/30/1983,wddhf5kbxfb099457,KWUG 728960758,207.257
Judy,WOOTEN,4/1/1993,wddjk7ea3hf044968,PVWB 284045065,994.196
Marie,HUBER,11/10/1998,wddwk4jb2jf613298,FONU 658766151,536.115
Sandra,BARLOW,7/21/1984,wddzf4jb6ha277485,NJPQ 413541543,667.908
Ann,BOYLE,10/31/1982,wf0dp3th0g4113219,XQUT 352089594,465.835
Bonnie,MCMAHON,1/16/1996,wuac6bfr0fa901212,WQND 844102568,828.546
Cheryl,BUCKNER,1/31/1990,zam57xslxh1248775,GOFA 421248125,892.324
