2008,toyota,cruiser,6300,black,19uua96529a004646,274117
2011,ford,se,2899,silver,19xfb2f81fe252000,190552
2018,dodge,mpv,5350,silver,1b7hc16x01s213315,39590
2014,ford,door,25000,blue,1b7hg38n62s587845,64146
2018,chevrolet,1500,27700,red,1c3bc1fg1bn519076,6654
2018,dodge,mpv,5700,white,1c3cccab7fn613884,45561
2010,chevrolet,pk,7300,black,1c3cdfaa2fd144750,149050
2017,gmc,door,13350,gray,1c3cdfbaxed815126,23525
2018,chevrolet,malibu,14600,silver,1c3cdfbb3fd213551,9371
2017,ford,mpv,5250,black,1c3cdfbb5fd213552,63418
2009,dodge,coupe,10400,orange,1c3cdfbb6gd515496,107856
2017,gmc,mpv,12920,white,1c3cdfbb8gd766472,39650
2018,chevrolet,1500,31900,black,1c3cdfcb9dd329946,22909
2017,chrysler,wagon,5430,gray,1c3cdfcb9fd102064,138650
2013,ford,door,20700,black,1c3cdffh0gd823262,100757
2017,gmc,door,12710,white,1c3cdzab0en111068,25747
2018,kia,forte,5200,blue,1c3cdzag7cn309641,46194
2018,buick,encore,16500,red,1c3cdzcb5dn552741,20002
2017,ford,mpv,5210,white,1c3cdzcb6dn599101,35714
2013,ford,door,38100,gray,1c3lc66m77n591138,54380
2017,gmc,door,12520,white,1c4hjxeg0kw596497,30114
2018,kia,forte,7300,black,1c4hjxeg1kw608401,38823
2015,chevrolet,door,15000,black,1c4hjxeg1kw609998,61578
2017,ford,mpv,6180,blue,1c4hjxeg2kw600727,46010
2013,ford,door,20800,silver,1c4hjxeg5kw608448,105510
2017,gmc,door,11900,silver,1c4hjxeg7kw589272,28040
2020,kia,sorento,21500,blue,1c4hjxeg7kw590115,11451
2014,buick,door,12000,brown,1c4hjxeg8kw651309,31039
2017,ford,doors,4190,white,1c4hjxegxkw589301,44174
2008,ford,chassis,13000,white,1c4hjxegxkw600703,93698
2017,gmc,door,12710,silver,1c4njrfb0ed707552,26364
2016,infiniti,q70,18500,gray,1c4pjldb3kd419559,71967
1973,chevrolet,camaro,29800,red,1c4pjldbxkd300679,46226
2017,ford,mpv,5330,no_color,1c4pjllb6kd184477,37792
2003,ford,convertible,13000,gray,1c4pjmbx2kd360704,58817
2017,gmc,door,11900,black,1c4pjmbx6kd298174,27965
2016,mercedes-benz,vans,16600,white,1c4pjmbx6kd298806,110907
2018,chevrolet,1500,19200,white,1c4pjmdx4kd197521,2430
2017,ford,mpv,7320,gold,1c4rdhdg0kc557042,32366
2003,ford,pk,7000,white,1c4rdhdg1kc557017,176567
2017,gmc,door,12710,white,1c4rdhdg3kc675893,30049
2016,mercedes-benz,vans,16600,white,1c4rdhdg3kc769255,97983
2018,chevrolet,1500,30500,red,1c4rdhdg4kc769457,30442
2017,ford,mpv,6330,red,1c4rdhdg6kc557000,38123
2017,ford,srw,55000,black,1c4rdhdg7kc675959,15273
2017,gmc,door,12520,black,1c4rdjag5gc486469,28972
2019,jeep,compass,16200,red,1c4rdjdg2jc329601,30061
2017,chevrolet,malibu,19000,white,1c4rdjdg2kc780335,18414
2017,dodge,mpv,5580,gray,1c4rdjdg3dc674852,46829
2017,ford,srw,54000,black,1c4rdjdg5kc733915,26241
2017,gmc,mpv,12710,red,1c4rdjdg5kc744770,39886
2019,jeep,compass,16000,silver,1c4rdjdg6kc684983,31594
2017,buick,enclave,27000,no_color,1c4rdjdg6kc701149,32107
2017,ford,mpv,7760,gray,1c4rdjdg6kc770276,44794
2019,chrysler,300,19600,gray,1c4rdjdg7kc780041,42648
2017,gmc,mpv,12920,silver,1c4rdjdgxkc744523,39165
2019,jeep,cherokee,20000,charcoal,1c4rdjdgxkc770197,38355
2017,buick,door,18100,silver,1c4rdjeg3ec591566,46766
2020,chrysler,pacifica,23000,white,1c4rdjeg3fc112029,2473
2019,chrysler,300,18500,gray,1c4rjebg1kc776053,38586
2017,gmc,door,13490,white,1c4rjfbg4ec441069,27842
2019,jeep,cherokee,20700,white,1c4sdhct3kc769532,31156
2017,chevrolet,door,17800,black,1c4sdhctxhc936557,52435
2017,ford,door,6650,black,1c4sdjct1jc174166,29942
2019,chrysler,pacifica,29100,red,1c4sdjct2kc576022,25281
2017,gmc,door,12710,silver,1c4sdjct5kc738497,32504
2019,jeep,cherokee,21100,silver,1c4sdjct5kc744865,28649
2017,chevrolet,door,18600,white,1c4sdjct6kc717612,35200
2017,ford,door,4340,silver,1c4sdjctxkc691872,25602
2019,chrysler,300,19300,gray,1c4sdjet3kc625404,34801
2017,gmc,door,12780,black,1c6rd7ft0cs326533,31009
2019,jeep,compass,15800,charcoal,1c6rd7ft6cs238912,35595
2017,bmw,x3,29400,black,1c6rd7ht8cs279667,23765
2017,ford,door,4430,black,1c6rd7lt4cs187334,31792
2019,chrysler,300,19400,gray,1c6rr7pt3hs659994,33135
2017,gmc,door,12520,red,1d7ks28c96j246101,30636
2019,jeep,compass,15900,red,1d7rw3gp7bs614101,34502
2017,buick,door,26400,white,1fadp3e24hl348263,25434
2017,ford,door,4140,black,1fadp3f20el320177,36732
2019,chrysler,300,18300,gray,1fadp3j2xjl279400,41792
2017,gmc,door,12520,black,1fadp3k23jl219764,31992
2019,jeep,compass,17900,red,1fadp3k26el249167,32501
2017,chevrolet,camaro,18300,black,1fadp3m26jl307477,28395
2017,ford,door,4640,blue,1fadp5au3fl108248,36139
2016,ford,door,24000,black,1fadp5auxhl109013,84413
2017,gmc,door,13200,white,1fafp34p7yw270338,33457
2019,jeep,compass,18000,gray,1fafp36n06w137851,29245
2017,chevrolet,equinox,14900,silver,1fafp55u03a242094,12783
2017,ford,door,4140,white,1fahp35n09w109143,17617
2016,ford,door,11500,black,1fahp60a63y107799,36855
2017,ford,door,9110,white,1falp62w5th144314,110316
2015,chrysler,door,7350,black,1fatp8uh2k5188622,88227
2017,bmw,door,24500,gray,1fatp8uh4k5177265,17626
2017,ford,door,9300,white,1fatp8uh7k5172626,120353
2015,dodge,challenger,39800,white,1fatp8uhxg5296168,3641
2017,bmw,m,53500,blue,1fbax2cv0hkb32599,29355
2017,ford,door,15110,black,1fd8w3gt0beb32874,39333
2015,ford,door,34000,white,1fd8w3ht1kee23298,42930
2017,chevrolet,colorado,26502,black,1fd8w3ht4hed36245,24993
2017,ford,mpv,5990,black,1fdee14n7rha47894,44929
2018,ford,focus,13600,black,1fdfe4fs7eda23699,16971
2017,cadillac,door,23605,gray,1fduf5gt8bea80212,35598
2017,ford,mpv,10780,white,1fdwf37r28eb95687,40455
2018,ford,focus,13800,white,1fdxf46p35ea79064,23164
2017,cadillac,door,25201,no_color,1fdxf46r08ea18180,19011
2017,ford,mpv,7070,white,1fm5k7b86hga87008,45191
2018,ford,focus,8700,white,1fm5k7d82hgb21314,21405
2017,chevrolet,malibu,18003,no_color,1fm5k7d82hgb39148,19117
2017,ford,door,8530,black,1fm5k7d84hgc31359,42104
2018,dodge,durango,23100,white,1fm5k7d88fga24308,49496
2017,cadillac,door,24500,white,1fm5k7d8xhga68751,32418
2017,ford,mpv,7000,white,1fm5k7dh9hgb05630,29882
2018,ford,escape,17000,gold,1fm5k7f80hga03159,34819
2017,chevrolet,1500,34002,white,1fm5k8f80hgc67231,31923
2017,ford,mpv,6980,gray,1fm5k8f81egb23411,29168
2018,dodge,charger,25000,silver,1fm5k8f8xggc51519,28307
2017,chevrolet,colorado,20802,turquoise,1fm5k8fh9ggc37790,33791
2017,ford,door,9200,black,1fm5k8gt9ega74266,21770
2017,chrysler,pacifica,26500,gray,1fm5k8ht0hga07252,18375
2017,chevrolet,colorado,24802,gray,1fmcu03128kc80487,14158
2017,ford,mpv,7070,black,1fmcu0f78gub36672,30318
2017,ford,door,28500,red,1fmcu0g95huc13712,48086
2017,cadillac,door,47500,black,1fmcu0g9xeud52262,26562
2017,ford,explorer,23500,black,1fmcu0gd5huc78080,57611
2017,chevrolet,colorado,23505,black,1fmcu0gd5hud08310,47357
2017,ford,door,10940,white,1fmcu0gd7huc86259,84916
2017,ford,f-150,32100,gray,1fmcu0gd8huc93883,24521
2018,chevrolet,3500,53000,black,1fmcu0gd9huc37922,16105
2017,ford,mpv,6830,gold,1fmcu4k37akb80224,35888
2017,dodge,caravan,11900,gray,1fmcu9gd2huc27625,59537
2017,chevrolet,1500,26414,black,1fmcu9gx9gua57286,55222
2018,dodge,mpv,4160,gray,1fmcu9hd6juc54783,32870
2017,chevrolet,door,19405,silver,1fmdu35p7vub38059,39687
2018,dodge,mpv,5690,silver,1fmeu7de5aua53694,47085
2017,chrysler,van,25900,silver,1fmfu16lx4la45470,32224
2017,chevrolet,1500,24005,beige,1fmfu18l84lb61201,51293
2018,dodge,mpv,5090,gray,1fmjk1ht3gef52975,42989
2017,chrysler,300,19500,gray,1fmzk04136ga07119,31311
2017,chevrolet,1500,32012,white,1fmzk1cm1hkb51026,46091
2016,dodge,dart,6800,black,1fmzk1cm7hkb51015,49033
2018,dodge,mpv,4260,gray,1fmzk1cmxhkb51025,33957
2008,dodge,van,0,orange,1ft7w2b60geb96643,177948
2017,chevrolet,2500,31802,silver,1ft7w2b60hec03964,19845
2018,dodge,doors,7210,black,1ft7w2bt0hef21363,38910
2014,dodge,door,0,silver,1ft7w2bt3heb19966,123660
2017,chevrolet,1500,28402,black,1ft7w2bt3hed62547,31234
2018,dodge,doors,6800,gray,1ft7w2bt3hef41039,36767
2015,cadillac,esv,33300,gray,1ft7w2bt6heb60592,57932
2018,dodge,mpv,10780,white,1ft7w2bt7hec41164,19420
2014,ford,cutaway,6700,beige,1ft7w2bt7hec67263,204155
2016,chevrolet,1500,20000,white,1ft7w2bt8hec67434,93493
2018,chrysler,doors,6440,gray,1ft7w2btxgeb64448,20942
2016,ford,door,19900,gray,1ft7w3bt0hef02785,86826
2015,chevrolet,door,37000,white,1ft7w3bt5hee88155,45787
2018,dodge,mpv,4040,red,1ft7x2b62eea29551,50765
2016,ford,explorer,22300,black,1ft8w3b61fec52078,62774
2011,chevrolet,door,31200,gray,1ft8w3bt3kee15023,76326
2018,dodge,mpv,4290,white,1ft8w3dt5deb68569,39029
2016,ford,el,22800,silver,1ft8w3dt8hec12120,72885
2016,cadillac,door,19002,white,1ft8w4dtxhed96692,46467
2018,dodge,mpv,4160,gray,1ftdf15y2rnb12612,6743
2016,ford,edge,18500,white,1ftdf18w8vna61251,33514
2016,bmw,series,39000,blue,1ftef15n0tlc14455,39917
2018,dodge,doors,6060,black,1ftew1cf3fke12825,32504
2016,ford,door,28800,white,1ftew1cf3hfb78746,77638
2016,bmw,series,40000,gray,1ftew1cf6ffc68843,31727
2018,dodge,doors,6140,silver,1ftew1cf8gkd34592,52966
2016,ford,flex,21000,gray,1ftew1cg0ffa89853,24157
2016,buick,door,20105,beige,1ftew1cg4ffa66589,51393
2018,dodge,doors,6760,white,1ftew1cm0bfc14625,35461
2014,ford,door,25800,brown,1ftew1cp2gke43168,47055
2016,bmw,series,39000,black,1ftew1e41kfb69644,33110
2018,dodge,mpv,5470,black,1ftew1e41kfb70194,39721
2014,ford,door,14600,black,1ftew1e42kfb37902,75785
2016,chevrolet,1500,24502,black,1ftew1e45kfb69856,33624
2017,ford,door,15110,white,1ftew1e47kfb69647,42289
2014,ford,door,7900,white,1ftew1e48kfb37676,79422
2016,chevrolet,door,27305,blue,1ftew1e48kfb37905,28844
2017,ford,door,15290,white,1ftew1e49kfb96784,66582
2015,ford,door,26500,silver,1ftew1e50kfb51192,61436
2016,chevrolet,door,25502,silver,1ftew1e53kfb37982,58303
2017,ford,mpv,7320,white,1ftew1e54kfa00453,55618
2009,chevrolet,van,3800,white,1ftew1e55kfb51169,261648
2016,chevrolet,door,24502,white,1ftew1e55kfb69820,33045
2017,ford,door,4140,white,1ftew1e55kfb96628,40747
2002,dodge,pk,1400,black,1ftew1e59kfb37727,185460
2016,cadillac,srx,18402,gray,1ftew1e59kfb37761,26667
2017,ford,door,4160,white,1ftew1e59kfb37887,37176
2000,chrysler,door,175,red,1ftew1e59kfb69755,231240
2016,chevrolet,colorado,24503,brown,1ftew1ef1hke25038,18006
2017,ford,door,15840,white,1ftew1ef2hfb83224,72445
2014,ford,door,20500,black,1ftew1ef3hfb27101,123355
2016,chevrolet,1500,21003,silver,1ftew1ef3hfc22483,44116
2017,ford,door,4200,red,1ftew1ef4hfa16802,60219
2011,ford,door,17400,red,1ftew1efxhkc69002,135077
2016,chevrolet,door,32001,black,1ftew1eg0ffb32472,32058
2017,ford,mpv,0,white,1ftew1eg0hfb93193,76858
2011,ford,cab,15700,white,1ftew1ep1gfc64335,309564
2016,chevrolet,door,31009,white,1ftew1ep1kfb50960,33928
2017,ford,wagon,3740,white,1ftew1ep2hkd15978,90618
2001,dodge,pickup,5000,white,1ftew1ep2kfb70022,109360
2016,chevrolet,door,31002,white,1ftew1ep3hfb25518,71809
2017,ford,doors,3160,gray,1ftew1ep4hfb44546,31563
2005,dodge,pickup,8600,gray,1ftew1ep4hkc08477,219823
2018,chevrolet,malibu,6000,gray,1ftew1ep6kfb85302,42090
2017,ford,door,12990,white,1ftew1ep8hfa10123,126523
2020,chevrolet,vehicl,25,black,1ftew1epxhfb71427,7232
2017,buick,encore,13200,black,1ftex1e83hfb13813,60171
2017,ford,wagon,4410,white,1ftex1ep1gfd60365,209915
2005,chrysler,door,25,silver,1ftfw1e40kfb69655,151815
2020,chevrolet,camaro,22500,green,1ftfw1e43kfb97031,13826
2017,ford,mpv,7420,white,1ftfw1e51kfb70029,55854
2016,ford,door,13500,silver,1ftfw1e51kfc13333,45757
2020,chevrolet,trax,15500,white,1ftfw1e52kfb51151,16545
2017,ford,door,3540,white,1ftfw1e53kfc33535,112893
2016,ford,door,17000,no_color,1ftfw1e55kfb37583,126802
2020,chevrolet,tahoe,45500,white,1ftfw1e58kfb37772,13303
2017,ford,door,4130,silver,1ftfw1e58kfb69878,34061
2015,ford,door,15700,white,1ftfw1e5xkfc33564,70251
2020,chevrolet,tahoe,45500,gray,1ftfw1ef1bfa03548,13679
2017,ford,doors,4130,gray,1ftfw1ef1gfb13670,42426
2012,dodge,door,15500,black,1ftfw1ef4hkc50286,66452
2020,chevrolet,trax,16300,white,1ftfw1ef5hfb70262,18221
2017,ford,mpv,4530,white,1ftfw1ef5hkc50264,41455
2011,dodge,door,15600,black,1ftfw1ef9gkf57726,35275
2020,chevrolet,tahoe,45500,white,1ftfw1efxdfa01008,13885
2017,ford,door,4100,gray,1ftfw1eg1hfb38806,38815
2011,dodge,door,18200,white,1ftfw1eg1hfb78397,162281
2013,chevrolet,door,10200,black,1ftfw1eg1hke28907,56479
2017,ford,doors,4080,black,1ftfw1eg3hfc66707,61027
2014,ford,van,5700,white,1ftfw1et3cfb01665,178703
2014,chevrolet,3500,10200,white,1ftfw1et4efc23745,173469
2017,ford,door,5000,white,1ftfw1et7dfa47790,37321
2014,ford,door,1700,white,1ftfw1et9efb99877,112789
2011,bmw,door,6200,gray,1ftfx1ef0gkf25969,80394
2016,ford,door,3650,white,1ftfx1ef5hke41700,68142
2014,dodge,door,10500,white,1ftfx1ef7gkd59790,74203
2018,chevrolet,2500,43500,white,1ftfx1ev7akc32939,57604
2016,dodge,van,4610,silver,1ftmf1c85fkd31564,87229
2012,ford,door,3450,white,1ftmf1ef2hfb83980,90711
2018,chevrolet,suburban,38500,silver,1ftne24293hb19928,11135
2016,ford,mpv,6810,silver,1ftne2ew6bda76057,66781
2011,ford,cargo,2900,white,1ftnx20p73ed69682,190994
2018,chevrolet,2500,43500,white,1ftpw14v66fa82105,56007
2016,ford,mpv,4450,white,1ftrf18l7wka62471,32486
2011,ford,door,5800,white,1ftrw08l61kc05834,195908
2018,chevrolet,equinox,16500,silver,1ftrx17w41nb80705,18020
2016,dodge,mpv,4240,white,1ftss3el7eda50076,83262
2008,ford,pickup,26500,white,1ftxw43r18eb10682,62015
2017,chevrolet,equinox,13700,silver,1ftyr10d19pa60391,36421
2016,ford,door,8600,white,1ftzx0766wka18481,73321
2008,ford,chassis,8000,white,1g1105s31lu100901,132379
2017,chevrolet,equinox,14200,silver,1g1105sa9hu160835,28013
2016,ford,mpv,7040,silver,1g11b5sl5ff135735,33291
2005,ford,chassis,4700,no_color,1g11c5saxdf350889,225236
2016,chevrolet,door,30851,red,1g11c5sl0ff208474,43176
2016,ford,mpv,4880,silver,1g11c5sl8ff311156,36876
2006,dodge,pickup,14500,silver,1g11z5s37ku129047,111782
2017,chevrolet,door,7600,brown,1g11z5sa4ku113760,110489
2016,ford,door,13270,white,1g11z5sa7ku117222,84035
2012,ford,door,12800,gray,1g1al18f187245041,131101
2018,chevrolet,1500,33000,white,1g1al18f587145539,52521
2016,ford,door,9280,white,1g1al58f787158241,101380
2003,ford,van,900,white,1g1al58f787159241,142027
2016,ford,door,7560,gray,1g1bc5sm8h7200200,111476
2011,ford,drw,19500,white,1g1be5sm4h7275597,76897
2019,chevrolet,malibu,17100,white,1g1bg5sm5g7250863,15780
2016,ford,door,8020,white,1g1fb1rsxh0104806,31944
2019,ford,fiesta,10300,black,1g1fb1rsxh0185712,18937
2019,chevrolet,van,22600,white,1g1fb1rx5j0103693,9706
2016,ford,doors,10480,gray,1g1fb1rx6l0109117,57289
2019,ford,fiesta,10300,silver,1g1fb3dx5h0143964,19956
2019,chevrolet,van,22700,white,1g1fh1r79g0149647,6075
2016,ford,door,7410,gray,1g1fh1r7xk0140397,21034
2019,ford,fiesta,10300,gray,1g1jc5sh7c4114661,22881
2013,chevrolet,door,10300,gray,1g1jc6sh6d4127084,167600
2016,ford,door,7570,white,1g1jf5sb0k4122201,37252
2019,dodge,challenger,67000,blue,1g1jg6sb3d4251006,10944
2019,chevrolet,impala,18900,white,1g1p75sz3e7332279,27601
2019,ford,doors,12560,white,1g1pa5sgxd7225194,15958
2019,dodge,durango,33000,white,1g1pc5sb0f7185936,32251
2019,chevrolet,impala,18300,black,1g1pe5sb1g7193233,25809
2017,ford,cab,11760,white,1g1pe5sb4g7168780,30553
2019,dodge,durango,31700,red,1g1pg5sbxf7249436,26549
2007,dodge,door,25,dark blue,1g1pl5sc7c7367895,160528
2000,ford,door,0,black,1g1rc6s56hu177143,124969
2019,ford,doors,7340,gray,1g1rd6s59hu201853,15854
2017,hyundai,door,8200,white,1g1yj2d70g5122320,56690
2013,kia,door,3000,silver,1g1yj2d7xf5106236,97142
2019,jeep,mpv,6530,black,1g1ys2d6xg5609979,10185
2009,mazda,door,0,gray,1g1yt2d6xg5612796,117541
2019,kia,soul,12700,silver,1g1zb5st8jf226848,23514
2017,kia,sorento,13800,gray,1g1zd5st0kf187281,86959
1998,chevrolet,pickup,0,gray,1g1zd5st4kf126371,258631
2017,ford,door,725,gray,1g1zd5st5jf191860,67279
2019,ford,doors,7400,gray,1g1zd5st5jf249837,16482
2017,hyundai,elantra,9800,red,1g1zd5st5kf112138,35687
2003,honda,door,0,white,1g1zd5st8jf242655,152608
2019,jeep,mpv,4400,green,1g1zd5stxjf140841,17911
2019,infiniti,mpv,10330,blue,1g1zd5stxjf175198,21278
2011,chevrolet,door,1800,black,1g1ze5st0hf155999,47269
2006,ford,wagon,720,no_color,1g1ze5st5gf315602,26914
2017,ford,door,22800,red,1g1ze5st9hf229260,67217
2017,ford,door,2500,black,1g1ze5stxhf257679,78698
2003,ford,door,0,gold,1g1zh5sx7hf141060,246065
2017,gmc,mpv,9190,black,1g1zh5sx9hf118136,41961
2019,jeep,mpv,10900,red,1g1zj5su8gf337274,13273
2019,infiniti,mpv,10400,black,1g1zt53f46f254868,31713
2004,chevrolet,door,0,maroon,1g4ps5sk1e4188639,0
2008,chevrolet,pickup,7320,silver,1g4zp5ss5hu137398,325611
2017,ford,f-150,22809,black,1g4zp5ss6hu125437,50732
1998,ford,van,0,blue,1g4zp5ss8hu149142,186855
2013,ford,door,0,black,1g6ah1rx1g0193887,94004
2017,gmc,mpv,5520,silver,1g6el12y9yu148063,52904
2019,jeep,mpv,10900,orange,1gazgpfg0h1169059,14195
2019,jeep,mpv,6330,red,1gazgpfg7j1254194,43965
2009,chevrolet,door,0,black,1gazgpfgxk1197071,117059
2007,dodge,door,2320,red,1gb3czcg3df161404,112182
2017,ford,door,23702,black,1gb3gtcgxh1118909,49024
1994,ford,chassis,0,green,1gbhg31u661113654,0
1997,ford,door,0,green,1gbhg396191112177,203297
2017,gmc,mpv,5520,silver,1gc1ksey8kf114255,35821
2018,heartland,pioneer,4050,gray,1gc1kve82gf207345,1
2019,infiniti,mpv,14810,brown,1gc1kveg3hf189737,32611
2011,chevrolet,door,25,white,1gc1kvey2jf198038,105244
2008,chrysler,van,2960,red,1gc1kvey3jf197819,164048
2017,ford,door,24800,gray,1gc1kweg8ff170135,46955
1996,ford,door,0,green,1gc1kwegxff145382,296860
2006,ford,door,0,red,1gc1kwey3jf123662,203158
2017,gmc,mpv,6270,black,1gc1kwey6jf259008,70443
2012,heartland,trail,1880,white,1gc1kxc86bf208814,1
2019,infiniti,mpv,10050,gray,1gc1kyc87bf185906,18229
2014,chevrolet,door,225,red,1gc2kvcg8dz256073,87673
2007,chrysler,door,1420,gold,1gc2kveg1hz262672,104405
2017,ford,door,27003,black,1gc2kveg3hz159933,57186
2002,ford,door,0,black,1gc3czcg1ef176545,214800
2004,ford,door,350,gray,1gc4k0c84gf121926,236980
2017,gmc,mpv,5600,black,1gc4k0cgxdf194396,59808
2011,heartland,country,6680,gray,1gc4k1e88gf118806,1
2019,infiniti,mpv,10120,white,1gc4k1ey0jf149152,20681
2010,chevrolet,door,0,red,1gccs1445wk226994,137422
2015,ford,door,3920,white,1gccsbf92c8121126,102700
2017,ford,door,23100,black,1gccsbf97b8118236,53270
2004,gmc,door,0,gold,1gcgc24u53z128586,235348
2017,gmc,mpv,5630,black,1gcgtben3h1180134,27195
2009,heartland,sundance,0,white,1gcgtce36g1387412,1
2019,jaguar,doors,2800,black,1gcgtcen1h1148658,20849
2008,chevrolet,door,0,gray,1gcgtcen4h1158648,159266
2015,ford,door,8850,black,1gcgtcen5j1157983,143818
2017,ford,f-150,18712,black,1gcgtcen7l1101496,67347
2009,ford,pickup,0,blue,1gcgtcen9h1202076,180364
2009,ford,door,0,black,1gchk23204f232462,184889
2017,gmc,mpv,6300,blue,1gchk23648f125262,117400
2010,heartland,country,2220,white,1gchsaea3f1218425,1
2019,jeep,mpv,6930,red,1gchsaea7f1213972,47798
2008,chevrolet,door,25,white,1gchsbea7k1232845,130623
2015,ford,door,3440,white,1gchtde32g1339478,124542
2017,ford,door,50412,black,1gcjc33204f177273,47129
1994,ford,pickup,25,white,1gcncneh5jz302471,206162
2001,ford,pk,950,red,1gcncpex7dz328593,229886
2017,gmc,mpv,9270,gray,1gcpcrec9hf242498,19490
2019,jeep,mpv,11380,black,1gcptce16h1176629,12038
2019,hyundai,mpv,5350,blue,1gcrcpehxfz272176,43536
2004,chevrolet,door,2725,black,1gcrcrea5dz179299,308451
2015,ford,door,3790,gray,1gcsgafx9e1173192,100893
2017,ford,door,40514,white,1gcsksea1az121133,90304
1997,ford,door,0,green,1gcukrecxhf153500,146912
1998,ford,door,0,white,1gcuwded5kz124282,131367
2017,gmc,mpv,9190,gray,1gcuyged0kz114660,31394
2019,infiniti,mpv,10330,gray,1gcuyhel9kz240206,25933
2008,acura,door,1000,gray,1gcvknec1gz396932,118250
2013,bmw,door,2925,white,1gcvkneh1gz235878,46060
2015,ford,door,3830,gold,1gcvkneh3gz336629,50593
2017,ford,door,43402,blue,1gcvkneh7gz158854,62387
2009,gmc,door,1025,black,1gcvkpec7gz283370,169634
2016,honda,van,17200,gray,1gcvkrec0gz118434,72527
2016,harley-davidson,road/street,54680,black,1gcvkrec1hz135955,9502
2010,honda,door,6940,no_color,1gcvkrec7gz392164,217290
2019,infiniti,mpv,13080,gray,1gcvkrec8gz393856,17243
2007,chevrolet,door,25,gray,1gcvkrec8hz169908,194903
2015,ford,door,10630,white,1gcvkreh3jz272445,82899
2017,ford,door,43009,white,1gcvkreh7jz295386,76418
2003,gmc,door,25,white,1gcwgaff8h1120366,138441
2006,ford,pickup,4600,brown,1gcwgaff9g1216490,240740
2016,honda,mpv,4950,black,1gcwgafg1k1229638,71404
2019,hyundai,doors,3760,silver,1gcwgafg2k1222357,30382
2009,acura,door,3900,black,1gcwgafg3k1232427,179389
2000,cadillac,coupe,0,white,1gcwgafg4k1252945,105169
2015,ford,door,3830,silver,1gcwgafg5k1221297,82534
2017,ford,door,53500,white,1gcwgafg5k1229335,55732
2010,ford,door,25,gray,1gcwgafg7k1222516,198596
1998,ford,door,25,brown,1gcwgafg9k1240337,300021
2015,honda,door,6240,silver,1gcwgafgxk1242467,83623
2014,jeep,door,4150,white,1gcwgafgxk1243764,108895
1999,jeep,door,25,black,1gkdt13s332100344,226972
2020,bmw,series,61200,black,1gket16s646227597,7509
2006,buick,door,0,blue,1gkfk03219r252659,137464
2014,bmw,series,13500,blue,1gkfk16k5pj701631,33542
2015,ford,door,6490,black,1gkknmls5jz177336,74754
2017,ford,door,51502,black,1gkknwls6jz133440,27661
2010,ford,door,250,white,1gkknxls2hz262405,115241
1984,ford,door,25,white,1gkknxls3hz174527,41577
2015,honda,van,8160,gray,1gkknxls7hz295013,109027
2014,jeep,door,7770,gray,1gkkrpedxcj207971,72732
2001,jeep,door,200,green,1gks2bkc6hr134450,126400
2008,audi,door,25,black,1gks2bkc6hr136280,177422
1995,chevrolet,door,0,green,1gks2bkc7hr133811,274706
2008,bmw,coupe,1825,white,1gks2gkc0hr323625,77984
2017,bmw,series,39800,blue,1gks2gkc2hr327918,23177
2015,ford,door,9210,silver,1gks2gkc2hr328793,26911
2019,ford,srw,58500,blue,1gks2gkc3hr326762,21527
2014,ford,door,125,silver,1gks2gkc5hr326410,56461
2015,honda,door,3960,white,1gks2gkc6hr325461,95128
2014,hyundai,doors,5998,phantom black,1gks2gkc6hr326335,122975
2014,honda,doors,3700,blue,1gks2gkc6hr327937,162824
2008,kia,wagon,0,silver,1gks2gkc6hr328389,148463
2005,audi,door,0,black,1gks2gkc7hr321306,181896
2000,bmw,door,0,gray,1gks2gkcxhr323969,216657
2012,gmc,door,5000,black,1gks2gkcxhr324555,140339
2019,infiniti,mpv,15050,white,1gks2gkcxhr328380,26786
2019,hyundai,doors,3960,red,1gks2gkcxhr328718,35623
2019,lincoln,nautilus,36300,black,1gndt13s632267444,14541
2020,lexus,gx,55600,silver,1gndt13s632267445,8186
2018,nissan,doors,2630,gray,1gndu23l46d143789,36739
2017,nissan,mpv,5690,blue,1gnerhkw7lj115518,42616
2017,audi,q5,19500,blue,1gnet16s156132062,65833
2008,chevrolet,coupe,450,yellow,1gnevhkw8jj148388,123515
2015,cadillac,door,20400,white,1gnevhkw9kj129253,36122
2011,chevrolet,door,4320,brown,1gnfc13j88r167278,88359
2017,ford,f-150,33001,gray,1gnkrfed3hj217603,35905
2017,ford,door,10000,red,1gnkrfed7hj307708,35747
2004,ford,door,0,red,1gnkrgkd3ej285342,167011
2012,gmc,door,5790,white,1gnkrgkd8fj279098,105020
2019,infiniti,mpv,14750,black,1gnkvgkd0hj145877,11047
2019,hyundai,doors,4010,silver,1gnkvgkd3ej113338,31233
2019,mercedes-benz,gle,40000,white,1gnkvgkd4hj314704,19427
2017,kia,sportage,13000,silver,1gnkvjedxcj172991,71991
2018,nissan,doors,3550,blue,1gnkvjkd3gj171692,29043
2017,nissan,doors,3040,gray,1gnscakc0fr161697,36064
2008,chevrolet,coupe,0,yellow,1gnscbkc0fr109217,270080
2015,audi,5,36400,black,1gnscbkc4lr164829,47213
2011,ford,door,4480,black,1gnscbkc6gr432916,116480
2017,ford,door,31003,red,1gnscbkc6lr159535,72084
2001,ford,pickup,75,gold,1gnscbkcxlr162857,295780
2011,gmc,door,8850,white,1gnscckc9fr715640,148035
2019,infiniti,mpv,14750,white,1gnschkc1jr235923,11396
2019,hyundai,mpv,4690,silver,1gnschkc1jr387653,33785
2018,land,sport,23000,black,1gnschkc2kr124931,20103
2018,land,discovery,46900,black,1gnschkc3hr133923,32387
2018,mercedes-benz,doors,10740,white,1gnschkc4hr206149,48140
2017,nissan,doors,3160,gray,1gnschkc5jr280816,34861
2006,chevrolet,door,0,silver,1gnschkc6jr106222,268040
2011,chrysler,door,3450,gold,1gnschkc6jr269601,114119
2017,ford,f-150,27102,red,1gnschkc9kr201844,34165
2018,gmc,door,500,black,1gnschkc9kr204131,27442
2011,gmc,door,5100,white,1gnskbe03br198151,144792
2019,infiniti,mpv,15010,beige,1gnskbkc0kr335691,11394
2019,jeep,mpv,5800,silver,1gnskbkc1kr164515,30546
2018,land,sport,23200,black,1gnskbkc6hr132085,23745
2015,hyundai,door,8000,red,1gnskbkc9jr370082,88274
2018,nissan,doors,3390,gray,1gnskbkc9kr143993,38349
2017,nissan,doors,3140,white,1gnskckc5fr181703,30142
2007,chevrolet,door,25,black,1gnskckc9gr424401,267834
2014,bmw,door,15000,silver,1gnskhkc1kr203879,44730
2011,chevrolet,cab,10440,blue,1gnskhkc2kr158368,92476
2017,ford,f-150,23911,black,1gnskhkc5jr243896,25698
2010,ford,pk,25,gray,1gnskhkcxkr139079,155242
2018,gmc,acadia,21400,gray,1gnskhkcxkr288236,54332
2011,gmc,cab,5380,white,1gnskhkcxkr306962,119215
2019,jeep,mpv,11000,red,1gt120c83bf236190,8930
2019,jeep,mpv,4950,silver,1gt120cg5bf167316,46985
2018,land,sport,22500,black,1gt12seg2jf255666,30220
2017,maserati,ghibli,30300,black,1gtgg25k391106224,37021
2018,nissan,doors,2630,white,1gtr2uea3bz242502,43152
2017,nissan,doors,3140,silver,1gtr2ve74cz121991,34318
2011,chevrolet,door,2300,white,1gtu9fel6kz311976,88287
2011,chevrolet,door,4310,black,1gyknbrs8hz257399,105486
2017,ford,door,26012,black,1gyknbrsxhz114969,19850
2014,ford,door,75,silver,1gykndrs1hz125239,116535
2019,gmc,1500,48500,black,1gyknfrs3kz252626,15777
2009,gmc,mpv,3330,white,1gys4ckj7hr359884,87448
2019,jeep,mpv,11200,yellow,1gys4tkj0fr538846,8395
2019,hyundai,mpv,4730,red,1hd1krm1xgb609213,30121
2018,mercedes-benz,glc,24900,white,1hgcm56363a030975,33687
2017,mercedes-benz,e-class,29400,blue,1hgcr2f55ha080596,37561
2018,nissan,cab,8350,gray,1hgct1b89ha002933,32256
2012,peterbilt,truck,475,gold,1j4ft48s01l590080,902041
2017,nissan,doors,3210,black,1j4gw58s4xc558310,25255
2006,chevrolet,van,25,white,1lnhm87a25y619997,165327
2006,chevrolet,cutaway,4200,white,1n4al3ap6fc102604,118009
2011,chevrolet,utility,8430,black,1n6aa1ej3jn519666,114547
2017,ford,f-150,25503,black,1q87t3n166389,18647
1996,ford,pickup,0,red,1xp4d49x1cd144875,252588
2019,gmc,limited,26000,black,1xp4d49x9cd123630,16669
2017,honda,doors,3900,blue,1xp7d49x09d784257,47970
2019,jeep,mpv,11200,gray,1xp7d49x0ad793710,12905
2019,jeep,mpv,8610,silver,2a8hr54px8r787529,22123
2018,mercedes-benz,gle,28000,white,2b3ka43g67h630568,40780
2017,mercedes-benz,sl-class,84900,silver,2b3ka43g87h836300,25302
2017,lexus,mpv,10840,black,2b3lj54t49h509675,36596
2012,peterbilt,truck,100,blue,2c3ccabg5hh538726,0
2017,ram,door,11050,white,2c3ccabgxkh559658,30421
2012,chevrolet,door,0,orange,2c3ccaeg0kh555632,134938
2005,chevrolet,door,1000,gray,2c3ccaeg5kh585628,135675
2015,dodge,door,3570,black,2c3ccakg4kh594972,17355
2017,ford,door,25001,gray,2c3ccakg6kh578112,27773
2010,ford,door,0,silver,2c3ccakg8jh168457,86841
2017,gmc,mpv,5630,black,2c3cdxbg0jh187083,58366
2019,jeep,mpv,11100,white,2c3cdxbg0kh753132,11229
2019,hyundai,mpv,4650,white,2c3cdxbg1eh268115,27492
2005,lincoln,door,0,green,2c3cdxbg3eh170784,89705
2016,nissan,mpv,3820,blue,2c3cdxbg5eh300547,41654
2009,peterbilt,truck,0,blue,2c3cdxbg5hh642083,982486
2017,nissan,doors,2900,gray,2c3cdxbg8kh658222,31954
2004,chevrolet,pickup,5100,gray,2c3cdxbg9eh266032,173321
2015,dodge,door,4700,red,2c3cdxbgxjh273288,93423
2017,ford,f-150,29502,red,2c3cdxbgxkh707467,14053
2008,ford,door,0,red,2c3cdxct1jh233225,145483
2017,honda,door,6160,white,2c3cdxct3eh230364,25956
2019,jeep,mpv,10910,red,2c3cdxct3gh355660,12253
2019,hyundai,doors,3440,gray,2c3cdxct7kh608441,34895
2016,mazda,cx-3,16000,gray,2c3cdxct8jh197730,47753
2016,kia,door,3810,black,2c3cdxctxhh618731,39408
2010,peterbilt,truck,1025,color:,2c3cdxej6ch170654,1017936
2017,nissan,doors,3020,white,2c3cdxhg0kh608762,33599
2003,chevrolet,pickup,2000,red,2c3cdxhg2kh608648,507985
2010,ford,door,3870,white,2c3cdxhg4gh237287,185983
2017,ford,door,24811,red,2c3cdxhg6kh598321,28464
2007,ford,door,75,blue,2c3cdxhg6kh611276,154989
2017,honda,doors,5420,black,2c3cdxhgxjh125388,16702
2019,jeep,mpv,11100,yellow,2c3cdxhgxkh527140,11449
2019,hyundai,mpv,4750,gray,2c3cdxjg0gh303988,25847
2015,mercedes-benz,door,17900,gray,2c3cdxjg0kh682158,49772
2015,nissan,door,3800,black,2c3cdxjg1jh292507,83915
2017,nissan,doors,3160,silver,2c3cdxjg1kh630912,40306
2001,chevrolet,door,1200,red,2c3cdxjg1kh658953,149543
2010,chevrolet,coupe,6470,yellow,2c3cdxjg2kh630921,69622
2017,ford,door,26400,red,2c3cdxjg2kh658962,36295
1993,gmc,door,0,light blue,2c3cdxjg4jh292503,0
2018,gmc,2500hd,32500,blue,2c3cdxjg6jh182178,14856
2017,honda,mpv,6900,brown,2c3cdxjg6jh224431,44129
2019,jeep,mpv,11030,yellow,2c3cdxjg6kh630954,10861
2012,hyundai,door,3460,white,2c3cdxjg7jh189253,142106
2015,mercedes-benz,door,18000,black,2c3cdxjg8kh527857,82411
2015,hyundai,door,3250,gray,2c3cdxjgxjh222262,111612
2017,nissan,doors,3210,gray,2c3cdxl92gh285329,35251
2017,chevrolet,door,13200,black,2c3cdyag1eh311262,50408
2019,ford,f-150,27705,gray,2c3cdyag3eh213138,15630
2017,chevrolet,door,7200,black,2c3cdyag3eh251064,53273
2019,ford,f-150,28714,white,2c3cdyag6eh133624,14786
2017,chevrolet,door,11200,white,2c3cdyag9dh607919,85315
2019,ford,f-150,27502,gray,2c3cdyag9eh126828,16146
2017,chevrolet,door,11900,blue,2c3cdyag9eh313809,76211
2019,ford,f-150,29314,gray,2c3cdybt1eh270465,15265
2017,chevrolet,door,11200,silver,2c3cdybt2eh298212,79965
2019,ford,f-150,27002,gray,2c3cdybt3eh115268,16059
2017,chevrolet,door,13200,black,2c3cdybt3eh136783,62739
2019,ford,f-150,28214,white,2c3cdybt5eh217218,15569
2017,chevrolet,door,12700,black,2c3cdybt6eh111229,58932
2019,ford,f-150,29900,white,2c3cdybt9eh143592,17488
2017,chevrolet,door,12700,black,2c3cdybt9eh247614,60733
2019,ford,f-150,27202,red,2c3cdzag1jh288453,18550
2018,chevrolet,impala,13500,white,2c3cdzag1kh656275,53194
2019,ford,f-150,27705,silver,2c3cdzag2kh656320,17644
2016,chevrolet,van,14700,white,2c3cdzag3jh242672,34454
2019,ford,f-150,29900,white,2c3cdzag4gh309689,17684
2015,chevrolet,door,4500,gray,2c3cdzag4jh302832,83279
2019,ford,f-150,27705,silver,2c3cdzag4kh686869,16600
2015,chevrolet,door,8000,gray,2c3cdzag5jh245542,107971
2019,ford,f-150,25511,silver,2c3cdzag6kh668955,17801
2015,chevrolet,colorado,7700,white,2c3cdzag7jh321665,94150
2019,ford,f-150,29900,silver,2c3cdzag8jh321934,17159
2015,chevrolet,van,7200,white,2c3cdzag9kh617109,80711
2019,ford,f-150,27502,red,2c3cdzag9kh642088,17983
2013,chevrolet,door,4500,white,2c3cdzagxkh583746,119981
2019,ford,f-150,27402,white,2c3cdzbt4gh325869,17851
2013,chevrolet,sonic,1500,black,2c3cdzbt4kh578392,66079
2019,ford,f-150,26602,white,2c3cdzbt8kh705158,18174
2019,chevrolet,sonic,10200,black,2c3cdzc90fh834388,7654
2019,ford,f-150,29900,black,2c3cdzc95fh757310,18759
2019,chevrolet,colorado,14000,white,2c3cdzc98hh553913,11564
2019,ford,f-150,28500,silver,2c3cdzc99fh713682,18901
2016,chevrolet,door,8000,black,2c3cdzfj5hh650508,86541
2019,ford,f-150,29809,silver,2c3cdzfj8fh877821,21157
2015,chevrolet,corvette,36900,black,2c3cdzfj8gh351982,29937
2019,ford,f-150,26902,white,2c3cdzgg1kh712965,23964
2015,chevrolet,door,10950,red,2c3cdzgg2kh594165,58504
2019,ford,f-150,27402,white,2c3cdzgg5kh709017,20154
2014,acura,mdx,16900,silver,2c3cdzggxkh532268,63500
2019,ford,f-150,25600,silver,2c3cdzl97kh518237,23294
2016,bmw,series,29700,no_color,2c3hd46r3yh208325,24293
2019,ford,f-150,27702,red,2c3ja43r35h179032,20343
2016,buick,encore,13500,red,2c4rc1cg5hr616095,19655
2019,ford,f-150,27102,white,2c4rc1eg2hr669530,19100
2019,ford,f-150,27102,white,2c4rc1fg5lr143335,20014
2019,ford,f-150,25811,black,2c4rc1gg3kr730663,21774
2019,ford,f-150,26602,white,2c4rc1gg4hr635019,21201
2019,ford,f-150,27102,white,2c4rdgbg2gr345223,21766
2019,buick,enclave,37500,gray,2c4rdgbg6dr505681,12406
2019,ford,flex,26211,blue,2c4rdgbg8dr566594,17977
2019,ford,flex,24205,silver,2c4rdgbgxkr624069,22805
2019,cadillac,xt5,37500,black,2c4rdgcg0jr241626,16013
2019,ford,flex,27111,black,2c4rdgcg0kr798456,14382
2019,ford,flex,27411,black,2c4rdgcg1kr761805,9660
2019,ford,flex,27302,black,2c4rdgcg2jr205677,18969
2019,ford,f-150,27202,gray,2c4rdgcg2jr218218,24730
2019,ford,flex,26311,red,2c4rdgcg3er266428,15847
2019,ford,f-150,26602,white,2c4rdgcg3hr864989,25009
2017,bmw,series,33500,blue,2c4rdgcg3jr364854,22115
2019,ford,flex,27511,white,2c4rdgcg3kr514530,11836
2017,buick,door,21500,red,2c4rdgcg3kr747548,23765
2019,ford,f-150,27200,silver,2c4rdgcg3kr753690,25508
2019,ford,flex,26511,red,2c4rdgcg4gr384748,18196
2019,ford,flex,24002,gray,2c4rdgcg5kr518563,16106
2017,buick,door,21500,silver,2c4rdgcg8jr208468,14907
2019,ford,fusion,18511,gray,2c4rdgcg8jr327542,12735
2017,kia,sorento,14000,black,2c4rdgcg9er400696,53424
2017,buick,door,29000,green,2c4rdgcg9hr818437,17940
2019,ford,flex,23402,gray,2c4rdgcg9kr578507,17417
2017,kia,door,13300,no_color,2c4rdgcgxkr747353,37125
2017,bmw,x3,19700,black,2c4rdgcgxkr751032,61428
2019,ford,flex,23211,black,2c4rdgdg0kr571878,17025
2017,kia,sorento,15500,red,2c4rdgeg0kr557123,37668
2019,ford,fusion,18111,black,2c4rdgeg1hr716871,15805
2017,kia,sorento,21500,gray,2c4rdgeg1kr664259,43761
2019,ford,mustang,25511,gray,2c4rdgeg2kr724727,11342
2017,chevrolet,equinox,17700,blue,2c4rdgeg4kr682965,35664
2017,chevrolet,cutaway,28000,white,2c4rdgeg5jr147562,12780
2017,chevrolet,door,14000,blue,2c4rdgeg5jr337118,38458
2017,chevrolet,door,21700,silver,2c4rdgeg5kr563175,34420
2017,chevrolet,door,13500,white,2c4rdgeg6jr205887,46497
2017,chevrolet,1500,35500,no_color,2c4rdgeg6kr578882,21268
2017,chevrolet,1500,29500,red,2c4rdgeg7kr743175,31029
2017,chevrolet,1500,25300,no_color,2c4rdgeg8hr632871,40878
2016,chevrolet,1500,21500,silver,2c4rdgeg8jr337145,20270
2016,chevrolet,door,25900,blue,2c4rdgeg9hr852858,32984
2016,chevrolet,door,35300,black,2c4rdgeg9jr237989,75506
2016,chevrolet,door,13500,red,2c4rdgeg9kr529238,39951
2016,chevrolet,corvette,62000,white,2c4rdgegxjr331914,19403
2016,chevrolet,corvette,46000,black,2c4rdgegxjr339012,4445
2016,chevrolet,malibu,9000,gray,2c4rdgegxkr599122,67527
2016,chevrolet,door,25900,white,2cnaldec6b6382868,33588
2016,chevrolet,door,25800,no_color,2cnbj13c316958216,10103
2016,chevrolet,door,17000,gray,2cnfleec9b6313197,26474
2016,chevrolet,door,12800,white,2cnflnew5a6355858,40253
2016,chevrolet,3500,47400,red,2d8hn44h88r669549,39624
2016,chevrolet,door,24400,gray,2fmda5143wba16791,48705
2016,chevrolet,trax,17100,white,2fmdk3gc0bbb23680,19659
2015,chevrolet,door,7400,no_color,2fmdk3gc4bbb02217,91299
2015,chevrolet,door,33100,gold,2fmhk6c81kba19848,81614
2020,chevrolet,trax,22000,gray,2fmhk6c85kba19710,179
2019,chevrolet,1500,35000,no_color,2fmhk6c88kba19846,5523
2019,chevrolet,equinox,16500,silver,2fmhk6c89gba05297,29841
2019,chevrolet,1500,35300,silver,2fmhk6d80kba19788,8516
2017,chevrolet,trax,11600,black,2fmhk6dt1kba21554,27498
2017,chevrolet,1500,28100,silver,2fmhk6dt1kba21571,31141
2017,chevrolet,1500,27700,white,2fmhk6dt2kba19683,20784
2017,chevrolet,passenger,17700,white,2fmhk6dt2kba21630,52667
2017,chevrolet,volt,16600,no_color,2fmhk6dt5kba19693,26003
2016,chevrolet,corvette,63200,red,2fmhk6dt7kba19548,4266
2015,chevrolet,door,36800,white,2fmhk6dt9kba19695,32332
2018,chevrolet,passenger,19500,white,2fmpk3g96gbc42228,44333
2019,chevrolet,tahoe,38800,blue,2fmpk3j84hbc09276,36198
2019,chevrolet,tahoe,37500,silver,2fmpk3j85hbb79415,33331
2019,chevrolet,suburban,35000,gray,2fmpk3j92hbc12542,43082
2019,chevrolet,camaro,31100,gray,2fmpk3j95hbb73607,24561
2019,chevrolet,van,22600,white,2fmpk3j98gbb59781,13485
2019,chevrolet,van,22400,white,2fmpk3j9xhbb56401,15524
2019,chevrolet,van,22700,white,2fmpk3k80gbc65759,8996
2019,chevrolet,malibu,13700,silver,2fmpk3k95gbb76939,47282
2019,chevrolet,suburban,37100,black,2fmpk4g97gbc51848,34470
2018,chevrolet,colorado,18500,green,2fmpk4j87hbb21750,87264
2017,chevrolet,2500,18300,white,2fmpk4k96hbb16692,114344
2017,chevrolet,2500,19000,white,2ftcf15y9eca14589,111635
2017,chevrolet,1500,18500,white,2g1105s3xj9121918,103955
2016,chevrolet,door,22500,white,2g1115s37g9109571,66640
2014,chevrolet,door,14500,white,2g1145s39g9185641,122018
2018,chevrolet,tahoe,32800,gray,2g11z5s30k9137729,46915
2018,chevrolet,malibu,12300,black,2g11z5s33k9132248,53599
2018,chevrolet,1500,19600,gray,2g11z5s37k9134455,41672
2018,chevrolet,malibu,13600,white,2g11z5sa5k9140950,36047
2018,chevrolet,spark,7200,red,2g11z5sa8k9139310,42561
2018,chevrolet,1500,19900,white,2g11z5saxk9120208,40345
2018,chevrolet,malibu,13000,gray,2g1fb3ddxb9212618,41751
2016,chevrolet,door,19700,white,2g1fc3d32d9188287,27593
2017,chevrolet,door,9400,blue,2g1ff1e3xf9185411,24009
2017,chevrolet,1500,23800,white,2g1fk1ejxa9163850,85697
2019,chevrolet,equinox,17700,white,2g1wb58kx81220813,25223
2015,chevrolet,door,17000,white,2g4wc582961163677,27927
2014,chevrolet,door,14000,red,2gcec19h8s1195266,135127
2018,chevrolet,2500,32100,white,2gcrcpec4k1155751,55532
2019,chevrolet,2500,33100,white,2gcvkpec1k1124569,72172
2018,chevrolet,2500,31600,white,2gcvkpec4k1105269,57751
2013,chevrolet,door,5100,gray,2gkfltek2h6218025,96314
2013,chevrolet,door,4100,blue,2gkfltek2h6317685,89152
2014,chevrolet,door,7200,silver,2gkfltek3h6256220,114660
2014,chevrolet,1500,12800,white,2gkfltek8h6226257,177322
2019,chevrolet,1500,46800,gray,2gkfltek8h6338184,36423
2019,chevrolet,van,21800,white,2gkfluek3h6232330,23759
2013,chevrolet,door,3000,gray,2gkfluek6h6317310,120667
2017,chevrolet,colorado,22500,red,2gnalbek5f1140499,65344
2018,chevrolet,suburban,35300,black,2gnalcek6h6288804,51347
2017,chevrolet,volt,16500,black,2gnalcek6h6289807,52322
2017,chevrolet,door,33000,black,2gnalcek7h1548351,67620
2017,chevrolet,1500,31500,black,2gnaldek2h1500410,59965
2017,chevrolet,1500,34500,silver,2gnaldek7g6323080,28739
2016,chevrolet,trax,8000,silver,2gnaxhev8k6108774,77429
2017,chevrolet,1500,25000,white,2gnaxjev9j6276848,20847
2016,chevrolet,trax,10700,red,2gnaxkev1k6296972,44280
2016,chevrolet,door,13400,silver,2gnaxkev2k6183550,86031
2019,chevrolet,equinox,16500,gold,2gnaxkev6k6186886,7622
2019,chevrolet,traverse,34000,white,2gnaxkev6l6128374,8067
2018,chevrolet,trax,14100,white,2gnaxkev7k6197637,16502
2019,chevrolet,1500,38600,black,2gnaxkevxk6199639,20681
2016,chevrolet,door,9100,blue,2gnaxsev1j6218321,54655
2016,chevrolet,door,8600,blue,2gnaxsevxj6292207,57825
2016,chevrolet,door,22000,white,2gnaxuev0k6196714,58856
2015,chevrolet,colorado,8900,white,2gnaxuev3k6169765,85072
2015,chevrolet,door,15500,red,2gnaxuev8k6190062,79506
2015,chevrolet,door,3300,silver,2gnfleek2h6351253,85301
2015,chevrolet,1500,29000,brown,2gnflfek3h6341370,69377
2020,chevrolet,equinox,17300,black,2gnflfek3h6342356,15577
2020,chevrolet,traverse,30500,silver,2gnflfek4h6351292,23470
2020,chevrolet,impala,25000,silver,2gnflfek5e6237636,18715
2012,chevrolet,cruze,2800,white,2gnflfek5h6341662,61258
2012,chevrolet,door,3300,no_color,2gnflfek5h6351639,131791
2019,chevrolet,suburban,36400,silver,2gnflfek7h6351433,35705
2019,chevrolet,suburban,34800,silver,2gnflfek8h6350288,48982
2019,chevrolet,ld,20700,white,2gnflhe33f6214023,33745
2019,chevrolet,suburban,32200,silver,2gtv2mecxk1173011,42267
2019,chevrolet,tahoe,35300,black,2hgfc2f52hh522914,46863
2019,chevrolet,suburban,33500,white,2hkrm3h45gh513861,36443
2019,chevrolet,impala,13700,blue,2lmpj6l91kbl31468,14939
2019,chevrolet,malibu,15900,black,2t2bzmca4hc087456,22026
2019,chevrolet,suburban,33200,black,3c4njcbbxkt664931,38278
2019,chevrolet,suburban,35500,silver,3c4njccb0kt676343,46149
2018,chevrolet,suburban,29800,silver,3c4njccb3kt676336,48427
2018,chevrolet,suburban,29800,gray,3c4njccb4kt662767,48807
2018,chevrolet,suburban,29500,silver,3c4njccb7kt660088,52618
2018,chevrolet,suburban,30300,white,3c4njdcb3kt659526,46494
2018,chevrolet,1500,24300,black,3c4njddb0kt686052,56296
2017,chevrolet,suburban,29800,silver,3c4njddb7kt682015,33909
2017,chevrolet,suburban,29800,white,3c4pdcab0ht524414,33028
2016,chevrolet,camaro,27500,white,3c4pdcab0jt444388,44653
2017,chevrolet,door,10800,gray,3c4pdcab0jt474412,80516
2017,chevrolet,van,11500,white,3c4pdcab2ft637813,105151
2017,chevrolet,van,10400,white,3c4pdcab2jt216649,78368
2018,chevrolet,equinox,11400,white,3c4pdcab6jt273002,78956
2018,chevrolet,equinox,11400,white,3c4pdcab7gt103739,88564
2015,chevrolet,door,8000,white,3c4pdcab8ht507652,78800
2012,chevrolet,door,3000,white,3c4pdcab8jt166940,111856
2015,chevrolet,door,25000,black,3c4pdcab8jt384019,80946
2017,chevrolet,traverse,12300,gray,3c4pdcabxht695526,83168
2017,chevrolet,traverse,14100,white,3c4pdcabxjt311007,58606
2014,chevrolet,van,9000,white,3c4pdcbb1jt319818,82020
2014,chevrolet,door,4200,black,3c4pdcbb9gt181387,102500
2019,chevrolet,van,22500,white,3c4pdcbg0ht518476,8150
2019,chevrolet,van,22600,white,3c4pdcdg6ct146745,6159
2019,chevrolet,van,22600,white,3c4pdceg4kt716822,5938
2019,chevrolet,van,22500,white,3c4pdcgb7ft597655,9019
2018,chevrolet,malibu,10200,white,3c4pdcgb7ht525941,45836
2016,chevrolet,3500,42700,white,3c4pdcgg0kt783155,60215
2015,chevrolet,tahoe,21200,white,3c4pdcgg0kt809995,125507
2016,chevrolet,door,22700,white,3c4pdcgg1jt257213,90944
2015,chevrolet,tahoe,22000,gray,3c4pdcgg2jt378879,82785
2014,chevrolet,1500,9600,white,3c4pdcgg2kt803633,150525
2013,chevrolet,door,10500,silver,3c4pdcgg4kt707549,112267
2013,chevrolet,door,6700,white,3c4pdcgg5jt346413,139394
2013,chevrolet,door,14200,black,3c4pdcgg9jt216280,82543
2019,chevrolet,equinox,15500,white,3c4pdcgg9jt352215,13532
2018,chevrolet,1500,35100,blue,3c4pdcgg9kt700676,14751
2018,chevrolet,camaro,26300,gray,3c4pddbg3kt708835,11150
2016,chevrolet,colorado,15700,white,3c4pddbg6dt605945,91248
2016,chevrolet,1500,17600,white,3c4pddbg6ht592197,65336
2016,chevrolet,1500,18600,white,3c4pddeg4ht608652,48974
2016,chevrolet,1500,19100,white,3c4pddeg4kt738776,40011
2019,chevrolet,equinox,15200,black,3c4pddeg7ht595704,37444
2019,chevrolet,equinox,16100,white,3c4pddeg9ht565166,43199
2019,chevrolet,equinox,14800,charcoal,3c4pddfg9dt523590,43589
2019,chevrolet,equinox,16700,charcoal,3c4pddgg1jt523058,32870
2019,chevrolet,equinox,15300,charcoal,3c4pddgg5ht702827,38826
2019,chevrolet,equinox,16500,charcoal,3c4pddgg6ht556180,33739
2019,chevrolet,passenger,19600,white,3c6jd6dtxcg183219,35309
2019,chevrolet,impala,15200,red,3c6ud5dl9cg338415,32248
2019,chevrolet,impala,15000,silver,3d73y4clxbg535425,36165
2019,chevrolet,impala,15500,charcoal,3d7ks28c15g771945,29922
2019,chevrolet,impala,15700,silver,3fa6p0g73hr140652,26848
2019,chevrolet,impala,14800,charcoal,3fa6p0h71fr180238,41163
2017,chevrolet,cruze,9200,red,3fa6p0h73hr358945,32856
2017,chevrolet,impala,8200,black,3fa6p0h74dr270819,100315
2013,chevrolet,door,11400,silver,3fa6p0h75hr150081,91638
2015,chevrolet,door,6500,white,3fa6p0hd2hr178393,83173
2014,chevrolet,door,11500,gray,3fa6p0hd3hr199785,94356
2015,chevrolet,door,23800,black,3fa6p0hd7hr273550,85792
2014,chevrolet,door,8900,white,3fa6p0hd8hr305132,129068
2019,chevrolet,ld,28300,red,3fa6p0hdxfr241138,27665
2019,chevrolet,ld,27300,black,3fa6p0hdxfr258523,25427
2013,chevrolet,door,3500,gray,3fa6p0k93hr257687,78198
2020,chevrolet,colorado,28300,silver,3fa6p0lu4hr246569,13886
2019,chevrolet,impala,18300,silver,3fa6p0luxhr231039,34538
2018,dodge,charger,22500,silver,3fa6p0ru0kr211641,20575
2018,dodge,charger,22500,gray,3fa6p0ruxkr244131,26026
2012,dodge,door,8300,gray,3fadp4bj4km123235,99015
2019,dodge,caravan,16500,gray,3fadp4bj7km123231,27327
2019,dodge,journey,14500,silver,3fadp4bjxkm123238,30229
2019,dodge,charger,30000,white,3fafp37372r151014,43294
2019,dodge,charger,30000,orange,3fahp06z07r118828,54309
2019,dodge,charger,30000,white,3fahp0ga3ar366961,52822
2019,dodge,charger,30000,white,3fahp0ha5cr389742,45554
2019,dodge,charger,30000,white,3fahp0ha6ar187697,37538
2019,dodge,charger,29500,red,3g1be6sm0hs561566,35153
2019,dodge,challenger,21600,white,3gcpcpeh2eg231868,23783
2019,dodge,charger,22600,black,3gcpcrec2jg473991,30759
2019,dodge,caravan,16300,gray,3gcpcrec6gg235750,38922
2012,dodge,door,8600,blue,3gcpcreh4eg204053,165836
2019,dodge,durango,28800,no_color,3gcpcse09dg282246,19235
2019,dodge,challenger,22100,gray,3gcpwaef0kg291601,9445
2018,dodge,journey,14300,gray,3gcrkse37af234620,19164
2018,dodge,caravan,13700,white,3gcrkse37ag234620,54106
2017,dodge,challenger,29500,no_color,3gcuknec6gg150809,32051
2017,dodge,journey,18500,gray,3gcuknec9gg224336,14870
2016,dodge,door,19000,blue,3gcuknec9gg342967,32294
2015,dodge,challenger,43400,white,3gcukrec0gg380000,7250
2015,dodge,challenger,46000,no_color,3gcukrec0hg249327,10145
2018,dodge,journey,12500,silver,3gcukrec0jg176059,59924
2017,dodge,charger,13900,black,3gcukrec2eg226031,21304
2018,dodge,caravan,13000,white,3gcukrec2jg216609,52079
2018,dodge,caravan,13000,white,3gcukrec3hg429109,54960
2013,dodge,door,3000,white,3gcukrec4gg223800,80099
2019,dodge,caravan,17500,black,3gcukrec4hg196549,23987
2017,dodge,door,7900,gray,3gcukrec4jg204915,84144
2014,dodge,door,8900,blue,3gcukrec5gg277008,85639
2018,dodge,caravan,11500,no_color,3gcukrec5gg383569,50193
2017,dodge,journey,6500,black,3gcukrec6eg373324,74392
2017,dodge,door,8000,black,3gcukrec6hg356561,76117
2018,dodge,challenger,18700,gray,3gcukrec7hg170656,36358
2017,dodge,journey,8350,white,3gcukrecxhg319917,90685
2017,dodge,charger,27900,orange,3gcukreh0jg303596,54141
2016,dodge,door,14500,white,3gcukreh2jg284677,82240
2016,dodge,door,6200,silver,3gcuksec0hg271643,66167
2012,dodge,door,7500,gray,3gcuksec3gg369662,144220
2019,dodge,caravan,20200,black,3gcuksec3hg222744,24722
2019,dodge,durango,29300,silver,3gcuksec6fg382971,41198
2019,dodge,durango,31000,black,3gcuksec6gg284475,26353
2019,dodge,durango,32400,white,3gcuksej3fg195122,28280
2012,dodge,door,5800,white,3gcuksej4eg356687,130120
2019,dodge,charger,21500,black,3gcuksej6hg353147,15340
2018,dodge,charger,23100,silver,3gcuktec5gg350066,12265
2014,dodge,van,4500,gray,3gcuktec6hg222226,94872
2018,dodge,charger,24800,silver,3gcuktej3hg475034,17946
2018,dodge,charger,23000,gray,3gnal3ek3ds630172,26996
2019,dodge,journey,26900,gray,3gnaxkev2ll125886,5775
2018,dodge,challenger,21500,gray,3gnaxuev8ks588177,6748
2018,dodge,journey,15700,white,3gncjksb6hl148082,38128
2018,dodge,caravan,15200,silver,3gncjksbxll181398,41636
2018,dodge,charger,23300,blue,3gncjlsb1ll142267,5359
2015,dodge,door,6100,white,3gncjlsb4ll149763,70296
2017,dodge,journey,20000,green,3gncjnsb1gl264970,11346
2017,dodge,challenger,53000,no_color,3gnek12t74g240524,7415
2013,dodge,door,3000,orange,3gnfk12387g179905,107593
2016,dodge,door,18200,black,3gnfk16307g310044,50639
2019,dodge,challenger,21800,gray,3gntkge3xbg398052,6530
2016,dodge,charger,52000,blue,3gyfnae36gs538333,17432
2019,dodge,charger,19000,black,3gyfnee39fs587810,19636
2016,dodge,challenger,25000,no_color,3kpc24a34ke050725,41748
2016,dodge,challenger,36000,red,3kpfk4a77je198723,13162
2019,dodge,caravan,17000,white,3kpfl4a79je272611,32937
2015,dodge,door,25300,red,3n1ab7ap0hy260843,23095
2017,dodge,journey,14900,gray,3n1ab7ap0hy315498,34432
2017,dodge,caravan,15000,no_color,3n1ab7ap1hl639346,48162
2014,dodge,doors,12995,gray,3n1ab7ap1hy310259,68310
2014,dodge,doors,17750,black,3n1ab7ap2jy244200,48000
2014,dodge,doors,10295,black,3n1ab7ap5hy411143,105962
2014,dodge,doors,16995,gray,3n1ab7ap5jy293102,96575
2014,dodge,doors,25000,toreador red,3n1ab7ap6hy249992,13239
2014,dodge,doors,23995,bright white clearcoat,3n1ab7ap7hy223787,24934
2014,dodge,doors,14900,billet silver metallic clearcoat,3n1ab7apxhy232807,46859
2014,dodge,doors,15810,black clearcoat,3n1ab7apxhy302645,44468
2014,dodge,doors,20227,jazz blue pearlcoat,3n1cn7ap5jl872135,62230
2014,dodge,doors,20999,silver,3n1cn7ap5jl882275,37082
2014,dodge,doors,22499,bright white clearcoat,3n63m0yn5fk720622,23964
2014,dodge,doors,23495,black clearcoat,3n63m0yn6hk696088,11204
2014,dodge,doors,25250,billet silver metallic clearcoat,4jgda5gb4kb204919,7608
2014,dodge,doors,15322,billet silver metallic clearcoat,4jgda5hb2fa567147,49982
2019,dodge,charger,21232,gray,4jgda5jbxjb046383,4950
2013,dodge,journey,5800,white,5fnrl5h65gb151898,111628
2012,dodge,door,29000,black,5fnrl5h96fb012419,15927
2018,dodge,caravan,17000,gray,5fnyf4h26fb052452,36299
2018,dodge,journey,13800,red,5fnyf4h99ab034386,28469
2019,dodge,durango,30000,gray,5fryd3h20eb002546,29086
2017,dodge,caravan,14800,gray,5gaevbkw8kj293388,35991
2017,dodge,journey,8500,black,5gakrckdxhj113512,62224
2013,dodge,door,9800,white,5gakvbkd8gj196085,86500
2014,dodge,door,4200,gray,5gakvckd2hj308564,144725
2013,dodge,van,2500,red,5gakvckd5hj216221,163260
2018,dodge,charger,28700,blue,5j6rw1h81hl005542,19636
2018,dodge,challenger,18500,gray,5j8tb18578a010979,34272
2018,dodge,challenger,17300,no_color,5n1at2mn5gc894272,42909
2016,dodge,door,7100,gray,5n1at2mv4hc773816,55749
2015,dodge,door,3250,white,5n1dl0mm1kc552741,89142
2017,dodge,durango,30700,no_color,5n1dl0mm2kc556913,20328
2012,dodge,door,3000,gray,5n1dl0mm3kc557634,149332
2019,dodge,durango,26500,gray,5n1dl0mm9kc550722,28551
2019,dodge,charger,20800,gray,5n1dl0mm9kc556522,35098
2019,dodge,charger,20800,gray,5npd84lf5kh403222,35365
2015,dodge,door,5100,white,5npd84lf6hh128808,88398
2019,dodge,challenger,18900,black,5npd84lf6kh456317,27957
2019,dodge,durango,24000,silver,5npdh4ae0eh480157,30161
2015,dodge,challenger,38800,white,5npdh4ae3fh644096,26292
2019,dodge,durango,24500,white,5npeb4ac2ch437716,25780
2019,dodge,durango,24500,black,5sfbg3524be216811,25032
2016,dodge,door,6500,blue,5sfbg3823ae204868,72248
2019,dodge,durango,24000,gray,5sfgf29269e031344,30630
2014,dodge,door,18000,no_color,5sfnb2425ce237109,86125
2019,dodge,durango,24000,white,5sfpb3326je365727,30408
2019,dodge,durango,23500,silver,5uxwx7c3xh0u44145,35443
2014,dodge,van,4500,white,5uxwx9c51h0t09021,95377
2019,dodge,durango,25900,silver,5uxwx9c57d0a24286,32724
2019,dodge,caravan,13900,gray,5xypg4a59lg616029,45089
2019,dodge,journey,14200,silver,5xypgda39hg262132,35948
2019,dodge,caravan,15400,blue,5xypgda51hg221253,41601
2019,dodge,challenger,17500,gray,5xypgda59hg292944,26370
2019,dodge,caravan,17500,white,5xyphda50hg232046,18271
2019,dodge,caravan,18000,white,5xypkda50hg299327,9476
2012,dodge,door,25200,gray,5ymkt6c37h0x20696,80899
2018,dodge,caravan,14100,black,8btpe7dd4ge127040,57394
2018,dodge,caravan,13300,white,jhmze2h34es000337,42190
2019,dodge,caravan,16200,black,jm1dkbd74g0123647,22591
2018,dodge,caravan,13300,gray,jm3er293590215768,48681
2018,dodge,caravan,13100,silver,jn1by1ar7gm271292,42621
2017,dodge,caravan,15500,silver,jn8az2ne0k9233910,27761
2013,dodge,door,4500,white,jn8az2ne8k9236456,107768
2019,dodge,durango,28400,gray,jn8az2ne9k9229368,14355
2019,dodge,caravan,17400,gray,jn8az2nexk9236037,9467
2014,dodge,door,6000,silver,jn8az2nexk9236071,122837
2019,dodge,challenger,20700,gray,jn8az2nf9k9685086,18313
2019,dodge,challenger,20300,black,jtezu11f88k007763,19506
2018,dodge,journey,14000,black,jtjam7bx4l5251250,14750
2019,dodge,challenger,22000,green,kl1td66e39b645208,11280
2019,dodge,journey,17200,blue,kl4cj1sb6jb688844,13944
2016,dodge,door,15000,blue,kl4cjbsb4gb700424,26922
2019,dodge,journey,17500,gray,kl4cjcsb1hb024411,12690
2013,dodge,door,1300,gray,kl7cjpsb3gb750120,239822
2014,dodge,door,1750,red,kl7cjpsbxjb710284,74975
2019,dodge,caravan,16300,red,kl7cjrsb9gb542870,28289
2019,dodge,caravan,15700,red,kl8cb6sa3jc459211,38041
2017,dodge,journey,10000,silver,km8j23a44ku882752,52386
2019,dodge,charger,23100,white,km8j23a45ku893842,34391
2019,dodge,caravan,14900,red,km8j23a4xku846404,39515
2019,dodge,journey,16700,orange,km8j33a49ku860727,22074
2019,dodge,caravan,16300,white,km8jucag9fu984199,28782
2019,dodge,durango,25800,red,km8k12aa0ku242609,30092
2019,dodge,challenger,23800,black,kmhd84lf4ku746279,26443
2019,dodge,journey,16800,red,kmhd84lf5hu191402,28981
2019,dodge,journey,15500,white,knafg525787197602,32865
2014,dodge,door,6000,blue,knagm4a75d5378293,117258
2019,dodge,durango,26900,white,kndjp3a55k7006351,16397
2019,dodge,caravan,16900,white,kndjx3ae3g7012477,16176
2019,dodge,caravan,19500,gray,kndpn3ac7h7113313,1091
2019,dodge,caravan,15400,black,nm0ls7e76h1312963,17472
2012,dodge,door,2300,white,nm0ls7e79h1312701,123882
2019,dodge,charger,17000,red,sajbd4fx6kcy78964,10341
2019,dodge,durango,34000,black,salcp2rx0jh740860,19695
2017,dodge,journey,13700,black,salcp2rx6jh739311,51041
2018,dodge,challenger,19100,white,salcp2rx7jh741147,22646
2018,dodge,journey,11800,white,salrr2rk0ja052195,18138
2019,dodge,durango,27500,gray,wa1by74l38d010163,23987
2019,dodge,durango,26900,black,wa1l2afpxha049370,17160
2019,dodge,durango,27100,white,waudg74f05n113751,26929
2019,dodge,durango,27200,white,wba3b5g54ens10419,25815
2017,dodge,caravan,9000,silver,wba3d5c51ekx97650,81992
2019,dodge,challenger,22500,gray,wba4f9c51hg439932,5000
2015,dodge,door,7700,white,wba7e2c58hg739412,62683
2013,dodge,van,4500,white,wba7f2c55gg415264,107224
2013,dodge,door,2200,gray,wba7f2c57gg419607,184905
2019,dodge,charger,21500,black,wba7f2c57gg421020,35153
2019,dodge,challenger,18800,orange,wba7f2c58gge12300,26474
2019,dodge,charger,21800,red,wba7t2c04lgl17687,30943
2019,dodge,challenger,20300,black,wbaam3346yfp77118,17154
2016,dodge,van,8200,white,wbaja7c31hg905802,79637
2019,dodge,caravan,19000,red,wbaph7g58bnn05983,12123
2016,dodge,door,8400,blue,wbawb33548p132854,107822
2019,dodge,caravan,19500,blue,wd4pe7dd1gp253504,10221
2015,dodge,door,7000,blue,wdc0g4jb4jv097463,95278
2019,dodge,challenger,19500,gray,wddhf5kbxfb099457,13457
2014,dodge,van,8500,blue,wddjk7ea3hf044968,69936
2019,dodge,challenger,20500,gray,wddwk4jb2jf613298,13520
2014,dodge,door,4900,silver,wddzf4jb6ha277485,96922
2014,dodge,door,20800,black,wf0dp3th0g4113219,72594
2019,dodge,durango,28500,silver,wuac6bfr0fa901212,17896
2019,dodge,caravan,21900,silver,zam57xslxh1248775,11088