1001,19uua96529a004646,uu95s85u
1002,19xfb2f81fe252000,fvuamdvs
1003,1b7hc16x01s213315,qulag38q
1004,1b7hg38n62s587845,oobgh16b
1005,1c3bc1fg1bn519076,cmvgjmjo
1006,1c3cccab7fn613884,woonc9po
1007,1c3cdfaa2fd144750,8o10bzzq
1008,1c3cdfbaxed815126,wtznjizl
1009,1c3cdfbb3fd213551,wr1tzftl
1010,1c3cdfbb5fd213552,l6bcliew
1011,1c3cdfbb6gd515496,orbtme58
1012,1c3cdfbb8gd766472,44ya5024
1013,1c3cdfcb9dd329946,inwzupje
1014,1c3cdfcb9fd102064,w166opof
1015,1c3cdffh0gd823262,90pvub5j
1016,1c3cdzab0en111068,gymfst31
1017,1c3cdzag7cn309641,rwizxdha
1018,1c3cdzcb5dn552741,7dmom8ue
1019,1c3cdzcb6dn599101,9gwelxhb
1020,1c3lc66m77n591138,7ve35d0i
1021,1c4hjxeg0kw596497,hbhc99b4
1022,1c4hjxeg1kw608401,xkwpx6pj
1023,1c4hjxeg1kw609998,9121g1b7
1024,1c4hjxeg2kw600727,mq2dbmw5
1025,1c4hjxeg5kw608448,skxdsfp9
1026,1c4hjxeg7kw589272,a5q47gu3
1027,1c4hjxeg7kw590115,mavwuw9g
1028,1c4hjxeg8kw651309,gexpko8u
1029,1c4hjxegxkw589301,isc0h4za
1030,1c4hjxegxkw600703,i8il3kvc
1031,1c4njrfb0ed707552,41tjh2dq
1032,1c4pjldb3kd419559,ad3q820q
1033,1c4pjldbxkd300679,me7qs9d2
1034,1c4pjllb6kd184477,jppxapti
1035,1c4pjmbx2kd360704,v443q4il
1036,1c4pjmbx6kd298174,v7oag0am
1037,1c4pjmbx6kd298806,v7r8qegb
1038,1c4pjmdx4kd197521,akf76ouu
1039,1c4rdhdg0kc557042,kbb60at8
1040,1c4rdhdg1kc557017,5jbvvb47
1041,1c4rdhdg3kc675893,3hhws69x
1042,1c4rdhdg3kc769255,v4dyz68k
1043,1c4rdhdg4kc769457,yodn0itd
1044,1c4rdhdg6kc557000,l9ivcznc
1045,1c4rdhdg7kc675959,kimdkh0r
1046,1c4rdjag5gc486469,g8ow9mt3
1047,1c4rdjdg2jc329601,beqa6v2a
1048,1c4rdjdg2kc780335,us3tjgdo
1049,1c4rdjdg3dc674852,gd7eq1g9
1050,1c4rdjdg5kc733915,wml4t5sv
1051,1c4rdjdg5kc744770,xq6fj2hg
1052,1c4rdjdg6kc684983,aez3at30
1053,1c4rdjdg6kc701149,xj49wkmp
1054,1c4rdjdg6kc770276,pfpcu49z
1055,1c4rdjdg7kc780041,0iscrl09
1056,1c4rdjdgxkc744523,gin4im1x
1057,1c4rdjdgxkc770197,a6ialzrb
1058,1c4rdjeg3ec591566,12dq6n4o
1059,1c4rdjeg3fc112029,k0nq4e1w
1060,1c4rjebg1kc776053,i4rj9pd5
1061,1c4rjfbg4ec441069,du7tha0u
1062,1c4sdhct3kc769532,nq23s36b
1063,1c4sdhctxhc936557,okvuhe1r
1064,1c4sdjct1jc174166,wru06nl1
1065,1c4sdjct2kc576022,ky7jbpw9
1066,1c4sdjct5kc738497,i0ii9izs
1067,1c4sdjct5kc744865,sh1uc4zw
1068,1c4sdjct6kc717612,f11kdylp
1069,1c4sdjctxkc691872,1lioxjs7
1070,1c4sdjet3kc625404,9bl9czmt
1071,1c6rd7ft0cs326533,f2e7nhm9
1072,1c6rd7ft6cs238912,8t4ggnj3
1073,1c6rd7ht8cs279667,5j6iji0i
1074,1c6rd7lt4cs187334,hqhgzsh3
1075,1c6rr7pt3hs659994,p8sp31uc
1076,1d7ks28c96j246101,241nlktf
1077,1d7rw3gp7bs614101,0e7vxgzu
1078,1fadp3e24hl348263,kkw2qqz2
1079,1fadp3f20el320177,dt11uj9d
1080,1fadp3j2xjl279400,yf9lzi3w
1081,1fadp3k23jl219764,xch0nvp8
1082,1fadp3k26el249167,pkbklv1n
1083,1fadp3m26jl307477,zfhz1918
1084,1fadp5au3fl108248,lh0aw9c4
1085,1fadp5auxhl109013,y346ge85
1086,1fafp34p7yw270338,vi7d8fia
1087,1fafp36n06w137851,3asz3vvn
1088,1fafp55u03a242094,goz3zj4s
1089,1fahp35n09w109143,b69yjesj
1090,1fahp60a63y107799,eppm182d
1091,1falp62w5th144314,eodd5b2y
1092,1fatp8uh2k5188622,frhv6yld
1093,1fatp8uh4k5177265,8vcf5n9h
1094,1fatp8uh7k5172626,3d1xe2fw
1095,1fatp8uhxg5296168,p94ypzxu
1096,1fbax2cv0hkb32599,g85t0rd2
1097,1fd8w3gt0beb32874,ebmm2rli
1098,1fd8w3ht1kee23298,vdfl2c3x
1099,1fd8w3ht4hed36245,19ek1pr7
1100,1fdee14n7rha47894,wfe5d7af
1101,1fdfe4fs7eda23699,ttkxj23a
1102,1fduf5gt8bea80212,qr1dgsnq
1103,1fdwf37r28eb95687,c97mgy7f
1104,1fdxf46p35ea79064,anhbg19t
1105,1fdxf46r08ea18180,xxmb9opm
1106,1fm5k7b86hga87008,tqi2qidw
1107,1fm5k7d82hgb21314,2iwovi93
1108,1fm5k7d82hgb39148,wfa1c6en
1109,1fm5k7d84hgc31359,s4xezt99
1110,1fm5k7d88fga24308,1f7wlmeo
1111,1fm5k7d8xhga68751,dy36ek1j
1112,1fm5k7dh9hgb05630,hs9dkv5z
1113,1fm5k7f80hga03159,6tuwfcut
1114,1fm5k8f80hgc67231,0dodrqxd
1115,1fm5k8f81egb23411,wew867wo
1116,1fm5k8f8xggc51519,y57mvc6y
1117,1fm5k8fh9ggc37790,vuzcqni2
1118,1fm5k8gt9ega74266,26skengc
1119,1fm5k8ht0hga07252,hzsdud4r
1120,1fmcu03128kc80487,8fz5lu93
1121,1fmcu0f78gub36672,7wtqquyw
1122,1fmcu0g95huc13712,kaa7dmso
1123,1fmcu0g9xeud52262,8mnh2al5
1124,1fmcu0gd5huc78080,5zkwaqg6
1125,1fmcu0gd5hud08310,6ou6cna1
1126,1fmcu0gd7huc86259,20eao8u0
1127,1fmcu0gd8huc93883,qi9csprr
1128,1fmcu0gd9huc37922,qsgcixxv
1129,1fmcu4k37akb80224,3i0tar7q
1130,1fmcu9gd2huc27625,kbcoobaz
1131,1fmcu9gx9gua57286,cypxif17
1132,1fmcu9hd6juc54783,4qj1ohok
1133,1fmdu35p7vub38059,c4khxk3x
1134,1fmeu7de5aua53694,plpsqkx4
1135,1fmfu16lx4la45470,xem78zpr
1136,1fmfu18l84lb61201,0nkfkxhm
1137,1fmjk1ht3gef52975,6l48ibvm
1138,1fmzk04136ga07119,cp98g7cc
1139,1fmzk1cm1hkb51026,55iuss7u
1140,1fmzk1cm7hkb51015,1sbbu1f0
1141,1fmzk1cmxhkb51025,dikix8ox
1142,1ft7w2b60geb96643,rm4f6gaj
1143,1ft7w2b60hec03964,dbcmofof
1144,1ft7w2bt0hef21363,aumd006k
1145,1ft7w2bt3heb19966,biz5sfde
1146,1ft7w2bt3hed62547,743vkplc
1147,1ft7w2bt3hef41039,rz2wcrtx
1148,1ft7w2bt6heb60592,rt07fpqo
1149,1ft7w2bt7hec41164,n1o8ltxd
1150,1ft7w2bt7hec67263,loulz1v0
1151,1ft7w2bt8hec67434,9gg9udt5
1152,1ft7w2btxgeb64448,glr9dyj3
1153,1ft7w3bt0hef02785,e0rwaqm0
1154,1ft7w3bt5hee88155,ur5f7ac2
1155,1ft7x2b62eea29551,7ye8mt7w
1156,1ft8w3b61fec52078,f5dadpw7
1157,1ft8w3bt3kee15023,moqiz284
1158,1ft8w3dt5deb68569,7mfcv0gr
1159,1ft8w3dt8hec12120,yo0mi93r
1160,1ft8w4dtxhed96692,ierioh72
1161,1ftdf15y2rnb12612,3btko9s2
1162,1ftdf18w8vna61251,l4s4ga3a
1163,1ftef15n0tlc14455,aiayerz5
1164,1ftew1cf3fke12825,2mrrh3wx
1165,1ftew1cf3hfb78746,5m6730qa
1166,1ftew1cf6ffc68843,ut2v29hc
1167,1ftew1cf8gkd34592,j81uou8a
1168,1ftew1cg0ffa89853,6ppq2wzo
1169,1ftew1cg4ffa66589,86plj5qk
1170,1ftew1cm0bfc14625,17i9nc63
1171,1ftew1cp2gke43168,yggusnuv
1172,1ftew1e41kfb69644,vx1i8gfs
1173,1ftew1e41kfb70194,yaqkk74f
1174,1ftew1e42kfb37902,tjczcwvm
1175,1ftew1e45kfb69856,obeztill
1176,1ftew1e47kfb69647,22s7mxvn
1177,1ftew1e48kfb37676,7shzvge6
1178,1ftew1e48kfb37905,uhry6ed4
1179,1ftew1e49kfb96784,ahycxz2v
1180,1ftew1e50kfb51192,6n8chuw2
1181,1ftew1e53kfb37982,sm9eph01
1182,1ftew1e54kfa00453,n85jrs9t
1183,1ftew1e55kfb51169,een1ymyi
1184,1ftew1e55kfb69820,mj2717gp
1185,1ftew1e55kfb96628,ds4xlssw
1186,1ftew1e59kfb37727,6sfui4gc
1187,1ftew1e59kfb37761,q0lli005
1188,1ftew1e59kfb37887,8plnvubl
1189,1ftew1e59kfb69755,rn681dlf
1190,1ftew1ef1hke25038,7ryci2em
1191,1ftew1ef2hfb83224,4vplli11
1192,1ftew1ef3hfb27101,hh6tlxl4
1193,1ftew1ef3hfc22483,un5a1rbo
1194,1ftew1ef4hfa16802,wxlvraeq
1195,1ftew1efxhkc69002,2ue7uhwb
1196,1ftew1eg0ffb32472,yx73byx2
1197,1ftew1eg0hfb93193,cab5wprz
1198,1ftew1ep1gfc64335,0hqefh3e
1199,1ftew1ep1kfb50960,k2o88vyw
1200,1ftew1ep2hkd15978,rwrac4t2
1201,1ftew1ep2kfb70022,2br7tkn5
1202,1ftew1ep3hfb25518,qzb6g6s5
1203,1ftew1ep4hfb44546,tlz5ee46
1204,1ftew1ep4hkc08477,9n70ln5z
1205,1ftew1ep6kfb85302,7ngywbjc
1206,1ftew1ep8hfa10123,f71ojbhz
1207,1ftew1epxhfb71427,s67zfbvj
1208,1ftex1e83hfb13813,3vlw6qw6
1209,1ftex1ep1gfd60365,9kel69fl
1210,1ftfw1e40kfb69655,xr16xk04
1211,1ftfw1e43kfb97031,9wstr7ke
1212,1ftfw1e51kfb70029,c213iq84
1213,1ftfw1e51kfc13333,iizoexki
1214,1ftfw1e52kfb51151,g52c9lpw
1215,1ftfw1e53kfc33535,cf3ae737
1216,1ftfw1e55kfb37583,81fbvy5g
1217,1ftfw1e58kfb37772,wqkx0i7v
1218,1ftfw1e58kfb69878,y02parmg
1219,1ftfw1e5xkfc33564,6thl5slf
1220,1ftfw1ef1bfa03548,liad3ptx
1221,1ftfw1ef1gfb13670,3agkyr5c
1222,1ftfw1ef4hkc50286,xiex9cgx
1223,1ftfw1ef5hfb70262,jrofmw1z
1224,1ftfw1ef5hkc50264,oebqy4i5
1225,1ftfw1ef9gkf57726,437zguot
1226,1ftfw1efxdfa01008,wveo4ex8
1227,1ftfw1eg1hfb38806,7rsteduz
1228,1ftfw1eg1hfb78397,m3j6x7jk
1229,1ftfw1eg1hke28907,7sf50ato
1230,1ftfw1eg3hfc66707,ma2r5a1x
1231,1ftfw1et3cfb01665,acjh9clx
1232,1ftfw1et4efc23745,ef87w5p1
1233,1ftfw1et7dfa47790,f5a2nrn0
1234,1ftfw1et9efb99877,3pbido8e
1235,1ftfx1ef0gkf25969,050xrwom
1236,1ftfx1ef5hke41700,j6h8unat
1237,1ftfx1ef7gkd59790,b5jwz0vg
1238,1ftfx1ev7akc32939,bgfnfj35
1239,1ftmf1c85fkd31564,sc2iekvl
1240,1ftmf1ef2hfb83980,or2pw665
1241,1ftne24293hb19928,u0c2vaxa
1242,1ftne2ew6bda76057,n8eqlb9m
1243,1ftnx20p73ed69682,bhckeu0x
1244,1ftpw14v66fa82105,tl8fglo8
1245,1ftrf18l7wka62471,pp3sotcs
1246,1ftrw08l61kc05834,0d1bznbb
1247,1ftrx17w41nb80705,zhrka1e6
1248,1ftss3el7eda50076,c4pqhnu7
1249,1ftxw43r18eb10682,7z9pwaw1
1250,1ftyr10d19pa60391,fqcd96t5
1251,1ftzx0766wka18481,mlk6f9sp
1252,1g1105s31lu100901,r4zp1y0m
1253,1g1105sa9hu160835,kwmma8ce
1254,1g11b5sl5ff135735,jnq6xozv
1255,1g11c5saxdf350889,gcfdhhh5
1256,1g11c5sl0ff208474,ch89rb3s
1257,1g11c5sl8ff311156,dmumjomv
1258,1g11z5s37ku129047,y6kp6xry
1259,1g11z5sa4ku113760,d6moirgz
1260,1g11z5sa7ku117222,lk12find
1261,1g1al18f187245041,qa2qxuq2
1262,1g1al18f587145539,qz70gto5
1263,1g1al58f787158241,7pj7vhjc
1264,1g1al58f787159241,8cl3cwtx
1265,1g1bc5sm8h7200200,vrc4foqe
1266,1g1be5sm4h7275597,9tjempd2
1267,1g1bg5sm5g7250863,9rcxc0bf
1268,1g1fb1rsxh0104806,1reudh5y
1269,1g1fb1rsxh0185712,kwd096pa
1270,1g1fb1rx5j0103693,7hyssses
1271,1g1fb1rx6l0109117,0fg8romi
1272,1g1fb3dx5h0143964,29q8bpmd
1273,1g1fh1r79g0149647,d3j7mank
1274,1g1fh1r7xk0140397,59lct9wd
1275,1g1jc5sh7c4114661,hejqdj2y
1276,1g1jc6sh6d4127084,34dc8i8l
1277,1g1jf5sb0k4122201,fusa5cxs
1278,1g1jg6sb3d4251006,2fom6imb
1279,1g1p75sz3e7332279,95nqc8mq
1280,1g1pa5sgxd7225194,6k17x9w2
1281,1g1pc5sb0f7185936,lybw5hss
1282,1g1pe5sb1g7193233,6wx3kjws
1283,1g1pe5sb4g7168780,y88u2fvs
1284,1g1pg5sbxf7249436,rl7na7wf
1285,1g1pl5sc7c7367895,ndxcemsh
1286,1g1rc6s56hu177143,o2cd8qse
1287,1g1rd6s59hu201853,3c5px40u
1288,1g1yj2d70g5122320,3vf33j3m
1289,1g1yj2d7xf5106236,uzcgy8o2
1290,1g1ys2d6xg5609979,g4wlqcu0
1291,1g1yt2d6xg5612796,kgglu3m9
1292,1g1zb5st8jf226848,pkhm8yb1
1293,1g1zd5st0kf187281,ccofb3tn
1294,1g1zd5st4kf126371,7o5fikrm
1295,1g1zd5st5jf191860,moa48vtk
1296,1g1zd5st5jf249837,ic0e7bhe
1297,1g1zd5st5kf112138,ylsgs1ak
1298,1g1zd5st8jf242655,a6qkshu4
1299,1g1zd5stxjf140841,b2ue9v0z
1300,1g1zd5stxjf175198,47i9lz75
1301,1g1ze5st0hf155999,fnxtylvj
1302,1g1ze5st5gf315602,dvz0r5ls
1303,1g1ze5st9hf229260,38san2xy
1304,1g1ze5stxhf257679,9hcmnc3u
1305,1g1zh5sx7hf141060,nj92bdhn
1306,1g1zh5sx9hf118136,f5rg7vh1
1307,1g1zj5su8gf337274,eg2r2tbr
1308,1g1zt53f46f254868,0ejsuio0
1309,1g4ps5sk1e4188639,6jwqwk6i
1310,1g4zp5ss5hu137398,r2sz91yc
1311,1g4zp5ss6hu125437,dfw2srty
1312,1g4zp5ss8hu149142,2bjmdscy
1313,1g6ah1rx1g0193887,h1gfu2p8
1314,1g6el12y9yu148063,iag41av2
1315,1gazgpfg0h1169059,nlo3fgar
1316,1gazgpfg7j1254194,oasq6ghl
1317,1gazgpfgxk1197071,4azu7gw3
1318,1gb3czcg3df161404,9pm0och3
1319,1gb3gtcgxh1118909,dbvkp3k6
1320,1gbhg31u661113654,0j3wu28p
1321,1gbhg396191112177,kksh8ld2
1322,1gc1ksey8kf114255,1w0jl3pg
1323,1gc1kve82gf207345,exq0wjgo
1324,1gc1kveg3hf189737,xn1zmdss
1325,1gc1kvey2jf198038,a0a04wm8
1326,1gc1kvey3jf197819,ss68mu2y
1327,1gc1kweg8ff170135,j8zqxixr
1328,1gc1kwegxff145382,8cfu4q4o
1329,1gc1kwey3jf123662,h91knssd
1330,1gc1kwey6jf259008,7z2352sn
1331,1gc1kxc86bf208814,px6amwrw
1332,1gc1kyc87bf185906,l00ls206
1333,1gc2kvcg8dz256073,iucxjhio
1334,1gc2kveg1hz262672,x8os5g94
1335,1gc2kveg3hz159933,2hp7itgo
1336,1gc3czcg1ef176545,3aq1tlho
1337,1gc4k0c84gf121926,slpuxo5y
1338,1gc4k0cgxdf194396,k1zijyr1
1339,1gc4k1e88gf118806,8sjw2u9v
1340,1gc4k1ey0jf149152,eybj38iz
1341,1gccs1445wk226994,5qzgfdyk
1342,1gccsbf92c8121126,v62k301y
1343,1gccsbf97b8118236,9cc64yux
1344,1gcgc24u53z128586,wkkkt7sy
1345,1gcgtben3h1180134,h29pb989
1346,1gcgtce36g1387412,x75ky8ft
1347,1gcgtcen1h1148658,bptxozba
1348,1gcgtcen4h1158648,7xs2blvi
1349,1gcgtcen5j1157983,93ll02pz
1350,1gcgtcen7l1101496,oed058ab
1351,1gcgtcen9h1202076,l4pc13ck
1352,1gchk23204f232462,ilb6knna
1353,1gchk23648f125262,q55wnu9l
1354,1gchsaea3f1218425,72ufe6i5
1355,1gchsaea7f1213972,1bnjvm14
1356,1gchsbea7k1232845,6jn2apc2
1357,1gchtde32g1339478,e9d2iu6j
1358,1gcjc33204f177273,uf65nvhm
1359,1gcncneh5jz302471,fjls1br9
1360,1gcncpex7dz328593,vuj49xqs
1361,1gcpcrec9hf242498,62uar861
1362,1gcptce16h1176629,hnrlpgra
1363,1gcrcpehxfz272176,0mcptl8k
1364,1gcrcrea5dz179299,82eqc58d
1365,1gcsgafx9e1173192,mkqt6h2l
1366,1gcsksea1az121133,zsb8oi25
1367,1gcukrecxhf153500,rmg79i2e
1368,1gcuwded5kz124282,r8h30yoc
1369,1gcuyged0kz114660,h82rronh
1370,1gcuyhel9kz240206,k6wi29qk
1371,1gcvknec1gz396932,ek67htlo
1372,1gcvkneh1gz235878,cseucr9i
1373,1gcvkneh3gz336629,9beqj6gg
1374,1gcvkneh7gz158854,u3wi5c9d
1375,1gcvkpec7gz283370,gje4mfz9
1376,1gcvkrec0gz118434,93fec6j0
1377,1gcvkrec1hz135955,m3uoi73v
1378,1gcvkrec7gz392164,4dzho6d9
1379,1gcvkrec8gz393856,8bubaejr
1380,1gcvkrec8hz169908,j54b1wcf
1381,1gcvkreh3jz272445,5igmy7jf
1382,1gcvkreh7jz295386,rccyb6db
1383,1gcwgaff8h1120366,qa3sxgai
1384,1gcwgaff9g1216490,ooed4tyv
1385,1gcwgafg1k1229638,34ghhyml
1386,1gcwgafg2k1222357,qyz4pgd1
1387,1gcwgafg3k1232427,i4svji62
1388,1gcwgafg4k1252945,eq5cy21k
1389,1gcwgafg5k1221297,rndy8sar
1390,1gcwgafg5k1229335,utesk7ub
1391,1gcwgafg7k1222516,nitfstlh
1392,1gcwgafg9k1240337,kssktl8f
1393,1gcwgafgxk1242467,elrgaqin
1394,1gcwgafgxk1243764,fuakddze
1395,1gkdt13s332100344,faka7qot
1396,1gket16s646227597,7xn018wu
1397,1gkfk03219r252659,ct4a96yb
1398,1gkfk16k5pj701631,trtgamtp
1399,1gkknmls5jz177336,8trk8hs6
1400,1gkknwls6jz133440,d60rotsc
1401,1gkknxls2hz262405,34fln174
1402,1gkknxls3hz174527,46w9lydo
1403,1gkknxls7hz295013,0o5st6zz
1404,1gkkrpedxcj207971,ruyj5ack
1405,1gks2bkc6hr134450,knjlmp1i
1406,1gks2bkc6hr136280,7agza016
1407,1gks2bkc7hr133811,hygc0blk
1408,1gks2gkc0hr323625,9dy06pt3
1409,1gks2gkc2hr327918,gls1s46y
1410,1gks2gkc2hr328793,k8fw87qg
1411,1gks2gkc3hr326762,coeaqqk0
1412,1gks2gkc5hr326410,e4134a9d
1413,1gks2gkc6hr325461,vtzon07f
1414,1gks2gkc6hr326335,10qoxbtz
1415,1gks2gkc6hr327937,npimtm8d
1416,1gks2gkc6hr328389,ti4p6qux
1417,1gks2gkc7hr321306,ybqsj62y
1418,1gks2gkcxhr323969,lyyknfby
1419,1gks2gkcxhr324555,sdp84g5s
1420,1gks2gkcxhr328380,0mz5mx21
1421,1gks2gkcxhr328718,cc8f7bry
1422,1gndt13s632267444,7r07c6qz
1423,1gndt13s632267445,atmlkchr
1424,1gndu23l46d143789,qq0sgbej
1425,1gnerhkw7lj115518,hbjnykrq
1426,1gnet16s156132062,46703ds7
1427,1gnevhkw8jj148388,llo5pw3l
1428,1gnevhkw9kj129253,gaxi299s
1429,1gnfc13j88r167278,lvvfioyo
1430,1gnkrfed3hj217603,ui49x6a8
1431,1gnkrfed7hj307708,btp0qc8m
1432,1gnkrgkd3ej285342,xnkh7h25
1433,1gnkrgkd8fj279098,sl86onlk
1434,1gnkvgkd0hj145877,cryk5eed
1435,1gnkvgkd3ej113338,et6pi1km
1436,1gnkvgkd4hj314704,tpckwx15
1437,1gnkvjedxcj172991,bo158lc7
1438,1gnkvjkd3gj171692,b0c4lpc3
1439,1gnscakc0fr161697,shg2k5jp
1440,1gnscbkc0fr109217,4bfgk6rk
1441,1gnscbkc4lr164829,qv4c85pl
1442,1gnscbkc6gr432916,2bcy5cm2
1443,1gnscbkc6lr159535,x800986t
1444,1gnscbkcxlr162857,lioqoo36
1445,1gnscckc9fr715640,tf7vfeiy
1446,1gnschkc1jr235923,pvo62g9f
1447,1gnschkc1jr387653,ny2rocjb
1448,1gnschkc2kr124931,ujyxjlzx
1449,1gnschkc3hr133923,s1ss6yy2
1450,1gnschkc4hr206149,jva4nlen
1451,1gnschkc5jr280816,0vxz103q
1452,1gnschkc6jr106222,2l6wbzg6
1453,1gnschkc6jr269601,26t5k9js
1454,1gnschkc9kr201844,a8obu740
1455,1gnschkc9kr204131,vvrn94nh
1456,1gnskbe03br198151,7xm9645u
1457,1gnskbkc0kr335691,me4hd106
1458,1gnskbkc1kr164515,qvricmhc
1459,1gnskbkc6hr132085,celxujaw
1460,1gnskbkc9jr370082,hplics7s
1461,1gnskbkc9kr143993,kqnom5rn
1462,1gnskckc5fr181703,elltjpoh
1463,1gnskckc9gr424401,zaxcqtfm
1464,1gnskhkc1kr203879,1q7tnofs
1465,1gnskhkc2kr158368,ob8lyawf
1466,1gnskhkc5jr243896,miq2gqfu
1467,1gnskhkcxkr139079,b3kuw0fm
1468,1gnskhkcxkr288236,a8etqvuo
1469,1gnskhkcxkr306962,2n0s7svy
1470,1gt120c83bf236190,0ridvcre
1471,1gt120cg5bf167316,7fwys63u
1472,1gt12seg2jf255666,0k62ix53
1473,1gtgg25k391106224,343earqz
1474,1gtr2uea3bz242502,19c2x27j
1475,1gtr2ve74cz121991,81s1ukl4
1476,1gtu9fel6kz311976,erkgoh5v
1477,1gyknbrs8hz257399,6um7ed4i
1478,1gyknbrsxhz114969,7pb5qx3w
1479,1gykndrs1hz125239,vhfwpjql
1480,1gyknfrs3kz252626,l4txn6jz
1481,1gys4ckj7hr359884,1xee7mne
1482,1gys4tkj0fr538846,sdil4ear
1483,1hd1krm1xgb609213,iynt6xac
1484,1hgcm56363a030975,1o2045xr
1485,1hgcr2f55ha080596,1vvfdvqh
1486,1hgct1b89ha002933,phc7t59y
1487,1j4ft48s01l590080,4klh6jju
1488,1j4gw58s4xc558310,706ko00n
1489,1lnhm87a25y619997,sz8o5zbd
1490,1n4al3ap6fc102604,blg5voa8
1491,1n6aa1ej3jn519666,nwe5ye50
1492,1q87t3n166389,vb939pbs
1493,1xp4d49x1cd144875,rro6rbyh
1494,1xp4d49x9cd123630,s5oqgs86
1495,1xp7d49x09d784257,7vb64cae
1496,1xp7d49x0ad793710,qm0cbo5d
1497,2a8hr54px8r787529,7hcvqxa8
1498,2b3ka43g67h630568,q34otvzk
1499,2b3ka43g87h836300,nfew05i6
1500,2b3lj54t49h509675,argip94l
1501,2c3ccabg5hh538726,4ftcy83m
1502,2c3ccabgxkh559658,b1asmqxa
1503,2c3ccaeg0kh555632,475bm70t
1504,2c3ccaeg5kh585628,qy8x8436
1505,2c3ccakg4kh594972,qjzb85kr
1506,2c3ccakg6kh578112,zq9r0lcl
1507,2c3ccakg8jh168457,lz27e53n
1508,2c3cdxbg0jh187083,lzktrysd
1509,2c3cdxbg0kh753132,djmrehzj
1510,2c3cdxbg1eh268115,vji05n6u
1511,2c3cdxbg3eh170784,flsqqixc
1512,2c3cdxbg5eh300547,frhi0tue
1513,2c3cdxbg5hh642083,2jlr58n7
1514,2c3cdxbg8kh658222,0hx2akj6
1515,2c3cdxbg9eh266032,2x0oe7sa
1516,2c3cdxbgxjh273288,c5sbjwsb
1517,2c3cdxbgxkh707467,uz1bc5e2
1518,2c3cdxct1jh233225,uz44bf8e
1519,2c3cdxct3eh230364,au6jcgo0
1520,2c3cdxct3gh355660,kyknbi88
1521,2c3cdxct7kh608441,xl5itmd0
1522,2c3cdxct8jh197730,q1awwef8
1523,2c3cdxctxhh618731,xifhancq
1524,2c3cdxej6ch170654,wu4wyjs4
1525,2c3cdxhg0kh608762,0u48b221
1526,2c3cdxhg2kh608648,5o149m47
1527,2c3cdxhg4gh237287,a0vs1qca
1528,2c3cdxhg6kh598321,ns66itkz
1529,2c3cdxhg6kh611276,jlzp1tho
1530,2c3cdxhgxjh125388,6gldv6b9
1531,2c3cdxhgxkh527140,k5ikwrfb
1532,2c3cdxjg0gh303988,x8aypf26
1533,2c3cdxjg0kh682158,53x6eb3a
1534,2c3cdxjg1jh292507,137e5xaa
1535,2c3cdxjg1kh630912,em62hgp6
1536,2c3cdxjg1kh658953,7exliu0x
1537,2c3cdxjg2kh630921,b3eeejmn
1538,2c3cdxjg2kh658962,w1f3hsd0
1539,2c3cdxjg4jh292503,vuv6ifa2
1540,2c3cdxjg6jh182178,f2snbo3s
1541,2c3cdxjg6jh224431,3hisly23
1542,2c3cdxjg6kh630954,ix114id3
1543,2c3cdxjg7jh189253,gfcn6k0h
1544,2c3cdxjg8kh527857,shp9l54t
1545,2c3cdxjgxjh222262,cuh7858u
1546,2c3cdxl92gh285329,1igi7o3z
1547,2c3cdyag1eh311262,abxaahla
1548,2c3cdyag3eh213138,qc8azszo
1549,2c3cdyag3eh251064,n60ufm8x
1550,2c3cdyag6eh133624,8rfuaku2
1551,2c3cdyag9dh607919,y3atqtw9
1552,2c3cdyag9eh126828,dmertljd
1553,2c3cdyag9eh313809,s9i4i5mn
1554,2c3cdybt1eh270465,knymc0i7
1555,2c3cdybt2eh298212,pe5z2p4k
1556,2c3cdybt3eh115268,728e4c89
1557,2c3cdybt3eh136783,bj6buh18
1558,2c3cdybt5eh217218,kb0cdxdx
1559,2c3cdybt6eh111229,t091xmwt
1560,2c3cdybt9eh143592,g730eo9k
1561,2c3cdybt9eh247614,k60e2yuw
1562,2c3cdzag1jh288453,ztgpcd3e
1563,2c3cdzag1kh656275,yewmxtcp
1564,2c3cdzag2kh656320,szcf18sd
1565,2c3cdzag3jh242672,cn2j2dm8
1566,2c3cdzag4gh309689,owoabsq0
1567,2c3cdzag4jh302832,4b403ky0
1568,2c3cdzag4kh686869,gloc72w1
1569,2c3cdzag5jh245542,e1bc805v
1570,2c3cdzag6kh668955,dr2q6wq6
1571,2c3cdzag7jh321665,3y20qn53
1572,2c3cdzag8jh321934,7e8fx8g9
1573,2c3cdzag9kh617109,titphri3
1574,2c3cdzag9kh642088,7w4lwoo9
1575,2c3cdzagxkh583746,3q43l3nc
1576,2c3cdzbt4gh325869,q1f8xdk9
1577,2c3cdzbt4kh578392,1ovu6wwc
1578,2c3cdzbt8kh705158,7jlx25w9
1579,2c3cdzc90fh834388,5qw06fo5
1580,2c3cdzc95fh757310,pi0dumy4
1581,2c3cdzc98hh553913,lo594p1t
1582,2c3cdzc99fh713682,n5kpcqd5
1583,2c3cdzfj5hh650508,r78ltkv3
1584,2c3cdzfj8fh877821,uyw6p7cx
1585,2c3cdzfj8gh351982,7paphwrs
1586,2c3cdzgg1kh712965,4y4en31j
1587,2c3cdzgg2kh594165,mam6cdrw
1588,2c3cdzgg5kh709017,bgzhzkft
1589,2c3cdzggxkh532268,qkxxomly
1590,2c3cdzl97kh518237,whqpaobp
1591,2c3hd46r3yh208325,jc6omp27
1592,2c3ja43r35h179032,czip656a
1593,2c4rc1cg5hr616095,2oagvlk6
1594,2c4rc1eg2hr669530,0kcnwrql
1595,2c4rc1fg5lr143335,14jpuewi
1596,2c4rc1gg3kr730663,taoyv94u
1597,2c4rc1gg4hr635019,fykbhc8f
1598,2c4rdgbg2gr345223,94ia8wzx
1599,2c4rdgbg6dr505681,603z4qe1
1600,2c4rdgbg8dr566594,cfnvj5wy
1601,2c4rdgbgxkr624069,3hif5qva
1602,2c4rdgcg0jr241626,xxoaup3s
1603,2c4rdgcg0kr798456,tf1eji82
1604,2c4rdgcg1kr761805,nvzs9w8e
1605,2c4rdgcg2jr205677,6om364ob
1606,2c4rdgcg2jr218218,1g8c7iqe
1607,2c4rdgcg3er266428,ycri50ss
1608,2c4rdgcg3hr864989,ui2jsvio
1609,2c4rdgcg3jr364854,35hymwn7
1610,2c4rdgcg3kr514530,cffabah4
1611,2c4rdgcg3kr747548,gydw0l1h
1612,2c4rdgcg3kr753690,esqd8xix
1613,2c4rdgcg4gr384748,n6cvprc4
1614,2c4rdgcg5kr518563,udxypkan
1615,2c4rdgcg8jr208468,1ksail2w
1616,2c4rdgcg8jr327542,hif85vhg
1617,2c4rdgcg9er400696,jol6ytsu
1618,2c4rdgcg9hr818437,zjhctkdm
1619,2c4rdgcg9kr578507,0vtn4u5t
1620,2c4rdgcgxkr747353,jqfud1df
1621,2c4rdgcgxkr751032,6f5lhz67
1622,2c4rdgdg0kr571878,h3xvhuzq
1623,2c4rdgeg0kr557123,cu8mlvy2
1624,2c4rdgeg1hr716871,1w8ecjyu
1625,2c4rdgeg1kr664259,1fu3ravj
1626,2c4rdgeg2kr724727,fwxv1g2l
1627,2c4rdgeg4kr682965,4ekbaplj
1628,2c4rdgeg5jr147562,tt5aa4gx
1629,2c4rdgeg5jr337118,1utfca84
1630,2c4rdgeg5kr563175,ga6bel5b
1631,2c4rdgeg6jr205887,hsxlwi0r
1632,2c4rdgeg6kr578882,ilns0idp
1633,2c4rdgeg7kr743175,e5f5ugi2
1634,2c4rdgeg8hr632871,m327kgnf
1635,2c4rdgeg8jr337145,v3bzl3vp
1636,2c4rdgeg9hr852858,03dw8pvm
1637,2c4rdgeg9jr237989,0gu1yfxo
1638,2c4rdgeg9kr529238,h79dqmao
1639,2c4rdgegxjr331914,k1zzyjsh
1640,2c4rdgegxjr339012,7ubkcir7
1641,2c4rdgegxkr599122,3s1rhz72
1642,2cnaldec6b6382868,ucd76x3r
1643,2cnbj13c316958216,l9smw0ig
1644,2cnfleec9b6313197,wku8rs0h
1645,2cnflnew5a6355858,m9fp9ys2
1646,2d8hn44h88r669549,38yhn5ix
1647,2fmda5143wba16791,w4fudcxj
1648,2fmdk3gc0bbb23680,gu1lffha
1649,2fmdk3gc4bbb02217,lo5qwpk9
1650,2fmhk6c81kba19848,vaasn892
1651,2fmhk6c85kba19710,8mf14vwx
1652,2fmhk6c88kba19846,qj1au56g
1653,2fmhk6c89gba05297,1jp8wcqd
1654,2fmhk6d80kba19788,o70so3sb
1655,2fmhk6dt1kba21554,gbriiquq
1656,2fmhk6dt1kba21571,5i8q8hwm
1657,2fmhk6dt2kba19683,apl8oq7g
1658,2fmhk6dt2kba21630,0dxrgzui
1659,2fmhk6dt5kba19693,7jgdz3is
1660,2fmhk6dt7kba19548,a4wwpdxs
1661,2fmhk6dt9kba19695,9jpfr1ns
1662,2fmpk3g96gbc42228,vdcg5enw
1663,2fmpk3j84hbc09276,kc3hg395
1664,2fmpk3j85hbb79415,cu6dic34
1665,2fmpk3j92hbc12542,ipo76oh3
1666,2fmpk3j95hbb73607,ljaxa3d2
1667,2fmpk3j98gbb59781,t597036c
1668,2fmpk3j9xhbb56401,r55gg5ea
1669,2fmpk3k80gbc65759,mmxajiya
1670,2fmpk3k95gbb76939,rmwzi72x
1671,2fmpk4g97gbc51848,b8vrdd9o
1672,2fmpk4j87hbb21750,gtcsqjgi
1673,2fmpk4k96hbb16692,pbo5xjpe
1674,2ftcf15y9eca14589,kvia3api
1675,2g1105s3xj9121918,wac5amr5
1676,2g1115s37g9109571,u368elk4
1677,2g1145s39g9185641,yslo0y27
1678,2g11z5s30k9137729,nfm44gwj
1679,2g11z5s33k9132248,7mfvxfgi
1680,2g11z5s37k9134455,fnheu33q
1681,2g11z5sa5k9140950,5hje5cqu
1682,2g11z5sa8k9139310,bvompfur
1683,2g11z5saxk9120208,uw98k99l
1684,2g1fb3ddxb9212618,2cz1o4ez
1685,2g1fc3d32d9188287,tsf1caz9
1686,2g1ff1e3xf9185411,y9zvse55
1687,2g1fk1ejxa9163850,pb2y29eh
1688,2g1wb58kx81220813,4ydb0nb5
1689,2g4wc582961163677,mcjnwlw1
1690,2gcec19h8s1195266,6zs9vhwe
1691,2gcrcpec4k1155751,cu9reksx
1692,2gcvkpec1k1124569,owikoddw
1693,2gcvkpec4k1105269,634knbiv
1694,2gkfltek2h6218025,5bxhv6pv
1695,2gkfltek2h6317685,pduh0rpw
1696,2gkfltek3h6256220,pwx5txuv
1697,2gkfltek8h6226257,01511t4m
1698,2gkfltek8h6338184,h99sfk0t
1699,2gkfluek3h6232330,qloss0ci
1700,2gkfluek6h6317310,ca579run
1701,2gnalbek5f1140499,0q8xp4p3
1702,2gnalcek6h6288804,qnxt4eci
1703,2gnalcek6h6289807,60o0io86
1704,2gnalcek7h1548351,pmluq9sk
1705,2gnaldek2h1500410,sfv6617w
1706,2gnaldek7g6323080,q3886ujq
1707,2gnaxhev8k6108774,ke1m34r0
1708,2gnaxjev9j6276848,xl2h6yw6
1709,2gnaxkev1k6296972,0nql5dg0
1710,2gnaxkev2k6183550,10qvq7o7
1711,2gnaxkev6k6186886,f5dgkcbi
1712,2gnaxkev6l6128374,t1tyf37z
1713,2gnaxkev7k6197637,x5kpigqd
1714,2gnaxkevxk6199639,rbjotau5
1715,2gnaxsev1j6218321,xq26squp
1716,2gnaxsevxj6292207,pw9kzpop
1717,2gnaxuev0k6196714,98b43hnl
1718,2gnaxuev3k6169765,k1l7md4r
1719,2gnaxuev8k6190062,qmsk36gp
1720,2gnfleek2h6351253,qt9qr2wi
1721,2gnflfek3h6341370,ip5goak0
1722,2gnflfek3h6342356,m8v785ib
1723,2gnflfek4h6351292,opjmp788
1724,2gnflfek5e6237636,j2k46rrp
1725,2gnflfek5h6341662,7o8z2eu8
1726,2gnflfek5h6351639,8k079zvh
1727,2gnflfek7h6351433,i2ms0wjs
1728,2gnflfek8h6350288,iqxfgglf
1729,2gnflhe33f6214023,y9id8dyr
1730,2gtv2mecxk1173011,hc0wls1p
1731,2hgfc2f52hh522914,iu3ugjtg
1732,2hkrm3h45gh513861,6f57p2bp
1733,2lmpj6l91kbl31468,fw93dbj4
1734,2t2bzmca4hc087456,ldo6fo4p
1735,3c4njcbbxkt664931,eo6pfvr7
1736,3c4njccb0kt676343,i57i74s5
1737,3c4njccb3kt676336,kf2nlzej
1738,3c4njccb4kt662767,yp06truk
1739,3c4njccb7kt660088,loqairo2
1740,3c4njdcb3kt659526,n3obj94r
1741,3c4njddb0kt686052,5hgm5n2s
1742,3c4njddb7kt682015,gvph5rwc
1743,3c4pdcab0ht524414,f2ohin2e
1744,3c4pdcab0jt444388,44twkiz4
1745,3c4pdcab0jt474412,ldbctqlu
1746,3c4pdcab2ft637813,mr6847k1
1747,3c4pdcab2jt216649,0qkhphre
1748,3c4pdcab6jt273002,6vs81w9a
1749,3c4pdcab7gt103739,gasoerzl
1750,3c4pdcab8ht507652,delji4vy
1751,3c4pdcab8jt166940,l9rx33mz
1752,3c4pdcab8jt384019,1l0uj16k
1753,3c4pdcabxht695526,3s8rptb9
1754,3c4pdcabxjt311007,5d7iih50
1755,3c4pdcbb1jt319818,fsetnwy4
1756,3c4pdcbb9gt181387,sc5dsb2c
1757,3c4pdcbg0ht518476,4q9vn0q0
1758,3c4pdcdg6ct146745,bqdgnmus
1759,3c4pdceg4kt716822,bsljs4nk
1760,3c4pdcgb7ft597655,k7kikefu
1761,3c4pdcgb7ht525941,ny156lht
1762,3c4pdcgg0kt783155,iq0sa62m
1763,3c4pdcgg0kt809995,1xndotzf
1764,3c4pdcgg1jt257213,f875fy1x
1765,3c4pdcgg2jt378879,38iblkap
1766,3c4pdcgg2kt803633,ohjrq0q0
1767,3c4pdcgg4kt707549,wsyayqvb
1768,3c4pdcgg5jt346413,9jy866al
1769,3c4pdcgg9jt216280,3j00rbcd
1770,3c4pdcgg9jt352215,4bvamqa3
1771,3c4pdcgg9kt700676,8p3a3apk
1772,3c4pddbg3kt708835,7o7eewh9
1773,3c4pddbg6dt605945,jcib91xg
1774,3c4pddbg6ht592197,qshxhysl
1775,3c4pddeg4ht608652,bamrtnd9
1776,3c4pddeg4kt738776,7d7s1uni
1777,3c4pddeg7ht595704,9hydubt5
1778,3c4pddeg9ht565166,wb7ogqgv
1779,3c4pddfg9dt523590,aw5p5d31
1780,3c4pddgg1jt523058,lblxbe8l
1781,3c4pddgg5ht702827,vdypi3zx
1782,3c4pddgg6ht556180,ax1ry2b8
1783,3c6jd6dtxcg183219,x5bqvv4z
1784,3c6ud5dl9cg338415,g2ip0y36
1785,3d73y4clxbg535425,o89clzzf
1786,3d7ks28c15g771945,4zy92r9e
1787,3fa6p0g73hr140652,uzw603tu
1788,3fa6p0h71fr180238,q0838gw1
1789,3fa6p0h73hr358945,vm5cm8ox
1790,3fa6p0h74dr270819,cqdzb88f
1791,3fa6p0h75hr150081,4bqmwmho
1792,3fa6p0hd2hr178393,4enyc346
1793,3fa6p0hd3hr199785,hr741bw0
1794,3fa6p0hd7hr273550,zi20ja5i
1795,3fa6p0hd8hr305132,247ating
1796,3fa6p0hdxfr241138,xv5bc66c
1797,3fa6p0hdxfr258523,cdcc5x47
1798,3fa6p0k93hr257687,56jwybxr
1799,3fa6p0lu4hr246569,kkxht7qs
1800,3fa6p0luxhr231039,3rj5hqgs
1801,3fa6p0ru0kr211641,yzh20h6t
1802,3fa6p0ruxkr244131,b3c0pomo
1803,3fadp4bj4km123235,0dsha8xk
1804,3fadp4bj7km123231,ref9w2g1
1805,3fadp4bjxkm123238,n7p18jsy
1806,3fafp37372r151014,xlz0gen1
1807,3fahp06z07r118828,9nefqapc
1808,3fahp0ga3ar366961,jt7gqsj6
1809,3fahp0ha5cr389742,djkzf6yr
1810,3fahp0ha6ar187697,le11yd06
1811,3g1be6sm0hs561566,13cx2kbx
1812,3gcpcpeh2eg231868,qgu8cx0w
1813,3gcpcrec2jg473991,uvx7421e
1814,3gcpcrec6gg235750,7pepe6c1
1815,3gcpcreh4eg204053,3ms0c0op
1816,3gcpcse09dg282246,gr6omogd
1817,3gcpwaef0kg291601,04akhfkn
1818,3gcrkse37af234620,1bj35jsv
1819,3gcrkse37ag234620,6n6z2bhn
1820,3gcuknec6gg150809,7upx4v3w
1821,3gcuknec9gg224336,gxv91ymw
1822,3gcuknec9gg342967,h357a3yi
1823,3gcukrec0gg380000,41zglzcx
1824,3gcukrec0hg249327,17q9o6nq
1825,3gcukrec0jg176059,2dxzt5t4
1826,3gcukrec2eg226031,cq0sth0d
1827,3gcukrec2jg216609,qb34azh1
1828,3gcukrec3hg429109,p8ctvfsk
1829,3gcukrec4gg223800,hx1gxe27
1830,3gcukrec4hg196549,omcqj3zv
1831,3gcukrec4jg204915,pgqy12m3
1832,3gcukrec5gg277008,ldcekwok
1833,3gcukrec5gg383569,j3bqw4pv
1834,3gcukrec6eg373324,um8bc8oe
1835,3gcukrec6hg356561,srh4wggp
1836,3gcukrec7hg170656,d70v12dj
1837,3gcukrecxhg319917,kalmbeqp
1838,3gcukreh0jg303596,meursvps
1839,3gcukreh2jg284677,ge9qssap
1840,3gcuksec0hg271643,l2xjr3n5
1841,3gcuksec3gg369662,e1cco0m2
1842,3gcuksec3hg222744,vflslv0s
1843,3gcuksec6fg382971,r9rjm1bi
1844,3gcuksec6gg284475,th38obt1
1845,3gcuksej3fg195122,nkgai01u
1846,3gcuksej4eg356687,xaqr1yfm
1847,3gcuksej6hg353147,k9joow2k
1848,3gcuktec5gg350066,vhj3r4ro
1849,3gcuktec6hg222226,jana24zx
1850,3gcuktej3hg475034,n5uow5rp
1851,3gnal3ek3ds630172,688mcpf7
1852,3gnaxkev2ll125886,wrrj8cf6
1853,3gnaxuev8ks588177,30f8sjby
1854,3gncjksb6hl148082,6rf6kmtv
1855,3gncjksbxll181398,nr117rzo
1856,3gncjlsb1ll142267,30nbo76d
1857,3gncjlsb4ll149763,jvwz64p5
1858,3gncjnsb1gl264970,x48xr2lc
1859,3gnek12t74g240524,gceg6z9f
1860,3gnfk12387g179905,ipn7pm49
1861,3gnfk16307g310044,aprapiun
1862,3gntkge3xbg398052,ejqhogfa
1863,3gyfnae36gs538333,9db9orsy
1864,3gyfnee39fs587810,nk79wrh3
1865,3kpc24a34ke050725,eaea6n9y
1866,3kpfk4a77je198723,kghd2g1r
1867,3kpfl4a79je272611,dl4ozt7l
1868,3n1ab7ap0hy260843,onr57g5p
1869,3n1ab7ap0hy315498,v7a1pmjt
1870,3n1ab7ap1hl639346,e8uxute0
1871,3n1ab7ap1hy310259,qiy25znf
1872,3n1ab7ap2jy244200,7wijorzy
1873,3n1ab7ap5hy411143,buvkgn4c
1874,3n1ab7ap5jy293102,602yq0ni
1875,3n1ab7ap6hy249992,6txwzfmp
1876,3n1ab7ap7hy223787,4k5hlu6b
1877,3n1ab7apxhy232807,5mz52n0n
1878,3n1ab7apxhy302645,vfmi4y56
1879,3n1cn7ap5jl872135,zgfnd06j
1880,3n1cn7ap5jl882275,d5943yl4
1881,3n63m0yn5fk720622,y8ontz8r
1882,3n63m0yn6hk696088,q97h3jkd
1883,4jgda5gb4kb204919,i8e1znnv
1884,4jgda5hb2fa567147,51tkzbl8
1885,4jgda5jbxjb046383,x24n7s22
1886,5fnrl5h65gb151898,i71y8dgq
1887,5fnrl5h96fb012419,sm7kpbid
1888,5fnyf4h26fb052452,wok5ssj0
1889,5fnyf4h99ab034386,uigk2buq
1890,5fryd3h20eb002546,41phyd88
1891,5gaevbkw8kj293388,80p78uth
1892,5gakrckdxhj113512,8d03mo20
1893,5gakvbkd8gj196085,pqyjsxna
1894,5gakvckd2hj308564,m3qcnhi1
1895,5gakvckd5hj216221,latyz3tu
1896,5j6rw1h81hl005542,k3dome0y
1897,5j8tb18578a010979,l59vd428
1898,5n1at2mn5gc894272,nse9u7st
1899,5n1at2mv4hc773816,ygx7muhk
1900,5n1dl0mm1kc552741,xdhnl0aj
1901,5n1dl0mm2kc556913,9bmjbtti
1902,5n1dl0mm3kc557634,zetkqxpf
1903,5n1dl0mm9kc550722,6h9l5brl
1904,5n1dl0mm9kc556522,76xtxq1o
1905,5npd84lf5kh403222,55aen1wx
1906,5npd84lf6hh128808,anowm7fj
1907,5npd84lf6kh456317,7qafd3ib
1908,5npdh4ae0eh480157,anmhlwcc
1909,5npdh4ae3fh644096,1piu1fze
1910,5npeb4ac2ch437716,gtu5r9vo
1911,5sfbg3524be216811,vnpibbqq
1912,5sfbg3823ae204868,s5a9iak0
1913,5sfgf29269e031344,idy774nd
1914,5sfnb2425ce237109,1f0m8v4a
1915,5sfpb3326je365727,xusxs19v
1916,5uxwx7c3xh0u44145,oqpnencx
1917,5uxwx9c51h0t09021,6j74kofh
1918,5uxwx9c57d0a24286,o8rwkpwt
1919,5xypg4a59lg616029,trzf6am8
1920,5xypgda39hg262132,yhggceb0
1921,5xypgda51hg221253,zhkul8r6
1922,5xypgda59hg292944,oejk59oq
1923,5xyphda50hg232046,lp7qygd3
1924,5xypkda50hg299327,9f58s5ni
1925,5ymkt6c37h0x20696,bh5z4hw1
1926,8btpe7dd4ge127040,n4o59u2e
1927,jhmze2h34es000337,ncerdeoy
1928,jm1dkbd74g0123647,2jdbkccw
1929,jm3er293590215768,heogl48r
1930,jn1by1ar7gm271292,s3pexvmg
1931,jn8az2ne0k9233910,e1hssqdw
1932,jn8az2ne8k9236456,ma2xqrxs
1933,jn8az2ne9k9229368,bzg88hsw
1934,jn8az2nexk9236037,5boa7tst
1935,jn8az2nexk9236071,hzliy0pk
1936,jn8az2nf9k9685086,ng2jwju2
1937,jtezu11f88k007763,9x2vk7e3
1938,jtjam7bx4l5251250,pen6px5t
1939,kl1td66e39b645208,8rdud5dr
1940,kl4cj1sb6jb688844,p8x43hcw
1941,kl4cjbsb4gb700424,4jjyq1mk
1942,kl4cjcsb1hb024411,jskuxnn9
1943,kl7cjpsb3gb750120,keujfts9
1944,kl7cjpsbxjb710284,ywexfj0u
1945,kl7cjrsb9gb542870,zzgzpc02
1946,kl8cb6sa3jc459211,dzrr9anp
1947,km8j23a44ku882752,2j1i3k2h
1948,km8j23a45ku893842,okyukbvi
1949,km8j23a4xku846404,pqtazks6
1950,km8j33a49ku860727,wamcw619
1951,km8jucag9fu984199,a32kcyzo
1952,km8k12aa0ku242609,ae005xk2
1953,kmhd84lf4ku746279,iyzwmld1
1954,kmhd84lf5hu191402,pcxq1w36
1955,knafg525787197602,slu1rl1v
1956,knagm4a75d5378293,3k3wpxd2
1957,kndjp3a55k7006351,r0kxnbbw
1958,kndjx3ae3g7012477,k2tty435
1959,kndpn3ac7h7113313,u2baf7e4
1960,nm0ls7e76h1312963,ivi3a3xl
1961,nm0ls7e79h1312701,p25fxnm6
1962,sajbd4fx6kcy78964,0kv6xhmv
1963,salcp2rx0jh740860,rj9ctu7j
1964,salcp2rx6jh739311,jr9fi8wt
1965,salcp2rx7jh741147,0ueo1q01
1966,salrr2rk0ja052195,yz5oc9k6
1967,wa1by74l38d010163,0uh3zm23
1968,wa1l2afpxha049370,26s2qipr
1969,waudg74f05n113751,ncct0jmg
1970,wba3b5g54ens10419,kaunve4m
1971,wba3d5c51ekx97650,rhs8yblm
1972,wba4f9c51hg439932,m01qt2ru
1973,wba7e2c58hg739412,hbhu6l0j
1974,wba7f2c55gg415264,r9zypkob
1975,wba7f2c57gg419607,acuqieyu
1976,wba7f2c57gg421020,rdbo36pp
1977,wba7f2c58gge12300,0zxdon0i
1978,wba7t2c04lgl17687,p3kb1yb1
1979,wbaam3346yfp77118,yhgpj0kt
1980,wbaja7c31hg905802,zniezllu
1981,wbaph7g58bnn05983,6k243c8c
1982,wbawb33548p132854,798in7db
1983,wd4pe7dd1gp253504,7eooxanr
1984,wdc0g4jb4jv097463,csxui622
1985,wddhf5kbxfb099457,4c5qemn9
1986,wddjk7ea3hf044968,yxet9a7t
1987,wddwk4jb2jf613298,1h6xds7h
1988,wddzf4jb6ha277485,teoqqqtt
1989,wf0dp3th0g4113219,olad4p0q
1990,wuac6bfr0fa901212,eia1rgwk
1991,zam57xslxh1248775,ny1e66ja
